<gpx xmlns:ns3="http://www.garmin.com/xmlschemas/TrackPointExtension/v1" xmlns="http://www.topografix.com/GPX/1/1" xmlns:xsi="http://www.w3.org/2001/XMLSchema-instance" xmlns:ns2="http://www.garmin.com/xmlschemas/GpxExtensions/v3" creator="Garmin Connect" version="1.1" xsi:schemaLocation="http://www.topografix.com/GPX/1/1 http://www.topografix.com/GPX/11.xsd">
  <extensions>
<distance>5147.06</distance>
<average_hr>149.0</average_hr>
<average_speed>2.385999917984009</average_speed>
<start_time>2026-07-27T11:52:30+00:00</start_time>
<end_time>2026-07-27T12:28:27.368000+00:00</end_time>
<moving_time>2155.496</moving_time>
<elapsed_time>2157.368</elapsed_time>
</extensions>
<metadata>
    <link href="connect.garmin.com">
      <text>Garmin Connect</text>
    </link>
    <time>2026-07-27T11:52:30.000Z</time>
  </metadata>
  <trk>
    <name>杭州市 跑步</name>
    <type>running</type>
    <trkseg>
      <trkpt lat="30.2754203416407108306884765625" lon="120.20685276947915554046630859375">
        <ele>11.80000019073486328125</ele>
        <time>2026-07-27T11:52:33.000Z</time>
        <extensions>
          <ns3:TrackPointExtension>
            <ns3:hr>125</ns3:hr>
            <ns3:cad>0</ns3:cad>
          </ns3:TrackPointExtension>
        </extensions>
      </trkpt>
      <trkpt lat="30.27546199969947338104248046875" lon="120.2068917453289031982421875">
        <ele>11.80000019073486328125</ele>
        <time>2026-07-27T11:52:34.000Z</time>
        <extensions>
          <ns3:TrackPointExtension>
            <ns3:hr>125</ns3:hr>
            <ns3:cad>0</ns3:cad>
          </ns3:TrackPointExtension>
        </extensions>
      </trkpt>
      <trkpt lat="30.27546199969947338104248046875" lon="120.2068917453289031982421875">
        <ele>11.80000019073486328125</ele>
        <time>2026-07-27T11:52:35.000Z</time>
        <extensions>
          <ns3:TrackPointExtension>
            <ns3:hr>125</ns3:hr>
            <ns3:cad>0</ns3:cad>
          </ns3:TrackPointExtension>
        </extensions>
      </trkpt>
      <trkpt lat="30.27547113597393035888671875" lon="120.20687556825578212738037109375">
        <ele>11.80000019073486328125</ele>
        <time>2026-07-27T11:52:36.000Z</time>
        <extensions>
          <ns3:TrackPointExtension>
            <ns3:hr>125</ns3:hr>
            <ns3:cad>68</ns3:cad>
          </ns3:TrackPointExtension>
        </extensions>
      </trkpt>
      <trkpt lat="30.27547113597393035888671875" lon="120.20687556825578212738037109375">
        <ele>11.6000003814697265625</ele>
        <time>2026-07-27T11:52:37.000Z</time>
        <extensions>
          <ns3:TrackPointExtension>
            <ns3:hr>125</ns3:hr>
            <ns3:cad>0</ns3:cad>
          </ns3:TrackPointExtension>
        </extensions>
      </trkpt>
      <trkpt lat="30.27546434663236141204833984375" lon="120.206852518022060394287109375">
        <ele>11.3999996185302734375</ele>
        <time>2026-07-27T11:52:38.000Z</time>
        <extensions>
          <ns3:TrackPointExtension>
            <ns3:hr>124</ns3:hr>
            <ns3:cad>0</ns3:cad>
          </ns3:TrackPointExtension>
        </extensions>
      </trkpt>
      <trkpt lat="30.275486893951892852783203125" lon="120.20682862959802150726318359375">
        <ele>11.3999996185302734375</ele>
        <time>2026-07-27T11:52:39.000Z</time>
        <extensions>
          <ns3:TrackPointExtension>
            <ns3:hr>124</ns3:hr>
            <ns3:cad>0</ns3:cad>
          </ns3:TrackPointExtension>
        </extensions>
      </trkpt>
      <trkpt lat="30.2755118720233440399169921875" lon="120.206829719245433807373046875">
        <ele>11.3999996185302734375</ele>
        <time>2026-07-27T11:52:40.000Z</time>
        <extensions>
          <ns3:TrackPointExtension>
            <ns3:hr>125</ns3:hr>
            <ns3:cad>85</ns3:cad>
          </ns3:TrackPointExtension>
        </extensions>
      </trkpt>
      <trkpt lat="30.27552838437259197235107421875" lon="120.20683650858700275421142578125">
        <ele>11.3999996185302734375</ele>
        <time>2026-07-27T11:52:41.000Z</time>
        <extensions>
          <ns3:TrackPointExtension>
            <ns3:hr>126</ns3:hr>
            <ns3:cad>85</ns3:cad>
          </ns3:TrackPointExtension>
        </extensions>
      </trkpt>
      <trkpt lat="30.2755340002477169036865234375" lon="120.20684924907982349395751953125">
        <ele>11.3999996185302734375</ele>
        <time>2026-07-27T11:52:42.000Z</time>
        <extensions>
          <ns3:TrackPointExtension>
            <ns3:hr>127</ns3:hr>
            <ns3:cad>85</ns3:cad>
          </ns3:TrackPointExtension>
        </extensions>
      </trkpt>
      <trkpt lat="30.27553827501833438873291015625" lon="120.20682008005678653717041015625">
        <ele>11.6000003814697265625</ele>
        <time>2026-07-27T11:52:43.000Z</time>
        <extensions>
          <ns3:TrackPointExtension>
            <ns3:hr>129</ns3:hr>
            <ns3:cad>85</ns3:cad>
          </ns3:TrackPointExtension>
        </extensions>
      </trkpt>
      <trkpt lat="30.27556157670915126800537109375" lon="120.20681421272456645965576171875">
        <ele>11.6000003814697265625</ele>
        <time>2026-07-27T11:52:44.000Z</time>
        <extensions>
          <ns3:TrackPointExtension>
            <ns3:hr>129</ns3:hr>
            <ns3:cad>85</ns3:cad>
          </ns3:TrackPointExtension>
        </extensions>
      </trkpt>
      <trkpt lat="30.27558236382901668548583984375" lon="120.20679879002273082733154296875">
        <ele>11.3999996185302734375</ele>
        <time>2026-07-27T11:52:45.000Z</time>
        <extensions>
          <ns3:TrackPointExtension>
            <ns3:hr>129</ns3:hr>
            <ns3:cad>87</ns3:cad>
          </ns3:TrackPointExtension>
        </extensions>
      </trkpt>
      <trkpt lat="30.27561069466173648834228515625" lon="120.206792838871479034423828125">
        <ele>11.3999996185302734375</ele>
        <time>2026-07-27T11:52:46.000Z</time>
        <extensions>
          <ns3:TrackPointExtension>
            <ns3:hr>129</ns3:hr>
            <ns3:cad>87</ns3:cad>
          </ns3:TrackPointExtension>
        </extensions>
      </trkpt>
      <trkpt lat="30.27562662027776241302490234375" lon="120.20678487606346607208251953125">
        <ele>11.3999996185302734375</ele>
        <time>2026-07-27T11:52:47.000Z</time>
        <extensions>
          <ns3:TrackPointExtension>
            <ns3:hr>129</ns3:hr>
            <ns3:cad>87</ns3:cad>
          </ns3:TrackPointExtension>
        </extensions>
      </trkpt>
      <trkpt lat="30.27565880678594112396240234375" lon="120.2067806012928485870361328125">
        <ele>11.19999980926513671875</ele>
        <time>2026-07-27T11:52:48.000Z</time>
        <extensions>
          <ns3:TrackPointExtension>
            <ns3:hr>129</ns3:hr>
            <ns3:cad>87</ns3:cad>
          </ns3:TrackPointExtension>
        </extensions>
      </trkpt>
      <trkpt lat="30.27567221783101558685302734375" lon="120.20676643587648868560791015625">
        <ele>11.3999996185302734375</ele>
        <time>2026-07-27T11:52:49.000Z</time>
        <extensions>
          <ns3:TrackPointExtension>
            <ns3:hr>129</ns3:hr>
            <ns3:cad>87</ns3:cad>
          </ns3:TrackPointExtension>
        </extensions>
      </trkpt>
      <trkpt lat="30.27570071630179882049560546875" lon="120.20675553940236568450927734375">
        <ele>11.3999996185302734375</ele>
        <time>2026-07-27T11:52:50.000Z</time>
        <extensions>
          <ns3:TrackPointExtension>
            <ns3:hr>130</ns3:hr>
            <ns3:cad>87</ns3:cad>
          </ns3:TrackPointExtension>
        </extensions>
      </trkpt>
      <trkpt lat="30.27572016231715679168701171875" lon="120.20674631930887699127197265625">
        <ele>11.3999996185302734375</ele>
        <time>2026-07-27T11:52:51.000Z</time>
        <extensions>
          <ns3:TrackPointExtension>
            <ns3:hr>130</ns3:hr>
            <ns3:cad>87</ns3:cad>
          </ns3:TrackPointExtension>
        </extensions>
      </trkpt>
      <trkpt lat="30.27574111707508563995361328125" lon="120.2067313157021999359130859375">
        <ele>11.3999996185302734375</ele>
        <time>2026-07-27T11:52:52.000Z</time>
        <extensions>
          <ns3:TrackPointExtension>
            <ns3:hr>130</ns3:hr>
            <ns3:cad>87</ns3:cad>
          </ns3:TrackPointExtension>
        </extensions>
      </trkpt>
      <trkpt lat="30.275759808719158172607421875" lon="120.20671681500971317291259765625">
        <ele>11.3999996185302734375</ele>
        <time>2026-07-27T11:52:53.000Z</time>
        <extensions>
          <ns3:TrackPointExtension>
            <ns3:hr>131</ns3:hr>
            <ns3:cad>87</ns3:cad>
          </ns3:TrackPointExtension>
        </extensions>
      </trkpt>
      <trkpt lat="30.27577430941164493560791015625" lon="120.20669736899435520172119140625">
        <ele>11.3999996185302734375</ele>
        <time>2026-07-27T11:52:54.000Z</time>
        <extensions>
          <ns3:TrackPointExtension>
            <ns3:hr>131</ns3:hr>
            <ns3:cad>87</ns3:cad>
          </ns3:TrackPointExtension>
        </extensions>
      </trkpt>
      <trkpt lat="30.27578939683735370635986328125" lon="120.2066744863986968994140625">
        <ele>11.3999996185302734375</ele>
        <time>2026-07-27T11:52:55.000Z</time>
        <extensions>
          <ns3:TrackPointExtension>
            <ns3:hr>131</ns3:hr>
            <ns3:cad>87</ns3:cad>
          </ns3:TrackPointExtension>
        </extensions>
      </trkpt>
      <trkpt lat="30.275795347988605499267578125" lon="120.206654705107212066650390625">
        <ele>11.3999996185302734375</ele>
        <time>2026-07-27T11:52:56.000Z</time>
        <extensions>
          <ns3:TrackPointExtension>
            <ns3:hr>132</ns3:hr>
            <ns3:cad>87</ns3:cad>
          </ns3:TrackPointExtension>
        </extensions>
      </trkpt>
      <trkpt lat="30.2758079208433628082275390625" lon="120.20662930794060230255126953125">
        <ele>11.3999996185302734375</ele>
        <time>2026-07-27T11:52:57.000Z</time>
        <extensions>
          <ns3:TrackPointExtension>
            <ns3:hr>132</ns3:hr>
            <ns3:cad>87</ns3:cad>
          </ns3:TrackPointExtension>
        </extensions>
      </trkpt>
      <trkpt lat="30.27580716647207736968994140625" lon="120.20660935901105403900146484375">
        <ele>11.3999996185302734375</ele>
        <time>2026-07-27T11:52:58.000Z</time>
        <extensions>
          <ns3:TrackPointExtension>
            <ns3:hr>132</ns3:hr>
            <ns3:cad>88</ns3:cad>
          </ns3:TrackPointExtension>
        </extensions>
      </trkpt>
      <trkpt lat="30.27581848204135894775390625" lon="120.2065760828554630279541015625">
        <ele>11.3999996185302734375</ele>
        <time>2026-07-27T11:52:59.000Z</time>
        <extensions>
          <ns3:TrackPointExtension>
            <ns3:hr>132</ns3:hr>
            <ns3:cad>88</ns3:cad>
          </ns3:TrackPointExtension>
        </extensions>
      </trkpt>
      <trkpt lat="30.27581722475588321685791015625" lon="120.20655445754528045654296875">
        <ele>11.19999980926513671875</ele>
        <time>2026-07-27T11:53:00.000Z</time>
        <extensions>
          <ns3:TrackPointExtension>
            <ns3:hr>132</ns3:hr>
            <ns3:cad>87</ns3:cad>
          </ns3:TrackPointExtension>
        </extensions>
      </trkpt>
      <trkpt lat="30.275822840631008148193359375" lon="120.20652403123676776885986328125">
        <ele>11.19999980926513671875</ele>
        <time>2026-07-27T11:53:01.000Z</time>
        <extensions>
          <ns3:TrackPointExtension>
            <ns3:hr>132</ns3:hr>
            <ns3:cad>86</ns3:cad>
          </ns3:TrackPointExtension>
        </extensions>
      </trkpt>
      <trkpt lat="30.27582158334553241729736328125" lon="120.20650559104979038238525390625">
        <ele>11.19999980926513671875</ele>
        <time>2026-07-27T11:53:02.000Z</time>
        <extensions>
          <ns3:TrackPointExtension>
            <ns3:hr>133</ns3:hr>
            <ns3:cad>87</ns3:cad>
          </ns3:TrackPointExtension>
        </extensions>
      </trkpt>
      <trkpt lat="30.2758218348026275634765625" lon="120.206477008759975433349609375">
        <ele>11</ele>
        <time>2026-07-27T11:53:03.000Z</time>
        <extensions>
          <ns3:TrackPointExtension>
            <ns3:hr>133</ns3:hr>
            <ns3:cad>88</ns3:cad>
          </ns3:TrackPointExtension>
        </extensions>
      </trkpt>
      <trkpt lat="30.27582325972616672515869140625" lon="120.20645345561206340789794921875">
        <ele>11.19999980926513671875</ele>
        <time>2026-07-27T11:53:04.000Z</time>
        <extensions>
          <ns3:TrackPointExtension>
            <ns3:hr>133</ns3:hr>
            <ns3:cad>88</ns3:cad>
          </ns3:TrackPointExtension>
        </extensions>
      </trkpt>
      <trkpt lat="30.275820158421993255615234375" lon="120.20642847754061222076416015625">
        <ele>11.19999980926513671875</ele>
        <time>2026-07-27T11:53:05.000Z</time>
        <extensions>
          <ns3:TrackPointExtension>
            <ns3:hr>133</ns3:hr>
            <ns3:cad>88</ns3:cad>
          </ns3:TrackPointExtension>
        </extensions>
      </trkpt>
      <trkpt lat="30.27581286616623401641845703125" lon="120.20640282891690731048583984375">
        <ele>11.19999980926513671875</ele>
        <time>2026-07-27T11:53:06.000Z</time>
        <extensions>
          <ns3:TrackPointExtension>
            <ns3:hr>133</ns3:hr>
            <ns3:cad>88</ns3:cad>
          </ns3:TrackPointExtension>
        </extensions>
      </trkpt>
      <trkpt lat="30.27579979039728641510009765625" lon="120.2063816227018833160400390625">
        <ele>11.19999980926513671875</ele>
        <time>2026-07-27T11:53:07.000Z</time>
        <extensions>
          <ns3:TrackPointExtension>
            <ns3:hr>132</ns3:hr>
            <ns3:cad>88</ns3:cad>
          </ns3:TrackPointExtension>
        </extensions>
      </trkpt>
      <trkpt lat="30.27578738518059253692626953125" lon="120.2063527889549732208251953125">
        <ele>11.19999980926513671875</ele>
        <time>2026-07-27T11:53:08.000Z</time>
        <extensions>
          <ns3:TrackPointExtension>
            <ns3:hr>132</ns3:hr>
            <ns3:cad>87</ns3:cad>
          </ns3:TrackPointExtension>
        </extensions>
      </trkpt>
      <trkpt lat="30.2757737226784229278564453125" lon="120.20633996464312076568603515625">
        <ele>11.19999980926513671875</ele>
        <time>2026-07-27T11:53:09.000Z</time>
        <extensions>
          <ns3:TrackPointExtension>
            <ns3:hr>132</ns3:hr>
            <ns3:cad>87</ns3:cad>
          </ns3:TrackPointExtension>
        </extensions>
      </trkpt>
      <trkpt lat="30.27575679123401641845703125" lon="120.20631280727684497833251953125">
        <ele>11</ele>
        <time>2026-07-27T11:53:10.000Z</time>
        <extensions>
          <ns3:TrackPointExtension>
            <ns3:hr>131</ns3:hr>
            <ns3:cad>87</ns3:cad>
          </ns3:TrackPointExtension>
        </extensions>
      </trkpt>
      <trkpt lat="30.27574094943702220916748046875" lon="120.2063035033643245697021484375">
        <ele>11</ele>
        <time>2026-07-27T11:53:11.000Z</time>
        <extensions>
          <ns3:TrackPointExtension>
            <ns3:hr>131</ns3:hr>
            <ns3:cad>88</ns3:cad>
          </ns3:TrackPointExtension>
        </extensions>
      </trkpt>
      <trkpt lat="30.27571924030780792236328125" lon="120.20627961494028568267822265625">
        <ele>11</ele>
        <time>2026-07-27T11:53:12.000Z</time>
        <extensions>
          <ns3:TrackPointExtension>
            <ns3:hr>131</ns3:hr>
            <ns3:cad>88</ns3:cad>
          </ns3:TrackPointExtension>
        </extensions>
      </trkpt>
      <trkpt lat="30.27570457197725772857666015625" lon="120.2062682993710041046142578125">
        <ele>11</ele>
        <time>2026-07-27T11:53:13.000Z</time>
        <extensions>
          <ns3:TrackPointExtension>
            <ns3:hr>132</ns3:hr>
            <ns3:cad>88</ns3:cad>
          </ns3:TrackPointExtension>
        </extensions>
      </trkpt>
      <trkpt lat="30.275682695209980010986328125" lon="120.20625513978302478790283203125">
        <ele>11</ele>
        <time>2026-07-27T11:53:14.000Z</time>
        <extensions>
          <ns3:TrackPointExtension>
            <ns3:hr>131</ns3:hr>
            <ns3:cad>87</ns3:cad>
          </ns3:TrackPointExtension>
        </extensions>
      </trkpt>
      <trkpt lat="30.2756644226610660552978515625" lon="120.20624374039471149444580078125">
        <ele>11.19999980926513671875</ele>
        <time>2026-07-27T11:53:15.000Z</time>
        <extensions>
          <ns3:TrackPointExtension>
            <ns3:hr>131</ns3:hr>
            <ns3:cad>87</ns3:cad>
          </ns3:TrackPointExtension>
        </extensions>
      </trkpt>
      <trkpt lat="30.27564321644604206085205078125" lon="120.206240303814411163330078125">
        <ele>11</ele>
        <time>2026-07-27T11:53:16.000Z</time>
        <extensions>
          <ns3:TrackPointExtension>
            <ns3:hr>132</ns3:hr>
            <ns3:cad>87</ns3:cad>
          </ns3:TrackPointExtension>
        </extensions>
      </trkpt>
      <trkpt lat="30.27562209405004978179931640625" lon="120.2062372863292694091796875">
        <ele>11</ele>
        <time>2026-07-27T11:53:17.000Z</time>
        <extensions>
          <ns3:TrackPointExtension>
            <ns3:hr>132</ns3:hr>
            <ns3:cad>87</ns3:cad>
          </ns3:TrackPointExtension>
        </extensions>
      </trkpt>
      <trkpt lat="30.275602899491786956787109375" lon="120.206240303814411163330078125">
        <ele>11.19999980926513671875</ele>
        <time>2026-07-27T11:53:18.000Z</time>
        <extensions>
          <ns3:TrackPointExtension>
            <ns3:hr>132</ns3:hr>
            <ns3:cad>87</ns3:cad>
          </ns3:TrackPointExtension>
        </extensions>
      </trkpt>
      <trkpt lat="30.27557515539228916168212890625" lon="120.2062361128628253936767578125">
        <ele>11.19999980926513671875</ele>
        <time>2026-07-27T11:53:19.000Z</time>
        <extensions>
          <ns3:TrackPointExtension>
            <ns3:hr>132</ns3:hr>
            <ns3:cad>87</ns3:cad>
          </ns3:TrackPointExtension>
        </extensions>
      </trkpt>
      <trkpt lat="30.2755608223378658294677734375" lon="120.20624893717467784881591796875">
        <ele>11.19999980926513671875</ele>
        <time>2026-07-27T11:53:20.000Z</time>
        <extensions>
          <ns3:TrackPointExtension>
            <ns3:hr>131</ns3:hr>
            <ns3:cad>88</ns3:cad>
          </ns3:TrackPointExtension>
        </extensions>
      </trkpt>
      <trkpt lat="30.275532491505146026611328125" lon="120.20625061355531215667724609375">
        <ele>11.19999980926513671875</ele>
        <time>2026-07-27T11:53:21.000Z</time>
        <extensions>
          <ns3:TrackPointExtension>
            <ns3:hr>132</ns3:hr>
            <ns3:cad>87</ns3:cad>
          </ns3:TrackPointExtension>
        </extensions>
      </trkpt>
      <trkpt lat="30.27551765553653240203857421875" lon="120.20625245757400989532470703125">
        <ele>11.19999980926513671875</ele>
        <time>2026-07-27T11:53:22.000Z</time>
        <extensions>
          <ns3:TrackPointExtension>
            <ns3:hr>132</ns3:hr>
            <ns3:cad>87</ns3:cad>
          </ns3:TrackPointExtension>
        </extensions>
      </trkpt>
      <trkpt lat="30.2754887379705905914306640625" lon="120.2062568999826908111572265625">
        <ele>11.19999980926513671875</ele>
        <time>2026-07-27T11:53:23.000Z</time>
        <extensions>
          <ns3:TrackPointExtension>
            <ns3:hr>132</ns3:hr>
            <ns3:cad>87</ns3:cad>
          </ns3:TrackPointExtension>
        </extensions>
      </trkpt>
      <trkpt lat="30.2754699625074863433837890625" lon="120.20626008510589599609375">
        <ele>11.19999980926513671875</ele>
        <time>2026-07-27T11:53:24.000Z</time>
        <extensions>
          <ns3:TrackPointExtension>
            <ns3:hr>132</ns3:hr>
            <ns3:cad>87</ns3:cad>
          </ns3:TrackPointExtension>
        </extensions>
      </trkpt>
      <trkpt lat="30.27545043267309665679931640625" lon="120.2062719874083995819091796875">
        <ele>11.19999980926513671875</ele>
        <time>2026-07-27T11:53:25.000Z</time>
        <extensions>
          <ns3:TrackPointExtension>
            <ns3:hr>132</ns3:hr>
            <ns3:cad>87</ns3:cad>
          </ns3:TrackPointExtension>
        </extensions>
      </trkpt>
      <trkpt lat="30.27543283067643642425537109375" lon="120.2062753401696681976318359375">
        <ele>11.19999980926513671875</ele>
        <time>2026-07-27T11:53:26.000Z</time>
        <extensions>
          <ns3:TrackPointExtension>
            <ns3:hr>132</ns3:hr>
            <ns3:cad>87</ns3:cad>
          </ns3:TrackPointExtension>
        </extensions>
      </trkpt>
      <trkpt lat="30.275418497622013092041015625" lon="120.20627408288419246673583984375">
        <ele>11.19999980926513671875</ele>
        <time>2026-07-27T11:53:27.000Z</time>
        <extensions>
          <ns3:TrackPointExtension>
            <ns3:hr>132</ns3:hr>
            <ns3:cad>87</ns3:cad>
          </ns3:TrackPointExtension>
        </extensions>
      </trkpt>
      <trkpt lat="30.27539561502635478973388671875" lon="120.20626519806683063507080078125">
        <ele>11.19999980926513671875</ele>
        <time>2026-07-27T11:53:28.000Z</time>
        <extensions>
          <ns3:TrackPointExtension>
            <ns3:hr>132</ns3:hr>
            <ns3:cad>87</ns3:cad>
          </ns3:TrackPointExtension>
        </extensions>
      </trkpt>
      <trkpt lat="30.27538287453353404998779296875" lon="120.2062686346471309661865234375">
        <ele>11</ele>
        <time>2026-07-27T11:53:29.000Z</time>
        <extensions>
          <ns3:TrackPointExtension>
            <ns3:hr>132</ns3:hr>
            <ns3:cad>85</ns3:cad>
          </ns3:TrackPointExtension>
        </extensions>
      </trkpt>
      <trkpt lat="30.27535906992852687835693359375" lon="120.20627056248486042022705078125">
        <ele>11</ele>
        <time>2026-07-27T11:53:30.000Z</time>
        <extensions>
          <ns3:TrackPointExtension>
            <ns3:hr>133</ns3:hr>
            <ns3:cad>84</ns3:cad>
          </ns3:TrackPointExtension>
        </extensions>
      </trkpt>
      <trkpt lat="30.27534264139831066131591796875" lon="120.2062693051993846893310546875">
        <ele>11</ele>
        <time>2026-07-27T11:53:31.000Z</time>
        <extensions>
          <ns3:TrackPointExtension>
            <ns3:hr>133</ns3:hr>
            <ns3:cad>84</ns3:cad>
          </ns3:TrackPointExtension>
        </extensions>
      </trkpt>
      <trkpt lat="30.27532319538295269012451171875" lon="120.20627140067517757415771484375">
        <ele>10.80000019073486328125</ele>
        <time>2026-07-27T11:53:32.000Z</time>
        <extensions>
          <ns3:TrackPointExtension>
            <ns3:hr>133</ns3:hr>
            <ns3:cad>84</ns3:cad>
          </ns3:TrackPointExtension>
        </extensions>
      </trkpt>
      <trkpt lat="30.27529704384505748748779296875" lon="120.2062682993710041046142578125">
        <ele>10.80000019073486328125</ele>
        <time>2026-07-27T11:53:33.000Z</time>
        <extensions>
          <ns3:TrackPointExtension>
            <ns3:hr>133</ns3:hr>
            <ns3:cad>85</ns3:cad>
          </ns3:TrackPointExtension>
        </extensions>
      </trkpt>
      <trkpt lat="30.2752815373241901397705078125" lon="120.20627542398869991302490234375">
        <ele>10.80000019073486328125</ele>
        <time>2026-07-27T11:53:34.000Z</time>
        <extensions>
          <ns3:TrackPointExtension>
            <ns3:hr>132</ns3:hr>
            <ns3:cad>85</ns3:cad>
          </ns3:TrackPointExtension>
        </extensions>
      </trkpt>
      <trkpt lat="30.27525387704372406005859375" lon="120.20627550780773162841796875">
        <ele>11</ele>
        <time>2026-07-27T11:53:35.000Z</time>
        <extensions>
          <ns3:TrackPointExtension>
            <ns3:hr>133</ns3:hr>
            <ns3:cad>86</ns3:cad>
          </ns3:TrackPointExtension>
        </extensions>
      </trkpt>
      <trkpt lat="30.27524239383637905120849609375" lon="120.2062855660915374755859375">
        <ele>11</ele>
        <time>2026-07-27T11:53:36.000Z</time>
        <extensions>
          <ns3:TrackPointExtension>
            <ns3:hr>133</ns3:hr>
            <ns3:cad>86</ns3:cad>
          </ns3:TrackPointExtension>
        </extensions>
      </trkpt>
      <trkpt lat="30.275214649736881256103515625" lon="120.2062904275953769683837890625">
        <ele>11</ele>
        <time>2026-07-27T11:53:37.000Z</time>
        <extensions>
          <ns3:TrackPointExtension>
            <ns3:hr>133</ns3:hr>
            <ns3:cad>86</ns3:cad>
          </ns3:TrackPointExtension>
        </extensions>
      </trkpt>
      <trkpt lat="30.275197215378284454345703125" lon="120.206291936337947845458984375">
        <ele>11</ele>
        <time>2026-07-27T11:53:38.000Z</time>
        <extensions>
          <ns3:TrackPointExtension>
            <ns3:hr>133</ns3:hr>
            <ns3:cad>86</ns3:cad>
          </ns3:TrackPointExtension>
        </extensions>
      </trkpt>
      <trkpt lat="30.275174416601657867431640625" lon="120.2062941156327724456787109375">
        <ele>11</ele>
        <time>2026-07-27T11:53:39.000Z</time>
        <extensions>
          <ns3:TrackPointExtension>
            <ns3:hr>133</ns3:hr>
            <ns3:cad>86</ns3:cad>
          </ns3:TrackPointExtension>
        </extensions>
      </trkpt>
      <trkpt lat="30.27515061199665069580078125" lon="120.20629000850021839141845703125">
        <ele>11</ele>
        <time>2026-07-27T11:53:40.000Z</time>
        <extensions>
          <ns3:TrackPointExtension>
            <ns3:hr>132</ns3:hr>
            <ns3:cad>86</ns3:cad>
          </ns3:TrackPointExtension>
        </extensions>
      </trkpt>
      <trkpt lat="30.27513275854289531707763671875" lon="120.206296630203723907470703125">
        <ele>11</ele>
        <time>2026-07-27T11:53:41.000Z</time>
        <extensions>
          <ns3:TrackPointExtension>
            <ns3:hr>133</ns3:hr>
            <ns3:cad>86</ns3:cad>
          </ns3:TrackPointExtension>
        </extensions>
      </trkpt>
      <trkpt lat="30.275104679167270660400390625" lon="120.206291936337947845458984375">
        <ele>10.80000019073486328125</ele>
        <time>2026-07-27T11:53:42.000Z</time>
        <extensions>
          <ns3:TrackPointExtension>
            <ns3:hr>133</ns3:hr>
            <ns3:cad>86</ns3:cad>
          </ns3:TrackPointExtension>
        </extensions>
      </trkpt>
      <trkpt lat="30.27508900500833988189697265625" lon="120.20629654638469219207763671875">
        <ele>10.80000019073486328125</ele>
        <time>2026-07-27T11:53:43.000Z</time>
        <extensions>
          <ns3:TrackPointExtension>
            <ns3:hr>133</ns3:hr>
            <ns3:cad>86</ns3:cad>
          </ns3:TrackPointExtension>
        </extensions>
      </trkpt>
      <trkpt lat="30.27506209909915924072265625" lon="120.20629822276532649993896484375">
        <ele>10.80000019073486328125</ele>
        <time>2026-07-27T11:53:44.000Z</time>
        <extensions>
          <ns3:TrackPointExtension>
            <ns3:hr>133</ns3:hr>
            <ns3:cad>86</ns3:cad>
          </ns3:TrackPointExtension>
        </extensions>
      </trkpt>
      <trkpt lat="30.275042317807674407958984375" lon="120.2063014917075634002685546875">
        <ele>10.80000019073486328125</ele>
        <time>2026-07-27T11:53:45.000Z</time>
        <extensions>
          <ns3:TrackPointExtension>
            <ns3:hr>133</ns3:hr>
            <ns3:cad>86</ns3:cad>
          </ns3:TrackPointExtension>
        </extensions>
      </trkpt>
      <trkpt lat="30.275018177926540374755859375" lon="120.20630341954529285430908203125">
        <ele>10.6000003814697265625</ele>
        <time>2026-07-27T11:53:46.000Z</time>
        <extensions>
          <ns3:TrackPointExtension>
            <ns3:hr>133</ns3:hr>
            <ns3:cad>86</ns3:cad>
          </ns3:TrackPointExtension>
        </extensions>
      </trkpt>
      <trkpt lat="30.2749948762357234954833984375" lon="120.206299982964992523193359375">
        <ele>10.6000003814697265625</ele>
        <time>2026-07-27T11:53:47.000Z</time>
        <extensions>
          <ns3:TrackPointExtension>
            <ns3:hr>133</ns3:hr>
            <ns3:cad>86</ns3:cad>
          </ns3:TrackPointExtension>
        </extensions>
      </trkpt>
      <trkpt lat="30.27497383765876293182373046875" lon="120.20630224607884883880615234375">
        <ele>10.6000003814697265625</ele>
        <time>2026-07-27T11:53:48.000Z</time>
        <extensions>
          <ns3:TrackPointExtension>
            <ns3:hr>133</ns3:hr>
            <ns3:cad>86</ns3:cad>
          </ns3:TrackPointExtension>
        </extensions>
      </trkpt>
      <trkpt lat="30.2749435789883136749267578125" lon="120.206301324069499969482421875">
        <ele>10.6000003814697265625</ele>
        <time>2026-07-27T11:53:49.000Z</time>
        <extensions>
          <ns3:TrackPointExtension>
            <ns3:hr>133</ns3:hr>
            <ns3:cad>86</ns3:cad>
          </ns3:TrackPointExtension>
        </extensions>
      </trkpt>
      <trkpt lat="30.27492136694490909576416015625" lon="120.20630710758268833160400390625">
        <ele>10.6000003814697265625</ele>
        <time>2026-07-27T11:53:50.000Z</time>
        <extensions>
          <ns3:TrackPointExtension>
            <ns3:hr>133</ns3:hr>
            <ns3:cad>86</ns3:cad>
          </ns3:TrackPointExtension>
        </extensions>
      </trkpt>
      <trkpt lat="30.27489454485476016998291015625" lon="120.206307359039783477783203125">
        <ele>10.6000003814697265625</ele>
        <time>2026-07-27T11:53:51.000Z</time>
        <extensions>
          <ns3:TrackPointExtension>
            <ns3:hr>133</ns3:hr>
            <ns3:cad>86</ns3:cad>
          </ns3:TrackPointExtension>
        </extensions>
      </trkpt>
      <trkpt lat="30.27487778104841709136962890625" lon="120.206315405666828155517578125">
        <ele>10.6000003814697265625</ele>
        <time>2026-07-27T11:53:52.000Z</time>
        <extensions>
          <ns3:TrackPointExtension>
            <ns3:hr>133</ns3:hr>
            <ns3:cad>86</ns3:cad>
          </ns3:TrackPointExtension>
        </extensions>
      </trkpt>
      <trkpt lat="30.2748535573482513427734375" lon="120.206321440637111663818359375">
        <ele>10.80000019073486328125</ele>
        <time>2026-07-27T11:53:53.000Z</time>
        <extensions>
          <ns3:TrackPointExtension>
            <ns3:hr>134</ns3:hr>
            <ns3:cad>86</ns3:cad>
          </ns3:TrackPointExtension>
        </extensions>
      </trkpt>
      <trkpt lat="30.274832434952259063720703125" lon="120.20632781088352203369140625">
        <ele>10.80000019073486328125</ele>
        <time>2026-07-27T11:53:54.000Z</time>
        <extensions>
          <ns3:TrackPointExtension>
            <ns3:hr>134</ns3:hr>
            <ns3:cad>86</ns3:cad>
          </ns3:TrackPointExtension>
        </extensions>
      </trkpt>
      <trkpt lat="30.2748108096420764923095703125" lon="120.20634029991924762725830078125">
        <ele>10.80000019073486328125</ele>
        <time>2026-07-27T11:53:55.000Z</time>
        <extensions>
          <ns3:TrackPointExtension>
            <ns3:hr>134</ns3:hr>
            <ns3:cad>86</ns3:cad>
          </ns3:TrackPointExtension>
        </extensions>
      </trkpt>
      <trkpt lat="30.274789519608020782470703125" lon="120.20635253749787807464599609375">
        <ele>11</ele>
        <time>2026-07-27T11:53:56.000Z</time>
        <extensions>
          <ns3:TrackPointExtension>
            <ns3:hr>134</ns3:hr>
            <ns3:cad>87</ns3:cad>
          </ns3:TrackPointExtension>
        </extensions>
      </trkpt>
      <trkpt lat="30.2747766114771366119384765625" lon="120.20636804401874542236328125">
        <ele>11</ele>
        <time>2026-07-27T11:53:57.000Z</time>
        <extensions>
          <ns3:TrackPointExtension>
            <ns3:hr>133</ns3:hr>
            <ns3:cad>87</ns3:cad>
          </ns3:TrackPointExtension>
        </extensions>
      </trkpt>
      <trkpt lat="30.27475230395793914794921875" lon="120.2063836343586444854736328125">
        <ele>11</ele>
        <time>2026-07-27T11:53:58.000Z</time>
        <extensions>
          <ns3:TrackPointExtension>
            <ns3:hr>134</ns3:hr>
            <ns3:cad>86</ns3:cad>
          </ns3:TrackPointExtension>
        </extensions>
      </trkpt>
      <trkpt lat="30.27473998256027698516845703125" lon="120.20639880560338497161865234375">
        <ele>11</ele>
        <time>2026-07-27T11:53:59.000Z</time>
        <extensions>
          <ns3:TrackPointExtension>
            <ns3:hr>134</ns3:hr>
            <ns3:cad>86</ns3:cad>
          </ns3:TrackPointExtension>
        </extensions>
      </trkpt>
      <trkpt lat="30.2747219614684581756591796875" lon="120.2064228616654872894287109375">
        <ele>11</ele>
        <time>2026-07-27T11:54:00.000Z</time>
        <extensions>
          <ns3:TrackPointExtension>
            <ns3:hr>136</ns3:hr>
            <ns3:cad>86</ns3:cad>
          </ns3:TrackPointExtension>
        </extensions>
      </trkpt>
      <trkpt lat="30.27471282519400119781494140625" lon="120.2064478397369384765625">
        <ele>11</ele>
        <time>2026-07-27T11:54:01.000Z</time>
        <extensions>
          <ns3:TrackPointExtension>
            <ns3:hr>138</ns3:hr>
            <ns3:cad>86</ns3:cad>
          </ns3:TrackPointExtension>
        </extensions>
      </trkpt>
      <trkpt lat="30.27470494620501995086669921875" lon="120.20647290162742137908935546875">
        <ele>11</ele>
        <time>2026-07-27T11:54:02.000Z</time>
        <extensions>
          <ns3:TrackPointExtension>
            <ns3:hr>140</ns3:hr>
            <ns3:cad>86</ns3:cad>
          </ns3:TrackPointExtension>
        </extensions>
      </trkpt>
      <trkpt lat="30.27469857595860958099365234375" lon="120.20649687387049198150634765625">
        <ele>11</ele>
        <time>2026-07-27T11:54:03.000Z</time>
        <extensions>
          <ns3:TrackPointExtension>
            <ns3:hr>141</ns3:hr>
            <ns3:cad>86</ns3:cad>
          </ns3:TrackPointExtension>
        </extensions>
      </trkpt>
      <trkpt lat="30.27469865977764129638671875" lon="120.20651950500905513763427734375">
        <ele>11.19999980926513671875</ele>
        <time>2026-07-27T11:54:04.000Z</time>
        <extensions>
          <ns3:TrackPointExtension>
            <ns3:hr>141</ns3:hr>
            <ns3:cad>86</ns3:cad>
          </ns3:TrackPointExtension>
        </extensions>
      </trkpt>
      <trkpt lat="30.274696312844753265380859375" lon="120.20655286498367786407470703125">
        <ele>11</ele>
        <time>2026-07-27T11:54:05.000Z</time>
        <extensions>
          <ns3:TrackPointExtension>
            <ns3:hr>141</ns3:hr>
            <ns3:cad>86</ns3:cad>
          </ns3:TrackPointExtension>
        </extensions>
      </trkpt>
      <trkpt lat="30.274703688919544219970703125" lon="120.2065713889896869659423828125">
        <ele>11</ele>
        <time>2026-07-27T11:54:06.000Z</time>
        <extensions>
          <ns3:TrackPointExtension>
            <ns3:hr>141</ns3:hr>
            <ns3:cad>85</ns3:cad>
          </ns3:TrackPointExtension>
        </extensions>
      </trkpt>
      <trkpt lat="30.27470679022371768951416015625" lon="120.20660298876464366912841796875">
        <ele>11</ele>
        <time>2026-07-27T11:54:07.000Z</time>
        <extensions>
          <ns3:TrackPointExtension>
            <ns3:hr>141</ns3:hr>
            <ns3:cad>85</ns3:cad>
          </ns3:TrackPointExtension>
        </extensions>
      </trkpt>
      <trkpt lat="30.27470746077597141265869140625" lon="120.20662897266447544097900390625">
        <ele>11</ele>
        <time>2026-07-27T11:54:08.000Z</time>
        <extensions>
          <ns3:TrackPointExtension>
            <ns3:hr>141</ns3:hr>
            <ns3:cad>85</ns3:cad>
          </ns3:TrackPointExtension>
        </extensions>
      </trkpt>
      <trkpt lat="30.274716429412364959716796875" lon="120.20665369927883148193359375">
        <ele>11</ele>
        <time>2026-07-27T11:54:09.000Z</time>
        <extensions>
          <ns3:TrackPointExtension>
            <ns3:hr>141</ns3:hr>
            <ns3:cad>85</ns3:cad>
          </ns3:TrackPointExtension>
        </extensions>
      </trkpt>
      <trkpt lat="30.27472707442939281463623046875" lon="120.20668026991188526153564453125">
        <ele>11</ele>
        <time>2026-07-27T11:54:10.000Z</time>
        <extensions>
          <ns3:TrackPointExtension>
            <ns3:hr>141</ns3:hr>
            <ns3:cad>85</ns3:cad>
          </ns3:TrackPointExtension>
        </extensions>
      </trkpt>
      <trkpt lat="30.2747437544167041778564453125" lon="120.20669527351856231689453125">
        <ele>11</ele>
        <time>2026-07-27T11:54:11.000Z</time>
        <extensions>
          <ns3:TrackPointExtension>
            <ns3:hr>140</ns3:hr>
            <ns3:cad>85</ns3:cad>
          </ns3:TrackPointExtension>
        </extensions>
      </trkpt>
      <trkpt lat="30.2747615240514278411865234375" lon="120.20672335289418697357177734375">
        <ele>11</ele>
        <time>2026-07-27T11:54:12.000Z</time>
        <extensions>
          <ns3:TrackPointExtension>
            <ns3:hr>140</ns3:hr>
            <ns3:cad>85</ns3:cad>
          </ns3:TrackPointExtension>
        </extensions>
      </trkpt>
      <trkpt lat="30.2747752703726291656494140625" lon="120.206738524138927459716796875">
        <ele>10.80000019073486328125</ele>
        <time>2026-07-27T11:54:13.000Z</time>
        <extensions>
          <ns3:TrackPointExtension>
            <ns3:hr>141</ns3:hr>
            <ns3:cad>85</ns3:cad>
          </ns3:TrackPointExtension>
        </extensions>
      </trkpt>
      <trkpt lat="30.27478993870317935943603515625" lon="120.20676174201071262359619140625">
        <ele>10.80000019073486328125</ele>
        <time>2026-07-27T11:54:14.000Z</time>
        <extensions>
          <ns3:TrackPointExtension>
            <ns3:hr>141</ns3:hr>
            <ns3:cad>85</ns3:cad>
          </ns3:TrackPointExtension>
        </extensions>
      </trkpt>
      <trkpt lat="30.27480435557663440704345703125" lon="120.20677833817899227142333984375">
        <ele>10.80000019073486328125</ele>
        <time>2026-07-27T11:54:15.000Z</time>
        <extensions>
          <ns3:TrackPointExtension>
            <ns3:hr>141</ns3:hr>
            <ns3:cad>86</ns3:cad>
          </ns3:TrackPointExtension>
        </extensions>
      </trkpt>
      <trkpt lat="30.2748235501348972320556640625" lon="120.20678772591054439544677734375">
        <ele>10.80000019073486328125</ele>
        <time>2026-07-27T11:54:16.000Z</time>
        <extensions>
          <ns3:TrackPointExtension>
            <ns3:hr>140</ns3:hr>
            <ns3:cad>86</ns3:cad>
          </ns3:TrackPointExtension>
        </extensions>
      </trkpt>
      <trkpt lat="30.2748470194637775421142578125" lon="120.206802226603031158447265625">
        <ele>10.80000019073486328125</ele>
        <time>2026-07-27T11:54:17.000Z</time>
        <extensions>
          <ns3:TrackPointExtension>
            <ns3:hr>140</ns3:hr>
            <ns3:cad>86</ns3:cad>
          </ns3:TrackPointExtension>
        </extensions>
      </trkpt>
      <trkpt lat="30.27486872859299182891845703125" lon="120.20680700428783893585205078125">
        <ele>11</ele>
        <time>2026-07-27T11:54:18.000Z</time>
        <extensions>
          <ns3:TrackPointExtension>
            <ns3:hr>140</ns3:hr>
            <ns3:cad>86</ns3:cad>
          </ns3:TrackPointExtension>
        </extensions>
      </trkpt>
      <trkpt lat="30.2748964726924896240234375" lon="120.206820331513881683349609375">
        <ele>11</ele>
        <time>2026-07-27T11:54:19.000Z</time>
        <extensions>
          <ns3:TrackPointExtension>
            <ns3:hr>140</ns3:hr>
            <ns3:cad>86</ns3:cad>
          </ns3:TrackPointExtension>
        </extensions>
      </trkpt>
      <trkpt lat="30.27491181157529354095458984375" lon="120.20681655965745449066162109375">
        <ele>11</ele>
        <time>2026-07-27T11:54:20.000Z</time>
        <extensions>
          <ns3:TrackPointExtension>
            <ns3:hr>140</ns3:hr>
            <ns3:cad>86</ns3:cad>
          </ns3:TrackPointExtension>
        </extensions>
      </trkpt>
      <trkpt lat="30.27493829838931560516357421875" lon="120.2068194933235645294189453125">
        <ele>11</ele>
        <time>2026-07-27T11:54:21.000Z</time>
        <extensions>
          <ns3:TrackPointExtension>
            <ns3:hr>140</ns3:hr>
            <ns3:cad>86</ns3:cad>
          </ns3:TrackPointExtension>
        </extensions>
      </trkpt>
      <trkpt lat="30.27495958842337131500244140625" lon="120.206819660961627960205078125">
        <ele>11</ele>
        <time>2026-07-27T11:54:22.000Z</time>
        <extensions>
          <ns3:TrackPointExtension>
            <ns3:hr>140</ns3:hr>
            <ns3:cad>86</ns3:cad>
          </ns3:TrackPointExtension>
        </extensions>
      </trkpt>
      <trkpt lat="30.27498029172420501708984375" lon="120.20681421272456645965576171875">
        <ele>11</ele>
        <time>2026-07-27T11:54:23.000Z</time>
        <extensions>
          <ns3:TrackPointExtension>
            <ns3:hr>140</ns3:hr>
            <ns3:cad>85</ns3:cad>
          </ns3:TrackPointExtension>
        </extensions>
      </trkpt>
      <trkpt lat="30.27500418014824390411376953125" lon="120.20681739784777164459228515625">
        <ele>11</ele>
        <time>2026-07-27T11:54:24.000Z</time>
        <extensions>
          <ns3:TrackPointExtension>
            <ns3:hr>140</ns3:hr>
            <ns3:cad>85</ns3:cad>
          </ns3:TrackPointExtension>
        </extensions>
      </trkpt>
      <trkpt lat="30.27502077631652355194091796875" lon="120.20681421272456645965576171875">
        <ele>11</ele>
        <time>2026-07-27T11:54:25.000Z</time>
        <extensions>
          <ns3:TrackPointExtension>
            <ns3:hr>140</ns3:hr>
            <ns3:cad>85</ns3:cad>
          </ns3:TrackPointExtension>
        </extensions>
      </trkpt>
      <trkpt lat="30.27504826895892620086669921875" lon="120.20681354217231273651123046875">
        <ele>11</ele>
        <time>2026-07-27T11:54:26.000Z</time>
        <extensions>
          <ns3:TrackPointExtension>
            <ns3:hr>140</ns3:hr>
            <ns3:cad>85</ns3:cad>
          </ns3:TrackPointExtension>
        </extensions>
      </trkpt>
      <trkpt lat="30.2750632725656032562255859375" lon="120.2068057470023632049560546875">
        <ele>11</ele>
        <time>2026-07-27T11:54:27.000Z</time>
        <extensions>
          <ns3:TrackPointExtension>
            <ns3:hr>140</ns3:hr>
            <ns3:cad>85</ns3:cad>
          </ns3:TrackPointExtension>
        </extensions>
      </trkpt>
      <trkpt lat="30.27508330531418323516845703125" lon="120.2068034000694751739501953125">
        <ele>11</ele>
        <time>2026-07-27T11:54:28.000Z</time>
        <extensions>
          <ns3:TrackPointExtension>
            <ns3:hr>140</ns3:hr>
            <ns3:cad>85</ns3:cad>
          </ns3:TrackPointExtension>
        </extensions>
      </trkpt>
      <trkpt lat="30.27510367333889007568359375" lon="120.20680733956396579742431640625">
        <ele>11</ele>
        <time>2026-07-27T11:54:29.000Z</time>
        <extensions>
          <ns3:TrackPointExtension>
            <ns3:hr>141</ns3:hr>
            <ns3:cad>85</ns3:cad>
          </ns3:TrackPointExtension>
        </extensions>
      </trkpt>
      <trkpt lat="30.2751217782497406005859375" lon="120.2068023942410945892333984375">
        <ele>11</ele>
        <time>2026-07-27T11:54:30.000Z</time>
        <extensions>
          <ns3:TrackPointExtension>
            <ns3:hr>141</ns3:hr>
            <ns3:cad>85</ns3:cad>
          </ns3:TrackPointExtension>
        </extensions>
      </trkpt>
      <trkpt lat="30.2751457504928112030029296875" lon="120.2068034000694751739501953125">
        <ele>11</ele>
        <time>2026-07-27T11:54:31.000Z</time>
        <extensions>
          <ns3:TrackPointExtension>
            <ns3:hr>141</ns3:hr>
            <ns3:cad>85</ns3:cad>
          </ns3:TrackPointExtension>
        </extensions>
      </trkpt>
      <trkpt lat="30.27515907771885395050048828125" lon="120.2067970298230648040771484375">
        <ele>11</ele>
        <time>2026-07-27T11:54:32.000Z</time>
        <extensions>
          <ns3:TrackPointExtension>
            <ns3:hr>142</ns3:hr>
            <ns3:cad>86</ns3:cad>
          </ns3:TrackPointExtension>
        </extensions>
      </trkpt>
      <trkpt lat="30.27518455870449542999267578125" lon="120.20679543726146221160888671875">
        <ele>11</ele>
        <time>2026-07-27T11:54:33.000Z</time>
        <extensions>
          <ns3:TrackPointExtension>
            <ns3:hr>142</ns3:hr>
            <ns3:cad>86</ns3:cad>
          </ns3:TrackPointExtension>
        </extensions>
      </trkpt>
      <trkpt lat="30.27519880793988704681396484375" lon="120.2067844569683074951171875">
        <ele>10.80000019073486328125</ele>
        <time>2026-07-27T11:54:34.000Z</time>
        <extensions>
          <ns3:TrackPointExtension>
            <ns3:hr>142</ns3:hr>
            <ns3:cad>86</ns3:cad>
          </ns3:TrackPointExtension>
        </extensions>
      </trkpt>
      <trkpt lat="30.27522110380232334136962890625" lon="120.20677934400737285614013671875">
        <ele>10.80000019073486328125</ele>
        <time>2026-07-27T11:54:35.000Z</time>
        <extensions>
          <ns3:TrackPointExtension>
            <ns3:hr>142</ns3:hr>
            <ns3:cad>86</ns3:cad>
          </ns3:TrackPointExtension>
        </extensions>
      </trkpt>
      <trkpt lat="30.275246165692806243896484375" lon="120.2067799307405948638916015625">
        <ele>10.80000019073486328125</ele>
        <time>2026-07-27T11:54:36.000Z</time>
        <extensions>
          <ns3:TrackPointExtension>
            <ns3:hr>141</ns3:hr>
            <ns3:cad>85</ns3:cad>
          </ns3:TrackPointExtension>
        </extensions>
      </trkpt>
      <trkpt lat="30.27526888065040111541748046875" lon="120.20677582360804080963134765625">
        <ele>10.80000019073486328125</ele>
        <time>2026-07-27T11:54:37.000Z</time>
        <extensions>
          <ns3:TrackPointExtension>
            <ns3:hr>142</ns3:hr>
            <ns3:cad>85</ns3:cad>
          </ns3:TrackPointExtension>
        </extensions>
      </trkpt>
      <trkpt lat="30.2752946130931377410888671875" lon="120.2067817747592926025390625">
        <ele>10.80000019073486328125</ele>
        <time>2026-07-27T11:54:38.000Z</time>
        <extensions>
          <ns3:TrackPointExtension>
            <ns3:hr>142</ns3:hr>
            <ns3:cad>85</ns3:cad>
          </ns3:TrackPointExtension>
        </extensions>
      </trkpt>
      <trkpt lat="30.2753123827278614044189453125" lon="120.20677666179835796356201171875">
        <ele>11</ele>
        <time>2026-07-27T11:54:39.000Z</time>
        <extensions>
          <ns3:TrackPointExtension>
            <ns3:hr>142</ns3:hr>
            <ns3:cad>86</ns3:cad>
          </ns3:TrackPointExtension>
        </extensions>
      </trkpt>
      <trkpt lat="30.27533962391316890716552734375" lon="120.2067822776734828948974609375">
        <ele>10.80000019073486328125</ele>
        <time>2026-07-27T11:54:40.000Z</time>
        <extensions>
          <ns3:TrackPointExtension>
            <ns3:hr>142</ns3:hr>
            <ns3:cad>86</ns3:cad>
          </ns3:TrackPointExtension>
        </extensions>
      </trkpt>
      <trkpt lat="30.2753566391766071319580078125" lon="120.20677783526480197906494140625">
        <ele>10.80000019073486328125</ele>
        <time>2026-07-27T11:54:41.000Z</time>
        <extensions>
          <ns3:TrackPointExtension>
            <ns3:hr>142</ns3:hr>
            <ns3:cad>87</ns3:cad>
          </ns3:TrackPointExtension>
        </extensions>
      </trkpt>
      <trkpt lat="30.27538396418094635009765625" lon="120.206778086721897125244140625">
        <ele>10.80000019073486328125</ele>
        <time>2026-07-27T11:54:42.000Z</time>
        <extensions>
          <ns3:TrackPointExtension>
            <ns3:hr>142</ns3:hr>
            <ns3:cad>87</ns3:cad>
          </ns3:TrackPointExtension>
        </extensions>
      </trkpt>
      <trkpt lat="30.27540299110114574432373046875" lon="120.2067759074270725250244140625">
        <ele>10.80000019073486328125</ele>
        <time>2026-07-27T11:54:43.000Z</time>
        <extensions>
          <ns3:TrackPointExtension>
            <ns3:hr>142</ns3:hr>
            <ns3:cad>86</ns3:cad>
          </ns3:TrackPointExtension>
        </extensions>
      </trkpt>
      <trkpt lat="30.2754260413348674774169921875" lon="120.20677330903708934783935546875">
        <ele>10.80000019073486328125</ele>
        <time>2026-07-27T11:54:44.000Z</time>
        <extensions>
          <ns3:TrackPointExtension>
            <ns3:hr>141</ns3:hr>
            <ns3:cad>87</ns3:cad>
          </ns3:TrackPointExtension>
        </extensions>
      </trkpt>
      <trkpt lat="30.27545076794922351837158203125" lon="120.2067755721509456634521484375">
        <ele>10.80000019073486328125</ele>
        <time>2026-07-27T11:54:45.000Z</time>
        <extensions>
          <ns3:TrackPointExtension>
            <ns3:hr>142</ns3:hr>
            <ns3:cad>87</ns3:cad>
          </ns3:TrackPointExtension>
        </extensions>
      </trkpt>
      <trkpt lat="30.27547541074454784393310546875" lon="120.20677666179835796356201171875">
        <ele>11</ele>
        <time>2026-07-27T11:54:46.000Z</time>
        <extensions>
          <ns3:TrackPointExtension>
            <ns3:hr>142</ns3:hr>
            <ns3:cad>87</ns3:cad>
          </ns3:TrackPointExtension>
        </extensions>
      </trkpt>
      <trkpt lat="30.27549904771149158477783203125" lon="120.20678579807281494140625">
        <ele>11</ele>
        <time>2026-07-27T11:54:47.000Z</time>
        <extensions>
          <ns3:TrackPointExtension>
            <ns3:hr>142</ns3:hr>
            <ns3:cad>87</ns3:cad>
          </ns3:TrackPointExtension>
        </extensions>
      </trkpt>
      <trkpt lat="30.27551933191716670989990234375" lon="120.206783451139926910400390625">
        <ele>11</ele>
        <time>2026-07-27T11:54:48.000Z</time>
        <extensions>
          <ns3:TrackPointExtension>
            <ns3:hr>142</ns3:hr>
            <ns3:cad>87</ns3:cad>
          </ns3:TrackPointExtension>
        </extensions>
      </trkpt>
      <trkpt lat="30.275547243654727935791015625" lon="120.20679074339568614959716796875">
        <ele>11</ele>
        <time>2026-07-27T11:54:49.000Z</time>
        <extensions>
          <ns3:TrackPointExtension>
            <ns3:hr>142</ns3:hr>
            <ns3:cad>87</ns3:cad>
          </ns3:TrackPointExtension>
        </extensions>
      </trkpt>
      <trkpt lat="30.27556367218494415283203125" lon="120.206784792244434356689453125">
        <ele>10.80000019073486328125</ele>
        <time>2026-07-27T11:54:50.000Z</time>
        <extensions>
          <ns3:TrackPointExtension>
            <ns3:hr>143</ns3:hr>
            <ns3:cad>87</ns3:cad>
          </ns3:TrackPointExtension>
        </extensions>
      </trkpt>
      <trkpt lat="30.27559225447475910186767578125" lon="120.2067876420915126800537109375">
        <ele>10.80000019073486328125</ele>
        <time>2026-07-27T11:54:51.000Z</time>
        <extensions>
          <ns3:TrackPointExtension>
            <ns3:hr>143</ns3:hr>
            <ns3:cad>87</ns3:cad>
          </ns3:TrackPointExtension>
        </extensions>
      </trkpt>
      <trkpt lat="30.27560968883335590362548828125" lon="120.20678185857832431793212890625">
        <ele>11</ele>
        <time>2026-07-27T11:54:52.000Z</time>
        <extensions>
          <ns3:TrackPointExtension>
            <ns3:hr>143</ns3:hr>
            <ns3:cad>87</ns3:cad>
          </ns3:TrackPointExtension>
        </extensions>
      </trkpt>
      <trkpt lat="30.27563198469579219818115234375" lon="120.20677917636930942535400390625">
        <ele>11</ele>
        <time>2026-07-27T11:54:53.000Z</time>
        <extensions>
          <ns3:TrackPointExtension>
            <ns3:hr>143</ns3:hr>
            <ns3:cad>87</ns3:cad>
          </ns3:TrackPointExtension>
        </extensions>
      </trkpt>
      <trkpt lat="30.27565159834921360015869140625" lon="120.206774733960628509521484375">
        <ele>11</ele>
        <time>2026-07-27T11:54:54.000Z</time>
        <extensions>
          <ns3:TrackPointExtension>
            <ns3:hr>143</ns3:hr>
            <ns3:cad>87</ns3:cad>
          </ns3:TrackPointExtension>
        </extensions>
      </trkpt>
      <trkpt lat="30.2756667695939540863037109375" lon="120.2067658491432666778564453125">
        <ele>11</ele>
        <time>2026-07-27T11:54:55.000Z</time>
        <extensions>
          <ns3:TrackPointExtension>
            <ns3:hr>143</ns3:hr>
            <ns3:cad>87</ns3:cad>
          </ns3:TrackPointExtension>
        </extensions>
      </trkpt>
      <trkpt lat="30.2756878919899463653564453125" lon="120.20675872452557086944580078125">
        <ele>11</ele>
        <time>2026-07-27T11:54:56.000Z</time>
        <extensions>
          <ns3:TrackPointExtension>
            <ns3:hr>143</ns3:hr>
            <ns3:cad>86</ns3:cad>
          </ns3:TrackPointExtension>
        </extensions>
      </trkpt>
      <trkpt lat="30.27570272795855998992919921875" lon="120.206748582422733306884765625">
        <ele>10.80000019073486328125</ele>
        <time>2026-07-27T11:54:57.000Z</time>
        <extensions>
          <ns3:TrackPointExtension>
            <ns3:hr>143</ns3:hr>
            <ns3:cad>86</ns3:cad>
          </ns3:TrackPointExtension>
        </extensions>
      </trkpt>
      <trkpt lat="30.2757217548787593841552734375" lon="120.20673324353992938995361328125">
        <ele>10.80000019073486328125</ele>
        <time>2026-07-27T11:54:58.000Z</time>
        <extensions>
          <ns3:TrackPointExtension>
            <ns3:hr>143</ns3:hr>
            <ns3:cad>86</ns3:cad>
          </ns3:TrackPointExtension>
        </extensions>
      </trkpt>
      <trkpt lat="30.2757365070283412933349609375" lon="120.20671832375228404998779296875">
        <ele>10.80000019073486328125</ele>
        <time>2026-07-27T11:54:59.000Z</time>
        <extensions>
          <ns3:TrackPointExtension>
            <ns3:hr>144</ns3:hr>
            <ns3:cad>86</ns3:cad>
          </ns3:TrackPointExtension>
        </extensions>
      </trkpt>
      <trkpt lat="30.2757628262042999267578125" lon="120.20669460296630859375">
        <ele>10.80000019073486328125</ele>
        <time>2026-07-27T11:55:00.000Z</time>
        <extensions>
          <ns3:TrackPointExtension>
            <ns3:hr>143</ns3:hr>
            <ns3:cad>86</ns3:cad>
          </ns3:TrackPointExtension>
        </extensions>
      </trkpt>
      <trkpt lat="30.2757775783538818359375" lon="120.20667591132223606109619140625">
        <ele>10.80000019073486328125</ele>
        <time>2026-07-27T11:55:01.000Z</time>
        <extensions>
          <ns3:TrackPointExtension>
            <ns3:hr>143</ns3:hr>
            <ns3:cad>87</ns3:cad>
          </ns3:TrackPointExtension>
        </extensions>
      </trkpt>
      <trkpt lat="30.275796689093112945556640625" lon="120.2066521905362606048583984375">
        <ele>10.80000019073486328125</ele>
        <time>2026-07-27T11:55:02.000Z</time>
        <extensions>
          <ns3:TrackPointExtension>
            <ns3:hr>143</ns3:hr>
            <ns3:cad>87</ns3:cad>
          </ns3:TrackPointExtension>
        </extensions>
      </trkpt>
      <trkpt lat="30.27580901049077510833740234375" lon="120.206630565226078033447265625">
        <ele>11</ele>
        <time>2026-07-27T11:55:03.000Z</time>
        <extensions>
          <ns3:TrackPointExtension>
            <ns3:hr>144</ns3:hr>
            <ns3:cad>87</ns3:cad>
          </ns3:TrackPointExtension>
        </extensions>
      </trkpt>
      <trkpt lat="30.27581471018493175506591796875" lon="120.2066079340875148773193359375">
        <ele>11</ele>
        <time>2026-07-27T11:55:04.000Z</time>
        <extensions>
          <ns3:TrackPointExtension>
            <ns3:hr>143</ns3:hr>
            <ns3:cad>86</ns3:cad>
          </ns3:TrackPointExtension>
        </extensions>
      </trkpt>
      <trkpt lat="30.2758246846497058868408203125" lon="120.2065780945122241973876953125">
        <ele>11</ele>
        <time>2026-07-27T11:55:05.000Z</time>
        <extensions>
          <ns3:TrackPointExtension>
            <ns3:hr>143</ns3:hr>
            <ns3:cad>86</ns3:cad>
          </ns3:TrackPointExtension>
        </extensions>
      </trkpt>
      <trkpt lat="30.27582384645938873291015625" lon="120.20655118860304355621337890625">
        <ele>11</ele>
        <time>2026-07-27T11:55:06.000Z</time>
        <extensions>
          <ns3:TrackPointExtension>
            <ns3:hr>143</ns3:hr>
            <ns3:cad>86</ns3:cad>
          </ns3:TrackPointExtension>
        </extensions>
      </trkpt>
      <trkpt lat="30.27582728303968906402587890625" lon="120.20651900209486484527587890625">
        <ele>11</ele>
        <time>2026-07-27T11:55:07.000Z</time>
        <extensions>
          <ns3:TrackPointExtension>
            <ns3:hr>143</ns3:hr>
            <ns3:cad>86</ns3:cad>
          </ns3:TrackPointExtension>
        </extensions>
      </trkpt>
      <trkpt lat="30.2758300490677356719970703125" lon="120.2065013162791728973388671875">
        <ele>11</ele>
        <time>2026-07-27T11:55:08.000Z</time>
        <extensions>
          <ns3:TrackPointExtension>
            <ns3:hr>144</ns3:hr>
            <ns3:cad>86</ns3:cad>
          </ns3:TrackPointExtension>
        </extensions>
      </trkpt>
      <trkpt lat="30.2758357487618923187255859375" lon="120.2064701355993747711181640625">
        <ele>11</ele>
        <time>2026-07-27T11:55:09.000Z</time>
        <extensions>
          <ns3:TrackPointExtension>
            <ns3:hr>143</ns3:hr>
            <ns3:cad>86</ns3:cad>
          </ns3:TrackPointExtension>
        </extensions>
      </trkpt>
      <trkpt lat="30.27583918534219264984130859375" lon="120.20644725300371646881103515625">
        <ele>10.80000019073486328125</ele>
        <time>2026-07-27T11:55:10.000Z</time>
        <extensions>
          <ns3:TrackPointExtension>
            <ns3:hr>143</ns3:hr>
            <ns3:cad>86</ns3:cad>
          </ns3:TrackPointExtension>
        </extensions>
      </trkpt>
      <trkpt lat="30.27583750896155834197998046875" lon="120.2064181677997112274169921875">
        <ele>10.80000019073486328125</ele>
        <time>2026-07-27T11:55:11.000Z</time>
        <extensions>
          <ns3:TrackPointExtension>
            <ns3:hr>144</ns3:hr>
            <ns3:cad>86</ns3:cad>
          </ns3:TrackPointExtension>
        </extensions>
      </trkpt>
      <trkpt lat="30.27583683840930461883544921875" lon="120.2063896693289279937744140625">
        <ele>10.80000019073486328125</ele>
        <time>2026-07-27T11:55:12.000Z</time>
        <extensions>
          <ns3:TrackPointExtension>
            <ns3:hr>144</ns3:hr>
            <ns3:cad>86</ns3:cad>
          </ns3:TrackPointExtension>
        </extensions>
      </trkpt>
      <trkpt lat="30.2758271992206573486328125" lon="120.20636527799069881439208984375">
        <ele>10.80000019073486328125</ele>
        <time>2026-07-27T11:55:13.000Z</time>
        <extensions>
          <ns3:TrackPointExtension>
            <ns3:hr>144</ns3:hr>
            <ns3:cad>86</ns3:cad>
          </ns3:TrackPointExtension>
        </extensions>
      </trkpt>
      <trkpt lat="30.2758156321942806243896484375" lon="120.2063350193202495574951171875">
        <ele>10.80000019073486328125</ele>
        <time>2026-07-27T11:55:14.000Z</time>
        <extensions>
          <ns3:TrackPointExtension>
            <ns3:hr>144</ns3:hr>
            <ns3:cad>86</ns3:cad>
          </ns3:TrackPointExtension>
        </extensions>
      </trkpt>
      <trkpt lat="30.27580129913985729217529296875" lon="120.20632051862776279449462890625">
        <ele>10.80000019073486328125</ele>
        <time>2026-07-27T11:55:15.000Z</time>
        <extensions>
          <ns3:TrackPointExtension>
            <ns3:hr>143</ns3:hr>
            <ns3:cad>86</ns3:cad>
          </ns3:TrackPointExtension>
        </extensions>
      </trkpt>
      <trkpt lat="30.27578067965805530548095703125" lon="120.20628984086215496063232421875">
        <ele>10.80000019073486328125</ele>
        <time>2026-07-27T11:55:16.000Z</time>
        <extensions>
          <ns3:TrackPointExtension>
            <ns3:hr>144</ns3:hr>
            <ns3:cad>86</ns3:cad>
          </ns3:TrackPointExtension>
        </extensions>
      </trkpt>
      <trkpt lat="30.2757616527378559112548828125" lon="120.2062820456922054290771484375">
        <ele>10.6000003814697265625</ele>
        <time>2026-07-27T11:55:17.000Z</time>
        <extensions>
          <ns3:TrackPointExtension>
            <ns3:hr>144</ns3:hr>
            <ns3:cad>86</ns3:cad>
          </ns3:TrackPointExtension>
        </extensions>
      </trkpt>
      <trkpt lat="30.2757385186851024627685546875" lon="120.20626419223845005035400390625">
        <ele>10.80000019073486328125</ele>
        <time>2026-07-27T11:55:18.000Z</time>
        <extensions>
          <ns3:TrackPointExtension>
            <ns3:hr>144</ns3:hr>
            <ns3:cad>86</ns3:cad>
          </ns3:TrackPointExtension>
        </extensions>
      </trkpt>
      <trkpt lat="30.275717563927173614501953125" lon="120.20625061355531215667724609375">
        <ele>10.80000019073486328125</ele>
        <time>2026-07-27T11:55:19.000Z</time>
        <extensions>
          <ns3:TrackPointExtension>
            <ns3:hr>143</ns3:hr>
            <ns3:cad>86</ns3:cad>
          </ns3:TrackPointExtension>
        </extensions>
      </trkpt>
      <trkpt lat="30.27569535188376903533935546875" lon="120.2062421478331089019775390625">
        <ele>10.80000019073486328125</ele>
        <time>2026-07-27T11:55:20.000Z</time>
        <extensions>
          <ns3:TrackPointExtension>
            <ns3:hr>144</ns3:hr>
            <ns3:cad>86</ns3:cad>
          </ns3:TrackPointExtension>
        </extensions>
      </trkpt>
      <trkpt lat="30.27566903270781040191650390625" lon="120.20622714422643184661865234375">
        <ele>10.80000019073486328125</ele>
        <time>2026-07-27T11:55:21.000Z</time>
        <extensions>
          <ns3:TrackPointExtension>
            <ns3:hr>143</ns3:hr>
            <ns3:cad>86</ns3:cad>
          </ns3:TrackPointExtension>
        </extensions>
      </trkpt>
      <trkpt lat="30.27565159834921360015869140625" lon="120.2062247134745121002197265625">
        <ele>10.80000019073486328125</ele>
        <time>2026-07-27T11:55:22.000Z</time>
        <extensions>
          <ns3:TrackPointExtension>
            <ns3:hr>144</ns3:hr>
            <ns3:cad>87</ns3:cad>
          </ns3:TrackPointExtension>
        </extensions>
      </trkpt>
      <trkpt lat="30.275629051029682159423828125" lon="120.20621842704713344573974609375">
        <ele>10.80000019073486328125</ele>
        <time>2026-07-27T11:55:23.000Z</time>
        <extensions>
          <ns3:TrackPointExtension>
            <ns3:hr>144</ns3:hr>
            <ns3:cad>87</ns3:cad>
          </ns3:TrackPointExtension>
        </extensions>
      </trkpt>
      <trkpt lat="30.27561186812818050384521484375" lon="120.20621758885681629180908203125">
        <ele>10.80000019073486328125</ele>
        <time>2026-07-27T11:55:24.000Z</time>
        <extensions>
          <ns3:TrackPointExtension>
            <ns3:hr>144</ns3:hr>
            <ns3:cad>87</ns3:cad>
          </ns3:TrackPointExtension>
        </extensions>
      </trkpt>
      <trkpt lat="30.27559292502701282501220703125" lon="120.20622094161808490753173828125">
        <ele>10.80000019073486328125</ele>
        <time>2026-07-27T11:55:25.000Z</time>
        <extensions>
          <ns3:TrackPointExtension>
            <ns3:hr>143</ns3:hr>
            <ns3:cad>86</ns3:cad>
          </ns3:TrackPointExtension>
        </extensions>
      </trkpt>
      <trkpt lat="30.27557129971683025360107421875" lon="120.206219851970672607421875">
        <ele>10.80000019073486328125</ele>
        <time>2026-07-27T11:55:26.000Z</time>
        <extensions>
          <ns3:TrackPointExtension>
            <ns3:hr>144</ns3:hr>
            <ns3:cad>86</ns3:cad>
          </ns3:TrackPointExtension>
        </extensions>
      </trkpt>
      <trkpt lat="30.27555570937693119049072265625" lon="120.20622580312192440032958984375">
        <ele>10.80000019073486328125</ele>
        <time>2026-07-27T11:55:27.000Z</time>
        <extensions>
          <ns3:TrackPointExtension>
            <ns3:hr>144</ns3:hr>
            <ns3:cad>86</ns3:cad>
          </ns3:TrackPointExtension>
        </extensions>
      </trkpt>
      <trkpt lat="30.27553022839128971099853515625" lon="120.2062227018177509307861328125">
        <ele>10.80000019073486328125</ele>
        <time>2026-07-27T11:55:28.000Z</time>
        <extensions>
          <ns3:TrackPointExtension>
            <ns3:hr>144</ns3:hr>
            <ns3:cad>86</ns3:cad>
          </ns3:TrackPointExtension>
        </extensions>
      </trkpt>
      <trkpt lat="30.27551379986107349395751953125" lon="120.20622429437935352325439453125">
        <ele>10.80000019073486328125</ele>
        <time>2026-07-27T11:55:29.000Z</time>
        <extensions>
          <ns3:TrackPointExtension>
            <ns3:hr>144</ns3:hr>
            <ns3:cad>85</ns3:cad>
          </ns3:TrackPointExtension>
        </extensions>
      </trkpt>
      <trkpt lat="30.27548848651349544525146484375" lon="120.20622362382709980010986328125">
        <ele>10.80000019073486328125</ele>
        <time>2026-07-27T11:55:30.000Z</time>
        <extensions>
          <ns3:TrackPointExtension>
            <ns3:hr>144</ns3:hr>
            <ns3:cad>85</ns3:cad>
          </ns3:TrackPointExtension>
        </extensions>
      </trkpt>
      <trkpt lat="30.27546853758394718170166015625" lon="120.20622446201741695404052734375">
        <ele>10.80000019073486328125</ele>
        <time>2026-07-27T11:55:31.000Z</time>
        <extensions>
          <ns3:TrackPointExtension>
            <ns3:hr>145</ns3:hr>
            <ns3:cad>85</ns3:cad>
          </ns3:TrackPointExtension>
        </extensions>
      </trkpt>
      <trkpt lat="30.2754464931786060333251953125" lon="120.20622597075998783111572265625">
        <ele>10.80000019073486328125</ele>
        <time>2026-07-27T11:55:32.000Z</time>
        <extensions>
          <ns3:TrackPointExtension>
            <ns3:hr>145</ns3:hr>
            <ns3:cad>86</ns3:cad>
          </ns3:TrackPointExtension>
        </extensions>
      </trkpt>
      <trkpt lat="30.275426208972930908203125" lon="120.20622454583644866943359375">
        <ele>10.80000019073486328125</ele>
        <time>2026-07-27T11:55:33.000Z</time>
        <extensions>
          <ns3:TrackPointExtension>
            <ns3:hr>145</ns3:hr>
            <ns3:cad>86</ns3:cad>
          </ns3:TrackPointExtension>
        </extensions>
      </trkpt>
      <trkpt lat="30.27540768496692180633544921875" lon="120.2062260545790195465087890625">
        <ele>10.6000003814697265625</ele>
        <time>2026-07-27T11:55:34.000Z</time>
        <extensions>
          <ns3:TrackPointExtension>
            <ns3:hr>144</ns3:hr>
            <ns3:cad>86</ns3:cad>
          </ns3:TrackPointExtension>
        </extensions>
      </trkpt>
      <trkpt lat="30.275384970009326934814453125" lon="120.20622462965548038482666015625">
        <ele>10.6000003814697265625</ele>
        <time>2026-07-27T11:55:35.000Z</time>
        <extensions>
          <ns3:TrackPointExtension>
            <ns3:hr>145</ns3:hr>
            <ns3:cad>86</ns3:cad>
          </ns3:TrackPointExtension>
        </extensions>
      </trkpt>
      <trkpt lat="30.2753683738410472869873046875" lon="120.2062327601015567779541015625">
        <ele>10.6000003814697265625</ele>
        <time>2026-07-27T11:55:36.000Z</time>
        <extensions>
          <ns3:TrackPointExtension>
            <ns3:hr>145</ns3:hr>
            <ns3:cad>87</ns3:cad>
          </ns3:TrackPointExtension>
        </extensions>
      </trkpt>
      <trkpt lat="30.27534297667443752288818359375" lon="120.2062354423105716705322265625">
        <ele>10.6000003814697265625</ele>
        <time>2026-07-27T11:55:37.000Z</time>
        <extensions>
          <ns3:TrackPointExtension>
            <ns3:hr>144</ns3:hr>
            <ns3:cad>87</ns3:cad>
          </ns3:TrackPointExtension>
        </extensions>
      </trkpt>
      <trkpt lat="30.2753284759819507598876953125" lon="120.20624105818569660186767578125">
        <ele>10.6000003814697265625</ele>
        <time>2026-07-27T11:55:38.000Z</time>
        <extensions>
          <ns3:TrackPointExtension>
            <ns3:hr>145</ns3:hr>
            <ns3:cad>86</ns3:cad>
          </ns3:TrackPointExtension>
        </extensions>
      </trkpt>
      <trkpt lat="30.2753041684627532958984375" lon="120.20624055527150630950927734375">
        <ele>10.6000003814697265625</ele>
        <time>2026-07-27T11:55:39.000Z</time>
        <extensions>
          <ns3:TrackPointExtension>
            <ns3:hr>145</ns3:hr>
            <ns3:cad>86</ns3:cad>
          </ns3:TrackPointExtension>
        </extensions>
      </trkpt>
      <trkpt lat="30.27528447099030017852783203125" lon="120.2062424831092357635498046875">
        <ele>10.6000003814697265625</ele>
        <time>2026-07-27T11:55:40.000Z</time>
        <extensions>
          <ns3:TrackPointExtension>
            <ns3:hr>144</ns3:hr>
            <ns3:cad>86</ns3:cad>
          </ns3:TrackPointExtension>
        </extensions>
      </trkpt>
      <trkpt lat="30.27526217512786388397216796875" lon="120.2062424831092357635498046875">
        <ele>10.6000003814697265625</ele>
        <time>2026-07-27T11:55:41.000Z</time>
        <extensions>
          <ns3:TrackPointExtension>
            <ns3:hr>145</ns3:hr>
            <ns3:cad>86</ns3:cad>
          </ns3:TrackPointExtension>
        </extensions>
      </trkpt>
      <trkpt lat="30.27523602358996868133544921875" lon="120.2062404714524745941162109375">
        <ele>10.80000019073486328125</ele>
        <time>2026-07-27T11:55:42.000Z</time>
        <extensions>
          <ns3:TrackPointExtension>
            <ns3:hr>145</ns3:hr>
            <ns3:cad>86</ns3:cad>
          </ns3:TrackPointExtension>
        </extensions>
      </trkpt>
      <trkpt lat="30.2752185054123401641845703125" lon="120.206246338784694671630859375">
        <ele>10.80000019073486328125</ele>
        <time>2026-07-27T11:55:43.000Z</time>
        <extensions>
          <ns3:TrackPointExtension>
            <ns3:hr>144</ns3:hr>
            <ns3:cad>86</ns3:cad>
          </ns3:TrackPointExtension>
        </extensions>
      </trkpt>
      <trkpt lat="30.275193192064762115478515625" lon="120.20624868571758270263671875">
        <ele>10.6000003814697265625</ele>
        <time>2026-07-27T11:55:44.000Z</time>
        <extensions>
          <ns3:TrackPointExtension>
            <ns3:hr>145</ns3:hr>
            <ns3:cad>86</ns3:cad>
          </ns3:TrackPointExtension>
        </extensions>
      </trkpt>
      <trkpt lat="30.275179445743560791015625" lon="120.206253714859485626220703125">
        <ele>10.6000003814697265625</ele>
        <time>2026-07-27T11:55:45.000Z</time>
        <extensions>
          <ns3:TrackPointExtension>
            <ns3:hr>145</ns3:hr>
            <ns3:cad>86</ns3:cad>
          </ns3:TrackPointExtension>
        </extensions>
      </trkpt>
      <trkpt lat="30.27515463531017303466796875" lon="120.20625513978302478790283203125">
        <ele>10.6000003814697265625</ele>
        <time>2026-07-27T11:55:46.000Z</time>
        <extensions>
          <ns3:TrackPointExtension>
            <ns3:hr>144</ns3:hr>
            <ns3:cad>86</ns3:cad>
          </ns3:TrackPointExtension>
        </extensions>
      </trkpt>
      <trkpt lat="30.2751405537128448486328125" lon="120.20625807344913482666015625">
        <ele>10.80000019073486328125</ele>
        <time>2026-07-27T11:55:47.000Z</time>
        <extensions>
          <ns3:TrackPointExtension>
            <ns3:hr>145</ns3:hr>
            <ns3:cad>86</ns3:cad>
          </ns3:TrackPointExtension>
        </extensions>
      </trkpt>
      <trkpt lat="30.2751195989549160003662109375" lon="120.2062612585723400115966796875">
        <ele>10.6000003814697265625</ele>
        <time>2026-07-27T11:55:48.000Z</time>
        <extensions>
          <ns3:TrackPointExtension>
            <ns3:hr>145</ns3:hr>
            <ns3:cad>87</ns3:cad>
          </ns3:TrackPointExtension>
        </extensions>
      </trkpt>
      <trkpt lat="30.27509788982570171356201171875" lon="120.20626134239137172698974609375">
        <ele>10.6000003814697265625</ele>
        <time>2026-07-27T11:55:49.000Z</time>
        <extensions>
          <ns3:TrackPointExtension>
            <ns3:hr>144</ns3:hr>
            <ns3:cad>87</ns3:cad>
          </ns3:TrackPointExtension>
        </extensions>
      </trkpt>
      <trkpt lat="30.275079198181629180908203125" lon="120.2062672935426235198974609375">
        <ele>10.6000003814697265625</ele>
        <time>2026-07-27T11:55:50.000Z</time>
        <extensions>
          <ns3:TrackPointExtension>
            <ns3:hr>145</ns3:hr>
            <ns3:cad>87</ns3:cad>
          </ns3:TrackPointExtension>
        </extensions>
      </trkpt>
      <trkpt lat="30.27505195699632167816162109375" lon="120.20626821555197238922119140625">
        <ele>10.3999996185302734375</ele>
        <time>2026-07-27T11:55:51.000Z</time>
        <extensions>
          <ns3:TrackPointExtension>
            <ns3:hr>145</ns3:hr>
            <ns3:cad>85</ns3:cad>
          </ns3:TrackPointExtension>
        </extensions>
      </trkpt>
      <trkpt lat="30.2750357799232006072998046875" lon="120.20627575926482677459716796875">
        <ele>10.3999996185302734375</ele>
        <time>2026-07-27T11:55:52.000Z</time>
        <extensions>
          <ns3:TrackPointExtension>
            <ns3:hr>144</ns3:hr>
            <ns3:cad>85</ns3:cad>
          </ns3:TrackPointExtension>
        </extensions>
      </trkpt>
      <trkpt lat="30.27501390315592288970947265625" lon="120.20627559162676334381103515625">
        <ele>10.3999996185302734375</ele>
        <time>2026-07-27T11:55:53.000Z</time>
        <extensions>
          <ns3:TrackPointExtension>
            <ns3:hr>144</ns3:hr>
            <ns3:cad>85</ns3:cad>
          </ns3:TrackPointExtension>
        </extensions>
      </trkpt>
      <trkpt lat="30.27499596588313579559326171875" lon="120.20627357997000217437744140625">
        <ele>10.3999996185302734375</ele>
        <time>2026-07-27T11:55:54.000Z</time>
        <extensions>
          <ns3:TrackPointExtension>
            <ns3:hr>144</ns3:hr>
            <ns3:cad>86</ns3:cad>
          </ns3:TrackPointExtension>
        </extensions>
      </trkpt>
      <trkpt lat="30.2749742567539215087890625" lon="120.206272490322589874267578125">
        <ele>10.3999996185302734375</ele>
        <time>2026-07-27T11:55:55.000Z</time>
        <extensions>
          <ns3:TrackPointExtension>
            <ns3:hr>145</ns3:hr>
            <ns3:cad>86</ns3:cad>
          </ns3:TrackPointExtension>
        </extensions>
      </trkpt>
      <trkpt lat="30.27495237998664379119873046875" lon="120.20627039484679698944091796875">
        <ele>10.3999996185302734375</ele>
        <time>2026-07-27T11:55:56.000Z</time>
        <extensions>
          <ns3:TrackPointExtension>
            <ns3:hr>144</ns3:hr>
            <ns3:cad>85</ns3:cad>
          </ns3:TrackPointExtension>
        </extensions>
      </trkpt>
      <trkpt lat="30.27493393979966640472412109375" lon="120.2062719874083995819091796875">
        <ele>10.3999996185302734375</ele>
        <time>2026-07-27T11:55:57.000Z</time>
        <extensions>
          <ns3:TrackPointExtension>
            <ns3:hr>144</ns3:hr>
            <ns3:cad>85</ns3:cad>
          </ns3:TrackPointExtension>
        </extensions>
      </trkpt>
      <trkpt lat="30.2749060280621051788330078125" lon="120.2062739990651607513427734375">
        <ele>10.3999996185302734375</ele>
        <time>2026-07-27T11:55:58.000Z</time>
        <extensions>
          <ns3:TrackPointExtension>
            <ns3:hr>144</ns3:hr>
            <ns3:cad>86</ns3:cad>
          </ns3:TrackPointExtension>
        </extensions>
      </trkpt>
      <trkpt lat="30.27488532476127147674560546875" lon="120.20628129132091999053955078125">
        <ele>10.6000003814697265625</ele>
        <time>2026-07-27T11:55:59.000Z</time>
        <extensions>
          <ns3:TrackPointExtension>
            <ns3:hr>144</ns3:hr>
            <ns3:cad>86</ns3:cad>
          </ns3:TrackPointExtension>
        </extensions>
      </trkpt>
      <trkpt lat="30.27486118488013744354248046875" lon="120.2062877453863620758056640625">
        <ele>10.6000003814697265625</ele>
        <time>2026-07-27T11:56:00.000Z</time>
        <extensions>
          <ns3:TrackPointExtension>
            <ns3:hr>144</ns3:hr>
            <ns3:cad>86</ns3:cad>
          </ns3:TrackPointExtension>
        </extensions>
      </trkpt>
      <trkpt lat="30.2748426608741283416748046875" lon="120.2062934450805187225341796875">
        <ele>10.80000019073486328125</ele>
        <time>2026-07-27T11:56:01.000Z</time>
        <extensions>
          <ns3:TrackPointExtension>
            <ns3:hr>144</ns3:hr>
            <ns3:cad>85</ns3:cad>
          </ns3:TrackPointExtension>
        </extensions>
      </trkpt>
      <trkpt lat="30.27482296340167522430419921875" lon="120.20630392245948314666748046875">
        <ele>10.80000019073486328125</ele>
        <time>2026-07-27T11:56:02.000Z</time>
        <extensions>
          <ns3:TrackPointExtension>
            <ns3:hr>143</ns3:hr>
            <ns3:cad>85</ns3:cad>
          </ns3:TrackPointExtension>
        </extensions>
      </trkpt>
      <trkpt lat="30.27479924261569976806640625" lon="120.20631465129554271697998046875">
        <ele>10.80000019073486328125</ele>
        <time>2026-07-27T11:56:03.000Z</time>
        <extensions>
          <ns3:TrackPointExtension>
            <ns3:hr>144</ns3:hr>
            <ns3:cad>85</ns3:cad>
          </ns3:TrackPointExtension>
        </extensions>
      </trkpt>
      <trkpt lat="30.27478541247546672821044921875" lon="120.2063338458538055419921875">
        <ele>10.6000003814697265625</ele>
        <time>2026-07-27T11:56:04.000Z</time>
        <extensions>
          <ns3:TrackPointExtension>
            <ns3:hr>144</ns3:hr>
            <ns3:cad>85</ns3:cad>
          </ns3:TrackPointExtension>
        </extensions>
      </trkpt>
      <trkpt lat="30.2747595123946666717529296875" lon="120.20635270513594150543212890625">
        <ele>10.6000003814697265625</ele>
        <time>2026-07-27T11:56:05.000Z</time>
        <extensions>
          <ns3:TrackPointExtension>
            <ns3:hr>143</ns3:hr>
            <ns3:cad>84</ns3:cad>
          </ns3:TrackPointExtension>
        </extensions>
      </trkpt>
      <trkpt lat="30.2747484482824802398681640625" lon="120.206367708742618560791015625">
        <ele>10.80000019073486328125</ele>
        <time>2026-07-27T11:56:06.000Z</time>
        <extensions>
          <ns3:TrackPointExtension>
            <ns3:hr>144</ns3:hr>
            <ns3:cad>84</ns3:cad>
          </ns3:TrackPointExtension>
        </extensions>
      </trkpt>
      <trkpt lat="30.27473084628582000732421875" lon="120.20638438872992992401123046875">
        <ele>10.80000019073486328125</ele>
        <time>2026-07-27T11:56:07.000Z</time>
        <extensions>
          <ns3:TrackPointExtension>
            <ns3:hr>143</ns3:hr>
            <ns3:cad>84</ns3:cad>
          </ns3:TrackPointExtension>
        </extensions>
      </trkpt>
      <trkpt lat="30.27471668086946010589599609375" lon="120.20640366710722446441650390625">
        <ele>10.80000019073486328125</ele>
        <time>2026-07-27T11:56:08.000Z</time>
        <extensions>
          <ns3:TrackPointExtension>
            <ns3:hr>143</ns3:hr>
            <ns3:cad>84</ns3:cad>
          </ns3:TrackPointExtension>
        </extensions>
      </trkpt>
      <trkpt lat="30.274709723889827728271484375" lon="120.2064218558371067047119140625">
        <ele>11</ele>
        <time>2026-07-27T11:56:09.000Z</time>
        <extensions>
          <ns3:TrackPointExtension>
            <ns3:hr>143</ns3:hr>
            <ns3:cad>85</ns3:cad>
          </ns3:TrackPointExtension>
        </extensions>
      </trkpt>
      <trkpt lat="30.2746998332440853118896484375" lon="120.20644423551857471466064453125">
        <ele>11</ele>
        <time>2026-07-27T11:56:10.000Z</time>
        <extensions>
          <ns3:TrackPointExtension>
            <ns3:hr>144</ns3:hr>
            <ns3:cad>85</ns3:cad>
          </ns3:TrackPointExtension>
        </extensions>
      </trkpt>
      <trkpt lat="30.274696648120880126953125" lon="120.206460915505886077880859375">
        <ele>11</ele>
        <time>2026-07-27T11:56:11.000Z</time>
        <extensions>
          <ns3:TrackPointExtension>
            <ns3:hr>144</ns3:hr>
            <ns3:cad>85</ns3:cad>
          </ns3:TrackPointExtension>
        </extensions>
      </trkpt>
      <trkpt lat="30.2746877633035182952880859375" lon="120.20648497156798839569091796875">
        <ele>10.80000019073486328125</ele>
        <time>2026-07-27T11:56:12.000Z</time>
        <extensions>
          <ns3:TrackPointExtension>
            <ns3:hr>143</ns3:hr>
            <ns3:cad>85</ns3:cad>
          </ns3:TrackPointExtension>
        </extensions>
      </trkpt>
      <trkpt lat="30.27468583546578884124755859375" lon="120.206505842506885528564453125">
        <ele>10.80000019073486328125</ele>
        <time>2026-07-27T11:56:13.000Z</time>
        <extensions>
          <ns3:TrackPointExtension>
            <ns3:hr>143</ns3:hr>
            <ns3:cad>85</ns3:cad>
          </ns3:TrackPointExtension>
        </extensions>
      </trkpt>
      <trkpt lat="30.2746867574751377105712890625" lon="120.20653023384511470794677734375">
        <ele>10.80000019073486328125</ele>
        <time>2026-07-27T11:56:14.000Z</time>
        <extensions>
          <ns3:TrackPointExtension>
            <ns3:hr>144</ns3:hr>
            <ns3:cad>85</ns3:cad>
          </ns3:TrackPointExtension>
        </extensions>
      </trkpt>
      <trkpt lat="30.2746899425983428955078125" lon="120.20655873231589794158935546875">
        <ele>10.80000019073486328125</ele>
        <time>2026-07-27T11:56:15.000Z</time>
        <extensions>
          <ns3:TrackPointExtension>
            <ns3:hr>144</ns3:hr>
            <ns3:cad>85</ns3:cad>
          </ns3:TrackPointExtension>
        </extensions>
      </trkpt>
      <trkpt lat="30.2746978215873241424560546875" lon="120.20658186636865139007568359375">
        <ele>10.80000019073486328125</ele>
        <time>2026-07-27T11:56:16.000Z</time>
        <extensions>
          <ns3:TrackPointExtension>
            <ns3:hr>144</ns3:hr>
            <ns3:cad>85</ns3:cad>
          </ns3:TrackPointExtension>
        </extensions>
      </trkpt>
      <trkpt lat="30.2747001685202121734619140625" lon="120.20661790855228900909423828125">
        <ele>10.6000003814697265625</ele>
        <time>2026-07-27T11:56:17.000Z</time>
        <extensions>
          <ns3:TrackPointExtension>
            <ns3:hr>143</ns3:hr>
            <ns3:cad>85</ns3:cad>
          </ns3:TrackPointExtension>
        </extensions>
      </trkpt>
      <trkpt lat="30.27471005916595458984375" lon="120.2066428028047084808349609375">
        <ele>10.6000003814697265625</ele>
        <time>2026-07-27T11:56:18.000Z</time>
        <extensions>
          <ns3:TrackPointExtension>
            <ns3:hr>144</ns3:hr>
            <ns3:cad>85</ns3:cad>
          </ns3:TrackPointExtension>
        </extensions>
      </trkpt>
      <trkpt lat="30.274719782173633575439453125" lon="120.20667725242674350738525390625">
        <ele>10.6000003814697265625</ele>
        <time>2026-07-27T11:56:19.000Z</time>
        <extensions>
          <ns3:TrackPointExtension>
            <ns3:hr>144</ns3:hr>
            <ns3:cad>85</ns3:cad>
          </ns3:TrackPointExtension>
        </extensions>
      </trkpt>
      <trkpt lat="30.2747296728193759918212890625" lon="120.20670306868851184844970703125">
        <ele>10.80000019073486328125</ele>
        <time>2026-07-27T11:56:20.000Z</time>
        <extensions>
          <ns3:TrackPointExtension>
            <ns3:hr>144</ns3:hr>
            <ns3:cad>85</ns3:cad>
          </ns3:TrackPointExtension>
        </extensions>
      </trkpt>
      <trkpt lat="30.274744592607021331787109375" lon="120.2067182399332523345947265625">
        <ele>10.80000019073486328125</ele>
        <time>2026-07-27T11:56:21.000Z</time>
        <extensions>
          <ns3:TrackPointExtension>
            <ns3:hr>144</ns3:hr>
            <ns3:cad>85</ns3:cad>
          </ns3:TrackPointExtension>
        </extensions>
      </trkpt>
      <trkpt lat="30.27476328425109386444091796875" lon="120.20674179308116436004638671875">
        <ele>10.80000019073486328125</ele>
        <time>2026-07-27T11:56:22.000Z</time>
        <extensions>
          <ns3:TrackPointExtension>
            <ns3:hr>144</ns3:hr>
            <ns3:cad>85</ns3:cad>
          </ns3:TrackPointExtension>
        </extensions>
      </trkpt>
      <trkpt lat="30.2747786231338977813720703125" lon="120.20674883387982845306396484375">
        <ele>10.80000019073486328125</ele>
        <time>2026-07-27T11:56:23.000Z</time>
        <extensions>
          <ns3:TrackPointExtension>
            <ns3:hr>144</ns3:hr>
            <ns3:cad>85</ns3:cad>
          </ns3:TrackPointExtension>
        </extensions>
      </trkpt>
      <trkpt lat="30.27479899115860462188720703125" lon="120.206769369542598724365234375">
        <ele>10.80000019073486328125</ele>
        <time>2026-07-27T11:56:24.000Z</time>
        <extensions>
          <ns3:TrackPointExtension>
            <ns3:hr>144</ns3:hr>
            <ns3:cad>85</ns3:cad>
          </ns3:TrackPointExtension>
        </extensions>
      </trkpt>
      <trkpt lat="30.27481340803205966949462890625" lon="120.20678118802607059478759765625">
        <ele>10.6000003814697265625</ele>
        <time>2026-07-27T11:56:25.000Z</time>
        <extensions>
          <ns3:TrackPointExtension>
            <ns3:hr>144</ns3:hr>
            <ns3:cad>85</ns3:cad>
          </ns3:TrackPointExtension>
        </extensions>
      </trkpt>
      <trkpt lat="30.2748332731425762176513671875" lon="120.2067940123379230499267578125">
        <ele>10.6000003814697265625</ele>
        <time>2026-07-27T11:56:26.000Z</time>
        <extensions>
          <ns3:TrackPointExtension>
            <ns3:hr>144</ns3:hr>
            <ns3:cad>84</ns3:cad>
          </ns3:TrackPointExtension>
        </extensions>
      </trkpt>
      <trkpt lat="30.27485364116728305816650390625" lon="120.20680884830653667449951171875">
        <ele>10.6000003814697265625</ele>
        <time>2026-07-27T11:56:27.000Z</time>
        <extensions>
          <ns3:TrackPointExtension>
            <ns3:hr>144</ns3:hr>
            <ns3:cad>84</ns3:cad>
          </ns3:TrackPointExtension>
        </extensions>
      </trkpt>
      <trkpt lat="30.27487023733556270599365234375" lon="120.2068127878010272979736328125">
        <ele>10.6000003814697265625</ele>
        <time>2026-07-27T11:56:28.000Z</time>
        <extensions>
          <ns3:TrackPointExtension>
            <ns3:hr>144</ns3:hr>
            <ns3:cad>85</ns3:cad>
          </ns3:TrackPointExtension>
        </extensions>
      </trkpt>
      <trkpt lat="30.2748936228454113006591796875" lon="120.20682427100837230682373046875">
        <ele>10.6000003814697265625</ele>
        <time>2026-07-27T11:56:29.000Z</time>
        <extensions>
          <ns3:TrackPointExtension>
            <ns3:hr>143</ns3:hr>
            <ns3:cad>85</ns3:cad>
          </ns3:TrackPointExtension>
        </extensions>
      </trkpt>
      <trkpt lat="30.27490879409015178680419921875" lon="120.20682670176029205322265625">
        <ele>10.6000003814697265625</ele>
        <time>2026-07-27T11:56:30.000Z</time>
        <extensions>
          <ns3:TrackPointExtension>
            <ns3:hr>144</ns3:hr>
            <ns3:cad>85</ns3:cad>
          </ns3:TrackPointExtension>
        </extensions>
      </trkpt>
      <trkpt lat="30.274932347238063812255859375" lon="120.20683248527348041534423828125">
        <ele>10.6000003814697265625</ele>
        <time>2026-07-27T11:56:31.000Z</time>
        <extensions>
          <ns3:TrackPointExtension>
            <ns3:hr>144</ns3:hr>
            <ns3:cad>85</ns3:cad>
          </ns3:TrackPointExtension>
        </extensions>
      </trkpt>
      <trkpt lat="30.27495506219565868377685546875" lon="120.20683198235929012298583984375">
        <ele>10.6000003814697265625</ele>
        <time>2026-07-27T11:56:32.000Z</time>
        <extensions>
          <ns3:TrackPointExtension>
            <ns3:hr>144</ns3:hr>
            <ns3:cad>85</ns3:cad>
          </ns3:TrackPointExtension>
        </extensions>
      </trkpt>
      <trkpt lat="30.274975933134555816650390625" lon="120.2068278752267360687255859375">
        <ele>10.6000003814697265625</ele>
        <time>2026-07-27T11:56:33.000Z</time>
        <extensions>
          <ns3:TrackPointExtension>
            <ns3:hr>144</ns3:hr>
            <ns3:cad>85</ns3:cad>
          </ns3:TrackPointExtension>
        </extensions>
      </trkpt>
      <trkpt lat="30.27499772608280181884765625" lon="120.20683181472122669219970703125">
        <ele>10.6000003814697265625</ele>
        <time>2026-07-27T11:56:34.000Z</time>
        <extensions>
          <ns3:TrackPointExtension>
            <ns3:hr>144</ns3:hr>
            <ns3:cad>85</ns3:cad>
          </ns3:TrackPointExtension>
        </extensions>
      </trkpt>
      <trkpt lat="30.27501105330884456634521484375" lon="120.20682594738900661468505859375">
        <ele>10.6000003814697265625</ele>
        <time>2026-07-27T11:56:35.000Z</time>
        <extensions>
          <ns3:TrackPointExtension>
            <ns3:hr>144</ns3:hr>
            <ns3:cad>85</ns3:cad>
          </ns3:TrackPointExtension>
        </extensions>
      </trkpt>
      <trkpt lat="30.27503452263772487640380859375" lon="120.206824354827404022216796875">
        <ele>10.6000003814697265625</ele>
        <time>2026-07-27T11:56:36.000Z</time>
        <extensions>
          <ns3:TrackPointExtension>
            <ns3:hr>144</ns3:hr>
            <ns3:cad>85</ns3:cad>
          </ns3:TrackPointExtension>
        </extensions>
      </trkpt>
      <trkpt lat="30.2750508673489093780517578125" lon="120.20681924186646938323974609375">
        <ele>10.6000003814697265625</ele>
        <time>2026-07-27T11:56:37.000Z</time>
        <extensions>
          <ns3:TrackPointExtension>
            <ns3:hr>144</ns3:hr>
            <ns3:cad>85</ns3:cad>
          </ns3:TrackPointExtension>
        </extensions>
      </trkpt>
      <trkpt lat="30.275066457688808441162109375" lon="120.20681756548583507537841796875">
        <ele>10.6000003814697265625</ele>
        <time>2026-07-27T11:56:38.000Z</time>
        <extensions>
          <ns3:TrackPointExtension>
            <ns3:hr>144</ns3:hr>
            <ns3:cad>84</ns3:cad>
          </ns3:TrackPointExtension>
        </extensions>
      </trkpt>
      <trkpt lat="30.275087915360927581787109375" lon="120.20682175643742084503173828125">
        <ele>10.6000003814697265625</ele>
        <time>2026-07-27T11:56:39.000Z</time>
        <extensions>
          <ns3:TrackPointExtension>
            <ns3:hr>143</ns3:hr>
            <ns3:cad>84</ns3:cad>
          </ns3:TrackPointExtension>
        </extensions>
      </trkpt>
      <trkpt lat="30.27510191313922405242919921875" lon="120.206812955439090728759765625">
        <ele>10.6000003814697265625</ele>
        <time>2026-07-27T11:56:40.000Z</time>
        <extensions>
          <ns3:TrackPointExtension>
            <ns3:hr>143</ns3:hr>
            <ns3:cad>83</ns3:cad>
          </ns3:TrackPointExtension>
        </extensions>
      </trkpt>
      <trkpt lat="30.27512806467711925506591796875" lon="120.20681505091488361358642578125">
        <ele>10.6000003814697265625</ele>
        <time>2026-07-27T11:56:41.000Z</time>
        <extensions>
          <ns3:TrackPointExtension>
            <ns3:hr>143</ns3:hr>
            <ns3:cad>83</ns3:cad>
          </ns3:TrackPointExtension>
        </extensions>
      </trkpt>
      <trkpt lat="30.2751501090824604034423828125" lon="120.2068121172487735748291015625">
        <ele>10.6000003814697265625</ele>
        <time>2026-07-27T11:56:42.000Z</time>
        <extensions>
          <ns3:TrackPointExtension>
            <ns3:hr>143</ns3:hr>
            <ns3:cad>84</ns3:cad>
          </ns3:TrackPointExtension>
        </extensions>
      </trkpt>
      <trkpt lat="30.275173746049404144287109375" lon="120.20680926740169525146484375">
        <ele>10.6000003814697265625</ele>
        <time>2026-07-27T11:56:43.000Z</time>
        <extensions>
          <ns3:TrackPointExtension>
            <ns3:hr>143</ns3:hr>
            <ns3:cad>84</ns3:cad>
          </ns3:TrackPointExtension>
        </extensions>
      </trkpt>
      <trkpt lat="30.27519579045474529266357421875" lon="120.2068085968494415283203125">
        <ele>10.6000003814697265625</ele>
        <time>2026-07-27T11:56:44.000Z</time>
        <extensions>
          <ns3:TrackPointExtension>
            <ns3:hr>143</ns3:hr>
            <ns3:cad>85</ns3:cad>
          </ns3:TrackPointExtension>
        </extensions>
      </trkpt>
      <trkpt lat="30.27521657757461071014404296875" lon="120.20680448971688747406005859375">
        <ele>10.3999996185302734375</ele>
        <time>2026-07-27T11:56:45.000Z</time>
        <extensions>
          <ns3:TrackPointExtension>
            <ns3:hr>143</ns3:hr>
            <ns3:cad>85</ns3:cad>
          </ns3:TrackPointExtension>
        </extensions>
      </trkpt>
      <trkpt lat="30.2752396278083324432373046875" lon="120.206804238259792327880859375">
        <ele>10.3999996185302734375</ele>
        <time>2026-07-27T11:56:46.000Z</time>
        <extensions>
          <ns3:TrackPointExtension>
            <ns3:hr>144</ns3:hr>
            <ns3:cad>86</ns3:cad>
          </ns3:TrackPointExtension>
        </extensions>
      </trkpt>
      <trkpt lat="30.2752600796520709991455078125" lon="120.20679996348917484283447265625">
        <ele>10.6000003814697265625</ele>
        <time>2026-07-27T11:56:47.000Z</time>
        <extensions>
          <ns3:TrackPointExtension>
            <ns3:hr>143</ns3:hr>
            <ns3:cad>86</ns3:cad>
          </ns3:TrackPointExtension>
        </extensions>
      </trkpt>
      <trkpt lat="30.27528338134288787841796875" lon="120.20680063404142856597900390625">
        <ele>10.3999996185302734375</ele>
        <time>2026-07-27T11:56:48.000Z</time>
        <extensions>
          <ns3:TrackPointExtension>
            <ns3:hr>143</ns3:hr>
            <ns3:cad>86</ns3:cad>
          </ns3:TrackPointExtension>
        </extensions>
      </trkpt>
      <trkpt lat="30.27529972605407238006591796875" lon="120.20679543726146221160888671875">
        <ele>10.3999996185302734375</ele>
        <time>2026-07-27T11:56:49.000Z</time>
        <extensions>
          <ns3:TrackPointExtension>
            <ns3:hr>143</ns3:hr>
            <ns3:cad>86</ns3:cad>
          </ns3:TrackPointExtension>
        </extensions>
      </trkpt>
      <trkpt lat="30.27532151900231838226318359375" lon="120.2067940123379230499267578125">
        <ele>10.3999996185302734375</ele>
        <time>2026-07-27T11:56:50.000Z</time>
        <extensions>
          <ns3:TrackPointExtension>
            <ns3:hr>144</ns3:hr>
            <ns3:cad>87</ns3:cad>
          </ns3:TrackPointExtension>
        </extensions>
      </trkpt>
      <trkpt lat="30.2753412164747714996337890625" lon="120.2067899890244007110595703125">
        <ele>10.3999996185302734375</ele>
        <time>2026-07-27T11:56:51.000Z</time>
        <extensions>
          <ns3:TrackPointExtension>
            <ns3:hr>144</ns3:hr>
            <ns3:cad>87</ns3:cad>
          </ns3:TrackPointExtension>
        </extensions>
      </trkpt>
      <trkpt lat="30.2753606624901294708251953125" lon="120.20678454078733921051025390625">
        <ele>10.3999996185302734375</ele>
        <time>2026-07-27T11:56:52.000Z</time>
        <extensions>
          <ns3:TrackPointExtension>
            <ns3:hr>144</ns3:hr>
            <ns3:cad>87</ns3:cad>
          </ns3:TrackPointExtension>
        </extensions>
      </trkpt>
      <trkpt lat="30.2753824554383754730224609375" lon="120.20678915083408355712890625">
        <ele>10.3999996185302734375</ele>
        <time>2026-07-27T11:56:53.000Z</time>
        <extensions>
          <ns3:TrackPointExtension>
            <ns3:hr>144</ns3:hr>
            <ns3:cad>86</ns3:cad>
          </ns3:TrackPointExtension>
        </extensions>
      </trkpt>
      <trkpt lat="30.2753965370357036590576171875" lon="120.20678252913057804107666015625">
        <ele>10.3999996185302734375</ele>
        <time>2026-07-27T11:56:54.000Z</time>
        <extensions>
          <ns3:TrackPointExtension>
            <ns3:hr>144</ns3:hr>
            <ns3:cad>85</ns3:cad>
          </ns3:TrackPointExtension>
        </extensions>
      </trkpt>
      <trkpt lat="30.27542076073586940765380859375" lon="120.206787474453449249267578125">
        <ele>10.3999996185302734375</ele>
        <time>2026-07-27T11:56:55.000Z</time>
        <extensions>
          <ns3:TrackPointExtension>
            <ns3:hr>145</ns3:hr>
            <ns3:cad>85</ns3:cad>
          </ns3:TrackPointExtension>
        </extensions>
      </trkpt>
      <trkpt lat="30.2754340879619121551513671875" lon="120.20678152330219745635986328125">
        <ele>10.3999996185302734375</ele>
        <time>2026-07-27T11:56:56.000Z</time>
        <extensions>
          <ns3:TrackPointExtension>
            <ns3:hr>145</ns3:hr>
            <ns3:cad>86</ns3:cad>
          </ns3:TrackPointExtension>
        </extensions>
      </trkpt>
      <trkpt lat="30.27545697055757045745849609375" lon="120.20677934400737285614013671875">
        <ele>10.3999996185302734375</ele>
        <time>2026-07-27T11:56:57.000Z</time>
        <extensions>
          <ns3:TrackPointExtension>
            <ns3:hr>145</ns3:hr>
            <ns3:cad>86</ns3:cad>
          </ns3:TrackPointExtension>
        </extensions>
      </trkpt>
      <trkpt lat="30.27547641657292842864990234375" lon="120.206777416169643402099609375">
        <ele>10.6000003814697265625</ele>
        <time>2026-07-27T11:56:58.000Z</time>
        <extensions>
          <ns3:TrackPointExtension>
            <ns3:hr>145</ns3:hr>
            <ns3:cad>86</ns3:cad>
          </ns3:TrackPointExtension>
        </extensions>
      </trkpt>
      <trkpt lat="30.2754981257021427154541015625" lon="120.2067728899419307708740234375">
        <ele>10.3999996185302734375</ele>
        <time>2026-07-27T11:56:59.000Z</time>
        <extensions>
          <ns3:TrackPointExtension>
            <ns3:hr>145</ns3:hr>
            <ns3:cad>86</ns3:cad>
          </ns3:TrackPointExtension>
        </extensions>
      </trkpt>
      <trkpt lat="30.2755215950310230255126953125" lon="120.20677506923675537109375">
        <ele>10.3999996185302734375</ele>
        <time>2026-07-27T11:57:00.000Z</time>
        <extensions>
          <ns3:TrackPointExtension>
            <ns3:hr>144</ns3:hr>
            <ns3:cad>86</ns3:cad>
          </ns3:TrackPointExtension>
        </extensions>
      </trkpt>
      <trkpt lat="30.27554062195122241973876953125" lon="120.20677146501839160919189453125">
        <ele>10.3999996185302734375</ele>
        <time>2026-07-27T11:57:01.000Z</time>
        <extensions>
          <ns3:TrackPointExtension>
            <ns3:hr>145</ns3:hr>
            <ns3:cad>86</ns3:cad>
          </ns3:TrackPointExtension>
        </extensions>
      </trkpt>
      <trkpt lat="30.2755675278604030609130859375" lon="120.2067698724567890167236328125">
        <ele>10.3999996185302734375</ele>
        <time>2026-07-27T11:57:02.000Z</time>
        <extensions>
          <ns3:TrackPointExtension>
            <ns3:hr>144</ns3:hr>
            <ns3:cad>86</ns3:cad>
          </ns3:TrackPointExtension>
        </extensions>
      </trkpt>
      <trkpt lat="30.2755852974951267242431640625" lon="120.20676593296229839324951171875">
        <ele>10.3999996185302734375</ele>
        <time>2026-07-27T11:57:03.000Z</time>
        <extensions>
          <ns3:TrackPointExtension>
            <ns3:hr>144</ns3:hr>
            <ns3:cad>85</ns3:cad>
          </ns3:TrackPointExtension>
        </extensions>
      </trkpt>
      <trkpt lat="30.27560968883335590362548828125" lon="120.20676593296229839324951171875">
        <ele>10.3999996185302734375</ele>
        <time>2026-07-27T11:57:04.000Z</time>
        <extensions>
          <ns3:TrackPointExtension>
            <ns3:hr>144</ns3:hr>
            <ns3:cad>85</ns3:cad>
          </ns3:TrackPointExtension>
        </extensions>
      </trkpt>
      <trkpt lat="30.275629051029682159423828125" lon="120.2067574672400951385498046875">
        <ele>10.3999996185302734375</ele>
        <time>2026-07-27T11:57:05.000Z</time>
        <extensions>
          <ns3:TrackPointExtension>
            <ns3:hr>144</ns3:hr>
            <ns3:cad>85</ns3:cad>
          </ns3:TrackPointExtension>
        </extensions>
      </trkpt>
      <trkpt lat="30.27565092779695987701416015625" lon="120.20675168372690677642822265625">
        <ele>10.3999996185302734375</ele>
        <time>2026-07-27T11:57:06.000Z</time>
        <extensions>
          <ns3:TrackPointExtension>
            <ns3:hr>145</ns3:hr>
            <ns3:cad>86</ns3:cad>
          </ns3:TrackPointExtension>
        </extensions>
      </trkpt>
      <trkpt lat="30.275675989687442779541015625" lon="120.206750929355621337890625">
        <ele>10.3999996185302734375</ele>
        <time>2026-07-27T11:57:07.000Z</time>
        <extensions>
          <ns3:TrackPointExtension>
            <ns3:hr>145</ns3:hr>
            <ns3:cad>86</ns3:cad>
          </ns3:TrackPointExtension>
        </extensions>
      </trkpt>
      <trkpt lat="30.27569317258894443511962890625" lon="120.20674330182373523712158203125">
        <ele>10.6000003814697265625</ele>
        <time>2026-07-27T11:57:08.000Z</time>
        <extensions>
          <ns3:TrackPointExtension>
            <ns3:hr>147</ns3:hr>
            <ns3:cad>86</ns3:cad>
          </ns3:TrackPointExtension>
        </extensions>
      </trkpt>
      <trkpt lat="30.27571613900363445281982421875" lon="120.206743888556957244873046875">
        <ele>10.3999996185302734375</ele>
        <time>2026-07-27T11:57:09.000Z</time>
        <extensions>
          <ns3:TrackPointExtension>
            <ns3:hr>147</ns3:hr>
            <ns3:cad>86</ns3:cad>
          </ns3:TrackPointExtension>
        </extensions>
      </trkpt>
      <trkpt lat="30.2757279574871063232421875" lon="120.2067339979112148284912109375">
        <ele>10.3999996185302734375</ele>
        <time>2026-07-27T11:57:10.000Z</time>
        <extensions>
          <ns3:TrackPointExtension>
            <ns3:hr>147</ns3:hr>
            <ns3:cad>86</ns3:cad>
          </ns3:TrackPointExtension>
        </extensions>
      </trkpt>
      <trkpt lat="30.27574564330279827117919921875" lon="120.20672050304710865020751953125">
        <ele>10.3999996185302734375</ele>
        <time>2026-07-27T11:57:11.000Z</time>
        <extensions>
          <ns3:TrackPointExtension>
            <ns3:hr>148</ns3:hr>
            <ns3:cad>86</ns3:cad>
          </ns3:TrackPointExtension>
        </extensions>
      </trkpt>
      <trkpt lat="30.27575653977692127227783203125" lon="120.2067065052688121795654296875">
        <ele>10.3999996185302734375</ele>
        <time>2026-07-27T11:57:12.000Z</time>
        <extensions>
          <ns3:TrackPointExtension>
            <ns3:hr>148</ns3:hr>
            <ns3:cad>86</ns3:cad>
          </ns3:TrackPointExtension>
        </extensions>
      </trkpt>
      <trkpt lat="30.2757663466036319732666015625" lon="120.20669125020503997802734375">
        <ele>10.3999996185302734375</ele>
        <time>2026-07-27T11:57:13.000Z</time>
        <extensions>
          <ns3:TrackPointExtension>
            <ns3:hr>148</ns3:hr>
            <ns3:cad>86</ns3:cad>
          </ns3:TrackPointExtension>
        </extensions>
      </trkpt>
      <trkpt lat="30.275781936943531036376953125" lon="120.20667339675128459930419921875">
        <ele>10.3999996185302734375</ele>
        <time>2026-07-27T11:57:14.000Z</time>
        <extensions>
          <ns3:TrackPointExtension>
            <ns3:hr>148</ns3:hr>
            <ns3:cad>86</ns3:cad>
          </ns3:TrackPointExtension>
        </extensions>
      </trkpt>
      <trkpt lat="30.27578704990446567535400390625" lon="120.2066558785736560821533203125">
        <ele>10.3999996185302734375</ele>
        <time>2026-07-27T11:57:15.000Z</time>
        <extensions>
          <ns3:TrackPointExtension>
            <ns3:hr>147</ns3:hr>
            <ns3:cad>86</ns3:cad>
          </ns3:TrackPointExtension>
        </extensions>
      </trkpt>
      <trkpt lat="30.27579962275922298431396484375" lon="120.20663299597799777984619140625">
        <ele>10.3999996185302734375</ele>
        <time>2026-07-27T11:57:16.000Z</time>
        <extensions>
          <ns3:TrackPointExtension>
            <ns3:hr>147</ns3:hr>
            <ns3:cad>86</ns3:cad>
          </ns3:TrackPointExtension>
        </extensions>
      </trkpt>
      <trkpt lat="30.275802053511142730712890625" lon="120.20661438815295696258544921875">
        <ele>10.3999996185302734375</ele>
        <time>2026-07-27T11:57:17.000Z</time>
        <extensions>
          <ns3:TrackPointExtension>
            <ns3:hr>146</ns3:hr>
            <ns3:cad>86</ns3:cad>
          </ns3:TrackPointExtension>
        </extensions>
      </trkpt>
      <trkpt lat="30.2758129499852657318115234375" lon="120.2065878175199031829833984375">
        <ele>10.3999996185302734375</ele>
        <time>2026-07-27T11:57:18.000Z</time>
        <extensions>
          <ns3:TrackPointExtension>
            <ns3:hr>146</ns3:hr>
            <ns3:cad>86</ns3:cad>
          </ns3:TrackPointExtension>
        </extensions>
      </trkpt>
      <trkpt lat="30.2758166380226612091064453125" lon="120.20656946115195751190185546875">
        <ele>10.3999996185302734375</ele>
        <time>2026-07-27T11:57:19.000Z</time>
        <extensions>
          <ns3:TrackPointExtension>
            <ns3:hr>146</ns3:hr>
            <ns3:cad>86</ns3:cad>
          </ns3:TrackPointExtension>
        </extensions>
      </trkpt>
      <trkpt lat="30.27582585811614990234375" lon="120.20654129795730113983154296875">
        <ele>10.3999996185302734375</ele>
        <time>2026-07-27T11:57:20.000Z</time>
        <extensions>
          <ns3:TrackPointExtension>
            <ns3:hr>146</ns3:hr>
            <ns3:cad>87</ns3:cad>
          </ns3:TrackPointExtension>
        </extensions>
      </trkpt>
      <trkpt lat="30.27582786977291107177734375" lon="120.2065231092274188995361328125">
        <ele>10.3999996185302734375</ele>
        <time>2026-07-27T11:57:21.000Z</time>
        <extensions>
          <ns3:TrackPointExtension>
            <ns3:hr>146</ns3:hr>
            <ns3:cad>87</ns3:cad>
          </ns3:TrackPointExtension>
        </extensions>
      </trkpt>
      <trkpt lat="30.27582795359194278717041015625" lon="120.2064986340701580047607421875">
        <ele>10.3999996185302734375</ele>
        <time>2026-07-27T11:57:22.000Z</time>
        <extensions>
          <ns3:TrackPointExtension>
            <ns3:hr>145</ns3:hr>
            <ns3:cad>87</ns3:cad>
          </ns3:TrackPointExtension>
        </extensions>
      </trkpt>
      <trkpt lat="30.27582979761064052581787109375" lon="120.206472314894199371337890625">
        <ele>10.3999996185302734375</ele>
        <time>2026-07-27T11:57:23.000Z</time>
        <extensions>
          <ns3:TrackPointExtension>
            <ns3:hr>146</ns3:hr>
            <ns3:cad>87</ns3:cad>
          </ns3:TrackPointExtension>
        </extensions>
      </trkpt>
      <trkpt lat="30.275824181735515594482421875" lon="120.20645127631723880767822265625">
        <ele>10.3999996185302734375</ele>
        <time>2026-07-27T11:57:24.000Z</time>
        <extensions>
          <ns3:TrackPointExtension>
            <ns3:hr>146</ns3:hr>
            <ns3:cad>86</ns3:cad>
          </ns3:TrackPointExtension>
        </extensions>
      </trkpt>
      <trkpt lat="30.275823175907135009765625" lon="120.20642101764678955078125">
        <ele>10.19999980926513671875</ele>
        <time>2026-07-27T11:57:25.000Z</time>
        <extensions>
          <ns3:TrackPointExtension>
            <ns3:hr>146</ns3:hr>
            <ns3:cad>86</ns3:cad>
          </ns3:TrackPointExtension>
        </extensions>
      </trkpt>
      <trkpt lat="30.2758159674704074859619140625" lon="120.20640199072659015655517578125">
        <ele>10.19999980926513671875</ele>
        <time>2026-07-27T11:57:26.000Z</time>
        <extensions>
          <ns3:TrackPointExtension>
            <ns3:hr>146</ns3:hr>
            <ns3:cad>86</ns3:cad>
          </ns3:TrackPointExtension>
        </extensions>
      </trkpt>
      <trkpt lat="30.27580716647207736968994140625" lon="120.20637449808418750762939453125">
        <ele>10.19999980926513671875</ele>
        <time>2026-07-27T11:57:27.000Z</time>
        <extensions>
          <ns3:TrackPointExtension>
            <ns3:hr>146</ns3:hr>
            <ns3:cad>86</ns3:cad>
          </ns3:TrackPointExtension>
        </extensions>
      </trkpt>
      <trkpt lat="30.27579559944570064544677734375" lon="120.20636226050555706024169921875">
        <ele>10.19999980926513671875</ele>
        <time>2026-07-27T11:57:28.000Z</time>
        <extensions>
          <ns3:TrackPointExtension>
            <ns3:hr>146</ns3:hr>
            <ns3:cad>86</ns3:cad>
          </ns3:TrackPointExtension>
        </extensions>
      </trkpt>
      <trkpt lat="30.27578269131481647491455078125" lon="120.20634013228118419647216796875">
        <ele>10.19999980926513671875</ele>
        <time>2026-07-27T11:57:29.000Z</time>
        <extensions>
          <ns3:TrackPointExtension>
            <ns3:hr>146</ns3:hr>
            <ns3:cad>86</ns3:cad>
          </ns3:TrackPointExtension>
        </extensions>
      </trkpt>
      <trkpt lat="30.2757676877081394195556640625" lon="120.2063236199319362640380859375">
        <ele>10.19999980926513671875</ele>
        <time>2026-07-27T11:57:30.000Z</time>
        <extensions>
          <ns3:TrackPointExtension>
            <ns3:hr>146</ns3:hr>
            <ns3:cad>86</ns3:cad>
          </ns3:TrackPointExtension>
        </extensions>
      </trkpt>
      <trkpt lat="30.27575234882533550262451171875" lon="120.20630392245948314666748046875">
        <ele>10.19999980926513671875</ele>
        <time>2026-07-27T11:57:31.000Z</time>
        <extensions>
          <ns3:TrackPointExtension>
            <ns3:hr>146</ns3:hr>
            <ns3:cad>86</ns3:cad>
          </ns3:TrackPointExtension>
        </extensions>
      </trkpt>
      <trkpt lat="30.2757361717522144317626953125" lon="120.2062830515205860137939453125">
        <ele>10.3999996185302734375</ele>
        <time>2026-07-27T11:57:32.000Z</time>
        <extensions>
          <ns3:TrackPointExtension>
            <ns3:hr>146</ns3:hr>
            <ns3:cad>86</ns3:cad>
          </ns3:TrackPointExtension>
        </extensions>
      </trkpt>
      <trkpt lat="30.27571982704102993011474609375" lon="120.20626855082809925079345703125">
        <ele>10.3999996185302734375</ele>
        <time>2026-07-27T11:57:33.000Z</time>
        <extensions>
          <ns3:TrackPointExtension>
            <ns3:hr>146</ns3:hr>
            <ns3:cad>86</ns3:cad>
          </ns3:TrackPointExtension>
        </extensions>
      </trkpt>
      <trkpt lat="30.27570188976824283599853515625" lon="120.20624927245080471038818359375">
        <ele>10.6000003814697265625</ele>
        <time>2026-07-27T11:57:34.000Z</time>
        <extensions>
          <ns3:TrackPointExtension>
            <ns3:hr>145</ns3:hr>
            <ns3:cad>86</ns3:cad>
          </ns3:TrackPointExtension>
        </extensions>
      </trkpt>
      <trkpt lat="30.27568898163735866546630859375" lon="120.2062441594898700714111328125">
        <ele>10.80000019073486328125</ele>
        <time>2026-07-27T11:57:35.000Z</time>
        <extensions>
          <ns3:TrackPointExtension>
            <ns3:hr>145</ns3:hr>
            <ns3:cad>86</ns3:cad>
          </ns3:TrackPointExtension>
        </extensions>
      </trkpt>
      <trkpt lat="30.27566551230847835540771484375" lon="120.20623183809220790863037109375">
        <ele>10.80000019073486328125</ele>
        <time>2026-07-27T11:57:36.000Z</time>
        <extensions>
          <ns3:TrackPointExtension>
            <ns3:hr>145</ns3:hr>
            <ns3:cad>86</ns3:cad>
          </ns3:TrackPointExtension>
        </extensions>
      </trkpt>
      <trkpt lat="30.2756473235785961151123046875" lon="120.20622161217033863067626953125">
        <ele>10.6000003814697265625</ele>
        <time>2026-07-27T11:57:37.000Z</time>
        <extensions>
          <ns3:TrackPointExtension>
            <ns3:hr>145</ns3:hr>
            <ns3:cad>86</ns3:cad>
          </ns3:TrackPointExtension>
        </extensions>
      </trkpt>
      <trkpt lat="30.2756258659064769744873046875" lon="120.20621784031391143798828125">
        <ele>10.6000003814697265625</ele>
        <time>2026-07-27T11:57:38.000Z</time>
        <extensions>
          <ns3:TrackPointExtension>
            <ns3:hr>144</ns3:hr>
            <ns3:cad>85</ns3:cad>
          </ns3:TrackPointExtension>
        </extensions>
      </trkpt>
      <trkpt lat="30.2756040729582309722900390625" lon="120.2062143199145793914794921875">
        <ele>10.3999996185302734375</ele>
        <time>2026-07-27T11:57:39.000Z</time>
        <extensions>
          <ns3:TrackPointExtension>
            <ns3:hr>144</ns3:hr>
            <ns3:cad>85</ns3:cad>
          </ns3:TrackPointExtension>
        </extensions>
      </trkpt>
      <trkpt lat="30.27558756060898303985595703125" lon="120.20621784031391143798828125">
        <ele>10.3999996185302734375</ele>
        <time>2026-07-27T11:57:40.000Z</time>
        <extensions>
          <ns3:TrackPointExtension>
            <ns3:hr>144</ns3:hr>
            <ns3:cad>85</ns3:cad>
          </ns3:TrackPointExtension>
        </extensions>
      </trkpt>
      <trkpt lat="30.2755611576139926910400390625" lon="120.20621926523745059967041015625">
        <ele>10.19999980926513671875</ele>
        <time>2026-07-27T11:57:41.000Z</time>
        <extensions>
          <ns3:TrackPointExtension>
            <ns3:hr>145</ns3:hr>
            <ns3:cad>86</ns3:cad>
          </ns3:TrackPointExtension>
        </extensions>
      </trkpt>
      <trkpt lat="30.2755423821508884429931640625" lon="120.20622697658836841583251953125">
        <ele>10.19999980926513671875</ele>
        <time>2026-07-27T11:57:42.000Z</time>
        <extensions>
          <ns3:TrackPointExtension>
            <ns3:hr>144</ns3:hr>
            <ns3:cad>86</ns3:cad>
          </ns3:TrackPointExtension>
        </extensions>
      </trkpt>
      <trkpt lat="30.2755155600607395172119140625" lon="120.20622664131224155426025390625">
        <ele>10.19999980926513671875</ele>
        <time>2026-07-27T11:57:43.000Z</time>
        <extensions>
          <ns3:TrackPointExtension>
            <ns3:hr>144</ns3:hr>
            <ns3:cad>87</ns3:cad>
          </ns3:TrackPointExtension>
        </extensions>
      </trkpt>
      <trkpt lat="30.27550122700631618499755859375" lon="120.206227563321590423583984375">
        <ele>10.19999980926513671875</ele>
        <time>2026-07-27T11:57:44.000Z</time>
        <extensions>
          <ns3:TrackPointExtension>
            <ns3:hr>143</ns3:hr>
            <ns3:cad>87</ns3:cad>
          </ns3:TrackPointExtension>
        </extensions>
      </trkpt>
      <trkpt lat="30.2754796855151653289794921875" lon="120.2062243781983852386474609375">
        <ele>10.19999980926513671875</ele>
        <time>2026-07-27T11:57:45.000Z</time>
        <extensions>
          <ns3:TrackPointExtension>
            <ns3:hr>143</ns3:hr>
            <ns3:cad>87</ns3:cad>
          </ns3:TrackPointExtension>
        </extensions>
      </trkpt>
      <trkpt lat="30.27545965276658535003662109375" lon="120.20622161217033863067626953125">
        <ele>10.19999980926513671875</ele>
        <time>2026-07-27T11:57:46.000Z</time>
        <extensions>
          <ns3:TrackPointExtension>
            <ns3:hr>143</ns3:hr>
            <ns3:cad>87</ns3:cad>
          </ns3:TrackPointExtension>
        </extensions>
      </trkpt>
      <trkpt lat="30.27544171549379825592041015625" lon="120.2062186785042285919189453125">
        <ele>10.19999980926513671875</ele>
        <time>2026-07-27T11:57:47.000Z</time>
        <extensions>
          <ns3:TrackPointExtension>
            <ns3:hr>142</ns3:hr>
            <ns3:cad>87</ns3:cad>
          </ns3:TrackPointExtension>
        </extensions>
      </trkpt>
      <trkpt lat="30.27541656978428363800048828125" lon="120.2062185108661651611328125">
        <ele>10.19999980926513671875</ele>
        <time>2026-07-27T11:57:48.000Z</time>
        <extensions>
          <ns3:TrackPointExtension>
            <ns3:hr>142</ns3:hr>
            <ns3:cad>86</ns3:cad>
          </ns3:TrackPointExtension>
        </extensions>
      </trkpt>
      <trkpt lat="30.275399051606655120849609375" lon="120.2062240429222583770751953125">
        <ele>10.3999996185302734375</ele>
        <time>2026-07-27T11:57:49.000Z</time>
        <extensions>
          <ns3:TrackPointExtension>
            <ns3:hr>142</ns3:hr>
            <ns3:cad>87</ns3:cad>
          </ns3:TrackPointExtension>
        </extensions>
      </trkpt>
      <trkpt lat="30.27537499554455280303955078125" lon="120.20622278563678264617919921875">
        <ele>10.3999996185302734375</ele>
        <time>2026-07-27T11:57:50.000Z</time>
        <extensions>
          <ns3:TrackPointExtension>
            <ns3:hr>142</ns3:hr>
            <ns3:cad>87</ns3:cad>
          </ns3:TrackPointExtension>
        </extensions>
      </trkpt>
      <trkpt lat="30.27536057867109775543212890625" lon="120.20623200573027133941650390625">
        <ele>10.3999996185302734375</ele>
        <time>2026-07-27T11:57:51.000Z</time>
        <extensions>
          <ns3:TrackPointExtension>
            <ns3:hr>143</ns3:hr>
            <ns3:cad>86</ns3:cad>
          </ns3:TrackPointExtension>
        </extensions>
      </trkpt>
      <trkpt lat="30.275336019694805145263671875" lon="120.20623527467250823974609375">
        <ele>10.3999996185302734375</ele>
        <time>2026-07-27T11:57:52.000Z</time>
        <extensions>
          <ns3:TrackPointExtension>
            <ns3:hr>143</ns3:hr>
            <ns3:cad>86</ns3:cad>
          </ns3:TrackPointExtension>
        </extensions>
      </trkpt>
      <trkpt lat="30.27531548403203487396240234375" lon="120.206234939396381378173828125">
        <ele>10.3999996185302734375</ele>
        <time>2026-07-27T11:57:53.000Z</time>
        <extensions>
          <ns3:TrackPointExtension>
            <ns3:hr>143</ns3:hr>
            <ns3:cad>86</ns3:cad>
          </ns3:TrackPointExtension>
        </extensions>
      </trkpt>
      <trkpt lat="30.27529369108378887176513671875" lon="120.2062387950718402862548828125">
        <ele>10.19999980926513671875</ele>
        <time>2026-07-27T11:57:54.000Z</time>
        <extensions>
          <ns3:TrackPointExtension>
            <ns3:hr>142</ns3:hr>
            <ns3:cad>86</ns3:cad>
          </ns3:TrackPointExtension>
        </extensions>
      </trkpt>
      <trkpt lat="30.2752698026597499847412109375" lon="120.206238292157649993896484375">
        <ele>10</ele>
        <time>2026-07-27T11:57:55.000Z</time>
        <extensions>
          <ns3:TrackPointExtension>
            <ns3:hr>142</ns3:hr>
            <ns3:cad>86</ns3:cad>
          </ns3:TrackPointExtension>
        </extensions>
      </trkpt>
      <trkpt lat="30.27525253593921661376953125" lon="120.20624466240406036376953125">
        <ele>10</ele>
        <time>2026-07-27T11:57:56.000Z</time>
        <extensions>
          <ns3:TrackPointExtension>
            <ns3:hr>142</ns3:hr>
            <ns3:cad>86</ns3:cad>
          </ns3:TrackPointExtension>
        </extensions>
      </trkpt>
      <trkpt lat="30.275226049125194549560546875" lon="120.206244997680187225341796875">
        <ele>10</ele>
        <time>2026-07-27T11:57:57.000Z</time>
        <extensions>
          <ns3:TrackPointExtension>
            <ns3:hr>143</ns3:hr>
            <ns3:cad>86</ns3:cad>
          </ns3:TrackPointExtension>
        </extensions>
      </trkpt>
      <trkpt lat="30.27521096169948577880859375" lon="120.20625002682209014892578125">
        <ele>10</ele>
        <time>2026-07-27T11:57:58.000Z</time>
        <extensions>
          <ns3:TrackPointExtension>
            <ns3:hr>143</ns3:hr>
            <ns3:cad>86</ns3:cad>
          </ns3:TrackPointExtension>
        </extensions>
      </trkpt>
      <trkpt lat="30.275186486542224884033203125" lon="120.20625061355531215667724609375">
        <ele>10.19999980926513671875</ele>
        <time>2026-07-27T11:57:59.000Z</time>
        <extensions>
          <ns3:TrackPointExtension>
            <ns3:hr>143</ns3:hr>
            <ns3:cad>86</ns3:cad>
          </ns3:TrackPointExtension>
        </extensions>
      </trkpt>
      <trkpt lat="30.27516863308846950531005859375" lon="120.20624709315598011016845703125">
        <ele>10.19999980926513671875</ele>
        <time>2026-07-27T11:58:00.000Z</time>
        <extensions>
          <ns3:TrackPointExtension>
            <ns3:hr>142</ns3:hr>
            <ns3:cad>86</ns3:cad>
          </ns3:TrackPointExtension>
        </extensions>
      </trkpt>
      <trkpt lat="30.2751521207392215728759765625" lon="120.206252373754978179931640625">
        <ele>10</ele>
        <time>2026-07-27T11:58:01.000Z</time>
        <extensions>
          <ns3:TrackPointExtension>
            <ns3:hr>143</ns3:hr>
            <ns3:cad>85</ns3:cad>
          </ns3:TrackPointExtension>
        </extensions>
      </trkpt>
      <trkpt lat="30.27512538246810436248779296875" lon="120.20625346340239048004150390625">
        <ele>10</ele>
        <time>2026-07-27T11:58:02.000Z</time>
        <extensions>
          <ns3:TrackPointExtension>
            <ns3:hr>143</ns3:hr>
            <ns3:cad>85</ns3:cad>
          </ns3:TrackPointExtension>
        </extensions>
      </trkpt>
      <trkpt lat="30.275110043585300445556640625" lon="120.20626075565814971923828125">
        <ele>10</ele>
        <time>2026-07-27T11:58:03.000Z</time>
        <extensions>
          <ns3:TrackPointExtension>
            <ns3:hr>143</ns3:hr>
            <ns3:cad>85</ns3:cad>
          </ns3:TrackPointExtension>
        </extensions>
      </trkpt>
      <trkpt lat="30.2750860713422298431396484375" lon="120.20626184530556201934814453125">
        <ele>10</ele>
        <time>2026-07-27T11:58:04.000Z</time>
        <extensions>
          <ns3:TrackPointExtension>
            <ns3:hr>143</ns3:hr>
            <ns3:cad>85</ns3:cad>
          </ns3:TrackPointExtension>
        </extensions>
      </trkpt>
      <trkpt lat="30.275070481002330780029296875" lon="120.2062560617923736572265625">
        <ele>10</ele>
        <time>2026-07-27T11:58:05.000Z</time>
        <extensions>
          <ns3:TrackPointExtension>
            <ns3:hr>143</ns3:hr>
            <ns3:cad>85</ns3:cad>
          </ns3:TrackPointExtension>
        </extensions>
      </trkpt>
      <trkpt lat="30.2750528790056705474853515625" lon="120.20625480450689792633056640625">
        <ele>10</ele>
        <time>2026-07-27T11:58:06.000Z</time>
        <extensions>
          <ns3:TrackPointExtension>
            <ns3:hr>142</ns3:hr>
            <ns3:cad>85</ns3:cad>
          </ns3:TrackPointExtension>
        </extensions>
      </trkpt>
      <trkpt lat="30.27503552846610546112060546875" lon="120.20625061355531215667724609375">
        <ele>10</ele>
        <time>2026-07-27T11:58:07.000Z</time>
        <extensions>
          <ns3:TrackPointExtension>
            <ns3:hr>143</ns3:hr>
            <ns3:cad>85</ns3:cad>
          </ns3:TrackPointExtension>
        </extensions>
      </trkpt>
      <trkpt lat="30.275020189583301544189453125" lon="120.20625279285013675689697265625">
        <ele>10</ele>
        <time>2026-07-27T11:58:08.000Z</time>
        <extensions>
          <ns3:TrackPointExtension>
            <ns3:hr>143</ns3:hr>
            <ns3:cad>85</ns3:cad>
          </ns3:TrackPointExtension>
        </extensions>
      </trkpt>
      <trkpt lat="30.2749935351312160491943359375" lon="120.206256397068500518798828125">
        <ele>10</ele>
        <time>2026-07-27T11:58:09.000Z</time>
        <extensions>
          <ns3:TrackPointExtension>
            <ns3:hr>143</ns3:hr>
            <ns3:cad>85</ns3:cad>
          </ns3:TrackPointExtension>
        </extensions>
      </trkpt>
      <trkpt lat="30.274975262582302093505859375" lon="120.20625798963010311126708984375">
        <ele>10</ele>
        <time>2026-07-27T11:58:10.000Z</time>
        <extensions>
          <ns3:TrackPointExtension>
            <ns3:hr>143</ns3:hr>
            <ns3:cad>85</ns3:cad>
          </ns3:TrackPointExtension>
        </extensions>
      </trkpt>
      <trkpt lat="30.27495288290083408355712890625" lon="120.206257402896881103515625">
        <ele>10.19999980926513671875</ele>
        <time>2026-07-27T11:58:11.000Z</time>
        <extensions>
          <ns3:TrackPointExtension>
            <ns3:hr>143</ns3:hr>
            <ns3:cad>85</ns3:cad>
          </ns3:TrackPointExtension>
        </extensions>
      </trkpt>
      <trkpt lat="30.2749311737716197967529296875" lon="120.20625480450689792633056640625">
        <ele>10.19999980926513671875</ele>
        <time>2026-07-27T11:58:12.000Z</time>
        <extensions>
          <ns3:TrackPointExtension>
            <ns3:hr>143</ns3:hr>
            <ns3:cad>85</ns3:cad>
          </ns3:TrackPointExtension>
        </extensions>
      </trkpt>
      <trkpt lat="30.2749137394130229949951171875" lon="120.2062565647065639495849609375">
        <ele>10.19999980926513671875</ele>
        <time>2026-07-27T11:58:13.000Z</time>
        <extensions>
          <ns3:TrackPointExtension>
            <ns3:hr>143</ns3:hr>
            <ns3:cad>85</ns3:cad>
          </ns3:TrackPointExtension>
        </extensions>
      </trkpt>
      <trkpt lat="30.2748875878751277923583984375" lon="120.20625882782042026519775390625">
        <ele>10.19999980926513671875</ele>
        <time>2026-07-27T11:58:14.000Z</time>
        <extensions>
          <ns3:TrackPointExtension>
            <ns3:hr>143</ns3:hr>
            <ns3:cad>85</ns3:cad>
          </ns3:TrackPointExtension>
        </extensions>
      </trkpt>
      <trkpt lat="30.27486789040267467498779296875" lon="120.20626620389521121978759765625">
        <ele>10.19999980926513671875</ele>
        <time>2026-07-27T11:58:15.000Z</time>
        <extensions>
          <ns3:TrackPointExtension>
            <ns3:hr>143</ns3:hr>
            <ns3:cad>85</ns3:cad>
          </ns3:TrackPointExtension>
        </extensions>
      </trkpt>
      <trkpt lat="30.27484215795993804931640625" lon="120.20627357997000217437744140625">
        <ele>10</ele>
        <time>2026-07-27T11:58:16.000Z</time>
        <extensions>
          <ns3:TrackPointExtension>
            <ns3:hr>144</ns3:hr>
            <ns3:cad>85</ns3:cad>
          </ns3:TrackPointExtension>
        </extensions>
      </trkpt>
      <trkpt lat="30.2748269028961658477783203125" lon="120.20627827383577823638916015625">
        <ele>10</ele>
        <time>2026-07-27T11:58:17.000Z</time>
        <extensions>
          <ns3:TrackPointExtension>
            <ns3:hr>144</ns3:hr>
            <ns3:cad>85</ns3:cad>
          </ns3:TrackPointExtension>
        </extensions>
      </trkpt>
      <trkpt lat="30.27480670250952243804931640625" lon="120.2062882483005523681640625">
        <ele>10</ele>
        <time>2026-07-27T11:58:18.000Z</time>
        <extensions>
          <ns3:TrackPointExtension>
            <ns3:hr>144</ns3:hr>
            <ns3:cad>85</ns3:cad>
          </ns3:TrackPointExtension>
        </extensions>
      </trkpt>
      <trkpt lat="30.27478926815092563629150390625" lon="120.20629906095564365386962890625">
        <ele>10</ele>
        <time>2026-07-27T11:58:19.000Z</time>
        <extensions>
          <ns3:TrackPointExtension>
            <ns3:hr>144</ns3:hr>
            <ns3:cad>85</ns3:cad>
          </ns3:TrackPointExtension>
        </extensions>
      </trkpt>
      <trkpt lat="30.274775438010692596435546875" lon="120.20631398074328899383544921875">
        <ele>10</ele>
        <time>2026-07-27T11:58:20.000Z</time>
        <extensions>
          <ns3:TrackPointExtension>
            <ns3:hr>144</ns3:hr>
            <ns3:cad>85</ns3:cad>
          </ns3:TrackPointExtension>
        </extensions>
      </trkpt>
      <trkpt lat="30.27475540526211261749267578125" lon="120.2063313312828540802001953125">
        <ele>10</ele>
        <time>2026-07-27T11:58:21.000Z</time>
        <extensions>
          <ns3:TrackPointExtension>
            <ns3:hr>144</ns3:hr>
            <ns3:cad>85</ns3:cad>
          </ns3:TrackPointExtension>
        </extensions>
      </trkpt>
      <trkpt lat="30.27474383823573589324951171875" lon="120.20635119639337062835693359375">
        <ele>10</ele>
        <time>2026-07-27T11:58:22.000Z</time>
        <extensions>
          <ns3:TrackPointExtension>
            <ns3:hr>144</ns3:hr>
            <ns3:cad>85</ns3:cad>
          </ns3:TrackPointExtension>
        </extensions>
      </trkpt>
      <trkpt lat="30.27472707442939281463623046875" lon="120.20637206733226776123046875">
        <ele>10</ele>
        <time>2026-07-27T11:58:23.000Z</time>
        <extensions>
          <ns3:TrackPointExtension>
            <ns3:hr>145</ns3:hr>
            <ns3:cad>86</ns3:cad>
          </ns3:TrackPointExtension>
        </extensions>
      </trkpt>
      <trkpt lat="30.27471165172755718231201171875" lon="120.206397213041782379150390625">
        <ele>10.19999980926513671875</ele>
        <time>2026-07-27T11:58:24.000Z</time>
        <extensions>
          <ns3:TrackPointExtension>
            <ns3:hr>145</ns3:hr>
            <ns3:cad>86</ns3:cad>
          </ns3:TrackPointExtension>
        </extensions>
      </trkpt>
      <trkpt lat="30.27469924651086330413818359375" lon="120.206429064273834228515625">
        <ele>10.19999980926513671875</ele>
        <time>2026-07-27T11:58:25.000Z</time>
        <extensions>
          <ns3:TrackPointExtension>
            <ns3:hr>145</ns3:hr>
            <ns3:cad>86</ns3:cad>
          </ns3:TrackPointExtension>
        </extensions>
      </trkpt>
      <trkpt lat="30.27469287626445293426513671875" lon="120.2064567245543003082275390625">
        <ele>10.3999996185302734375</ele>
        <time>2026-07-27T11:58:26.000Z</time>
        <extensions>
          <ns3:TrackPointExtension>
            <ns3:hr>145</ns3:hr>
            <ns3:cad>85</ns3:cad>
          </ns3:TrackPointExtension>
        </extensions>
      </trkpt>
      <trkpt lat="30.27469187043607234954833984375" lon="120.2064825408160686492919921875">
        <ele>10.3999996185302734375</ele>
        <time>2026-07-27T11:58:27.000Z</time>
        <extensions>
          <ns3:TrackPointExtension>
            <ns3:hr>146</ns3:hr>
            <ns3:cad>85</ns3:cad>
          </ns3:TrackPointExtension>
        </extensions>
      </trkpt>
      <trkpt lat="30.274685919284820556640625" lon="120.206513889133930206298828125">
        <ele>10.6000003814697265625</ele>
        <time>2026-07-27T11:58:28.000Z</time>
        <extensions>
          <ns3:TrackPointExtension>
            <ns3:hr>146</ns3:hr>
            <ns3:cad>85</ns3:cad>
          </ns3:TrackPointExtension>
        </extensions>
      </trkpt>
      <trkpt lat="30.27468533255159854888916015625" lon="120.206531323492527008056640625">
        <ele>10.6000003814697265625</ele>
        <time>2026-07-27T11:58:29.000Z</time>
        <extensions>
          <ns3:TrackPointExtension>
            <ns3:hr>146</ns3:hr>
            <ns3:cad>84</ns3:cad>
          </ns3:TrackPointExtension>
        </extensions>
      </trkpt>
      <trkpt lat="30.27468147687613964080810546875" lon="120.20656242035329341888427734375">
        <ele>10.6000003814697265625</ele>
        <time>2026-07-27T11:58:30.000Z</time>
        <extensions>
          <ns3:TrackPointExtension>
            <ns3:hr>146</ns3:hr>
            <ns3:cad>84</ns3:cad>
          </ns3:TrackPointExtension>
        </extensions>
      </trkpt>
      <trkpt lat="30.27468281798064708709716796875" lon="120.2065864764153957366943359375">
        <ele>10.6000003814697265625</ele>
        <time>2026-07-27T11:58:31.000Z</time>
        <extensions>
          <ns3:TrackPointExtension>
            <ns3:hr>146</ns3:hr>
            <ns3:cad>84</ns3:cad>
          </ns3:TrackPointExtension>
        </extensions>
      </trkpt>
      <trkpt lat="30.27468801476061344146728515625" lon="120.2066102810204029083251953125">
        <ele>10.6000003814697265625</ele>
        <time>2026-07-27T11:58:32.000Z</time>
        <extensions>
          <ns3:TrackPointExtension>
            <ns3:hr>146</ns3:hr>
            <ns3:cad>84</ns3:cad>
          </ns3:TrackPointExtension>
        </extensions>
      </trkpt>
      <trkpt lat="30.2746978215873241424560546875" lon="120.20664238370954990386962890625">
        <ele>10.6000003814697265625</ele>
        <time>2026-07-27T11:58:33.000Z</time>
        <extensions>
          <ns3:TrackPointExtension>
            <ns3:hr>147</ns3:hr>
            <ns3:cad>85</ns3:cad>
          </ns3:TrackPointExtension>
        </extensions>
      </trkpt>
      <trkpt lat="30.27470938861370086669921875" lon="120.2066578902304172515869140625">
        <ele>10.6000003814697265625</ele>
        <time>2026-07-27T11:58:34.000Z</time>
        <extensions>
          <ns3:TrackPointExtension>
            <ns3:hr>147</ns3:hr>
            <ns3:cad>85</ns3:cad>
          </ns3:TrackPointExtension>
        </extensions>
      </trkpt>
      <trkpt lat="30.27471886016428470611572265625" lon="120.2066932618618011474609375">
        <ele>10.3999996185302734375</ele>
        <time>2026-07-27T11:58:35.000Z</time>
        <extensions>
          <ns3:TrackPointExtension>
            <ns3:hr>147</ns3:hr>
            <ns3:cad>85</ns3:cad>
          </ns3:TrackPointExtension>
        </extensions>
      </trkpt>
      <trkpt lat="30.27472724206745624542236328125" lon="120.20671061240136623382568359375">
        <ele>10.3999996185302734375</ele>
        <time>2026-07-27T11:58:36.000Z</time>
        <extensions>
          <ns3:TrackPointExtension>
            <ns3:hr>147</ns3:hr>
            <ns3:cad>85</ns3:cad>
          </ns3:TrackPointExtension>
        </extensions>
      </trkpt>
      <trkpt lat="30.27474048547446727752685546875" lon="120.20673416554927825927734375">
        <ele>10.3999996185302734375</ele>
        <time>2026-07-27T11:58:37.000Z</time>
        <extensions>
          <ns3:TrackPointExtension>
            <ns3:hr>147</ns3:hr>
            <ns3:cad>85</ns3:cad>
          </ns3:TrackPointExtension>
        </extensions>
      </trkpt>
      <trkpt lat="30.274755321443080902099609375" lon="120.20675369538366794586181640625">
        <ele>10.3999996185302734375</ele>
        <time>2026-07-27T11:58:38.000Z</time>
        <extensions>
          <ns3:TrackPointExtension>
            <ns3:hr>147</ns3:hr>
            <ns3:cad>85</ns3:cad>
          </ns3:TrackPointExtension>
        </extensions>
      </trkpt>
      <trkpt lat="30.2747705765068531036376953125" lon="120.20676392130553722381591796875">
        <ele>10.3999996185302734375</ele>
        <time>2026-07-27T11:58:39.000Z</time>
        <extensions>
          <ns3:TrackPointExtension>
            <ns3:hr>148</ns3:hr>
            <ns3:cad>85</ns3:cad>
          </ns3:TrackPointExtension>
        </extensions>
      </trkpt>
      <trkpt lat="30.27479027397930622100830078125" lon="120.2067886479198932647705078125">
        <ele>10.19999980926513671875</ele>
        <time>2026-07-27T11:58:40.000Z</time>
        <extensions>
          <ns3:TrackPointExtension>
            <ns3:hr>149</ns3:hr>
            <ns3:cad>85</ns3:cad>
          </ns3:TrackPointExtension>
        </extensions>
      </trkpt>
      <trkpt lat="30.2748024277389049530029296875" lon="120.2067993767559528350830078125">
        <ele>10.19999980926513671875</ele>
        <time>2026-07-27T11:58:41.000Z</time>
        <extensions>
          <ns3:TrackPointExtension>
            <ns3:hr>150</ns3:hr>
            <ns3:cad>85</ns3:cad>
          </ns3:TrackPointExtension>
        </extensions>
      </trkpt>
      <trkpt lat="30.2748252265155315399169921875" lon="120.20681572146713733673095703125">
        <ele>10.3999996185302734375</ele>
        <time>2026-07-27T11:58:42.000Z</time>
        <extensions>
          <ns3:TrackPointExtension>
            <ns3:hr>151</ns3:hr>
            <ns3:cad>85</ns3:cad>
          </ns3:TrackPointExtension>
        </extensions>
      </trkpt>
      <trkpt lat="30.27484291233122348785400390625" lon="120.20682997070252895355224609375">
        <ele>10.3999996185302734375</ele>
        <time>2026-07-27T11:58:43.000Z</time>
        <extensions>
          <ns3:TrackPointExtension>
            <ns3:hr>152</ns3:hr>
            <ns3:cad>85</ns3:cad>
          </ns3:TrackPointExtension>
        </extensions>
      </trkpt>
      <trkpt lat="30.27486286126077175140380859375" lon="120.20683449693024158477783203125">
        <ele>10.3999996185302734375</ele>
        <time>2026-07-27T11:58:44.000Z</time>
        <extensions>
          <ns3:TrackPointExtension>
            <ns3:hr>152</ns3:hr>
            <ns3:cad>84</ns3:cad>
          </ns3:TrackPointExtension>
        </extensions>
      </trkpt>
      <trkpt lat="30.27488431893289089202880859375" lon="120.20684556104242801666259765625">
        <ele>10.3999996185302734375</ele>
        <time>2026-07-27T11:58:45.000Z</time>
        <extensions>
          <ns3:TrackPointExtension>
            <ns3:hr>153</ns3:hr>
            <ns3:cad>86</ns3:cad>
          </ns3:TrackPointExtension>
        </extensions>
      </trkpt>
      <trkpt lat="30.274898819625377655029296875" lon="120.20683986134827136993408203125">
        <ele>10.3999996185302734375</ele>
        <time>2026-07-27T11:58:46.000Z</time>
        <extensions>
          <ns3:TrackPointExtension>
            <ns3:hr>154</ns3:hr>
            <ns3:cad>86</ns3:cad>
          </ns3:TrackPointExtension>
        </extensions>
      </trkpt>
      <trkpt lat="30.27492740191519260406494140625" lon="120.20684413611888885498046875">
        <ele>10.3999996185302734375</ele>
        <time>2026-07-27T11:58:47.000Z</time>
        <extensions>
          <ns3:TrackPointExtension>
            <ns3:hr>154</ns3:hr>
            <ns3:cad>85</ns3:cad>
          </ns3:TrackPointExtension>
        </extensions>
      </trkpt>
      <trkpt lat="30.27493997476994991302490234375" lon="120.206839106976985931396484375">
        <ele>10.3999996185302734375</ele>
        <time>2026-07-27T11:58:48.000Z</time>
        <extensions>
          <ns3:TrackPointExtension>
            <ns3:hr>154</ns3:hr>
            <ns3:cad>85</ns3:cad>
          </ns3:TrackPointExtension>
        </extensions>
      </trkpt>
      <trkpt lat="30.27496294118463993072509765625" lon="120.206833072006702423095703125">
        <ele>10.3999996185302734375</ele>
        <time>2026-07-27T11:58:49.000Z</time>
        <extensions>
          <ns3:TrackPointExtension>
            <ns3:hr>154</ns3:hr>
            <ns3:cad>85</ns3:cad>
          </ns3:TrackPointExtension>
        </extensions>
      </trkpt>
      <trkpt lat="30.27498372830450534820556640625" lon="120.20682762376964092254638671875">
        <ele>10.3999996185302734375</ele>
        <time>2026-07-27T11:58:50.000Z</time>
        <extensions>
          <ns3:TrackPointExtension>
            <ns3:hr>154</ns3:hr>
            <ns3:cad>85</ns3:cad>
          </ns3:TrackPointExtension>
        </extensions>
      </trkpt>
      <trkpt lat="30.27499462477862834930419921875" lon="120.2068204991519451141357421875">
        <ele>10.3999996185302734375</ele>
        <time>2026-07-27T11:58:51.000Z</time>
        <extensions>
          <ns3:TrackPointExtension>
            <ns3:hr>155</ns3:hr>
            <ns3:cad>85</ns3:cad>
          </ns3:TrackPointExtension>
        </extensions>
      </trkpt>
      <trkpt lat="30.27502748183906078338623046875" lon="120.2068131230771541595458984375">
        <ele>10.3999996185302734375</ele>
        <time>2026-07-27T11:58:52.000Z</time>
        <extensions>
          <ns3:TrackPointExtension>
            <ns3:hr>155</ns3:hr>
            <ns3:cad>85</ns3:cad>
          </ns3:TrackPointExtension>
        </extensions>
      </trkpt>
      <trkpt lat="30.27504273690283298492431640625" lon="120.20680968649685382843017578125">
        <ele>10.3999996185302734375</ele>
        <time>2026-07-27T11:58:53.000Z</time>
        <extensions>
          <ns3:TrackPointExtension>
            <ns3:hr>155</ns3:hr>
            <ns3:cad>84</ns3:cad>
          </ns3:TrackPointExtension>
        </extensions>
      </trkpt>
      <trkpt lat="30.27506737969815731048583984375" lon="120.2068034000694751739501953125">
        <ele>10.3999996185302734375</ele>
        <time>2026-07-27T11:58:54.000Z</time>
        <extensions>
          <ns3:TrackPointExtension>
            <ns3:hr>155</ns3:hr>
            <ns3:cad>83</ns3:cad>
          </ns3:TrackPointExtension>
        </extensions>
      </trkpt>
      <trkpt lat="30.275089256465435028076171875" lon="120.20680801011621952056884765625">
        <ele>10.3999996185302734375</ele>
        <time>2026-07-27T11:58:55.000Z</time>
        <extensions>
          <ns3:TrackPointExtension>
            <ns3:hr>154</ns3:hr>
            <ns3:cad>83</ns3:cad>
          </ns3:TrackPointExtension>
        </extensions>
      </trkpt>
      <trkpt lat="30.27510677464306354522705078125" lon="120.206806249916553497314453125">
        <ele>10.3999996185302734375</ele>
        <time>2026-07-27T11:58:56.000Z</time>
        <extensions>
          <ns3:TrackPointExtension>
            <ns3:hr>155</ns3:hr>
            <ns3:cad>83</ns3:cad>
          </ns3:TrackPointExtension>
        </extensions>
      </trkpt>
      <trkpt lat="30.27513183653354644775390625" lon="120.20681538619101047515869140625">
        <ele>10.3999996185302734375</ele>
        <time>2026-07-27T11:58:57.000Z</time>
        <extensions>
          <ns3:TrackPointExtension>
            <ns3:hr>155</ns3:hr>
            <ns3:cad>85</ns3:cad>
          </ns3:TrackPointExtension>
        </extensions>
      </trkpt>
      <trkpt lat="30.2751459181308746337890625" lon="120.20681605674326419830322265625">
        <ele>10.3999996185302734375</ele>
        <time>2026-07-27T11:58:58.000Z</time>
        <extensions>
          <ns3:TrackPointExtension>
            <ns3:hr>155</ns3:hr>
            <ns3:cad>85</ns3:cad>
          </ns3:TrackPointExtension>
        </extensions>
      </trkpt>
      <trkpt lat="30.275169722735881805419921875" lon="120.20681454800069332122802734375">
        <ele>10.3999996185302734375</ele>
        <time>2026-07-27T11:58:59.000Z</time>
        <extensions>
          <ns3:TrackPointExtension>
            <ns3:hr>154</ns3:hr>
            <ns3:cad>85</ns3:cad>
          </ns3:TrackPointExtension>
        </extensions>
      </trkpt>
      <trkpt lat="30.27519059367477893829345703125" lon="120.2068181522190570831298828125">
        <ele>10.3999996185302734375</ele>
        <time>2026-07-27T11:59:00.000Z</time>
        <extensions>
          <ns3:TrackPointExtension>
            <ns3:hr>155</ns3:hr>
            <ns3:cad>85</ns3:cad>
          </ns3:TrackPointExtension>
        </extensions>
      </trkpt>
      <trkpt lat="30.275208950042724609375" lon="120.2068126201629638671875">
        <ele>10.3999996185302734375</ele>
        <time>2026-07-27T11:59:01.000Z</time>
        <extensions>
          <ns3:TrackPointExtension>
            <ns3:hr>154</ns3:hr>
            <ns3:cad>85</ns3:cad>
          </ns3:TrackPointExtension>
        </extensions>
      </trkpt>
      <trkpt lat="30.27523367665708065032958984375" lon="120.20681597292423248291015625">
        <ele>10.3999996185302734375</ele>
        <time>2026-07-27T11:59:02.000Z</time>
        <extensions>
          <ns3:TrackPointExtension>
            <ns3:hr>154</ns3:hr>
            <ns3:cad>84</ns3:cad>
          </ns3:TrackPointExtension>
        </extensions>
      </trkpt>
      <trkpt lat="30.2752505242824554443359375" lon="120.20681471563875675201416015625">
        <ele>10.3999996185302734375</ele>
        <time>2026-07-27T11:59:03.000Z</time>
        <extensions>
          <ns3:TrackPointExtension>
            <ns3:hr>154</ns3:hr>
            <ns3:cad>84</ns3:cad>
          </ns3:TrackPointExtension>
        </extensions>
      </trkpt>
      <trkpt lat="30.2752724848687648773193359375" lon="120.20682091824710369110107421875">
        <ele>10.3999996185302734375</ele>
        <time>2026-07-27T11:59:04.000Z</time>
        <extensions>
          <ns3:TrackPointExtension>
            <ns3:hr>154</ns3:hr>
            <ns3:cad>85</ns3:cad>
          </ns3:TrackPointExtension>
        </extensions>
      </trkpt>
      <trkpt lat="30.27528547681868076324462890625" lon="120.20682795904576778411865234375">
        <ele>10.19999980926513671875</ele>
        <time>2026-07-27T11:59:05.000Z</time>
        <extensions>
          <ns3:TrackPointExtension>
            <ns3:hr>154</ns3:hr>
            <ns3:cad>85</ns3:cad>
          </ns3:TrackPointExtension>
        </extensions>
      </trkpt>
      <trkpt lat="30.27530425228178501129150390625" lon="120.2068392746150493621826171875">
        <ele>10.19999980926513671875</ele>
        <time>2026-07-27T11:59:06.000Z</time>
        <extensions>
          <ns3:TrackPointExtension>
            <ns3:hr>154</ns3:hr>
            <ns3:cad>85</ns3:cad>
          </ns3:TrackPointExtension>
        </extensions>
      </trkpt>
      <trkpt lat="30.27532227337360382080078125" lon="120.2068459801375865936279296875">
        <ele>10.19999980926513671875</ele>
        <time>2026-07-27T11:59:07.000Z</time>
        <extensions>
          <ns3:TrackPointExtension>
            <ns3:hr>154</ns3:hr>
            <ns3:cad>85</ns3:cad>
          </ns3:TrackPointExtension>
        </extensions>
      </trkpt>
      <trkpt lat="30.27533107437193393707275390625" lon="120.20683516748249530792236328125">
        <ele>10.19999980926513671875</ele>
        <time>2026-07-27T11:59:08.000Z</time>
        <extensions>
          <ns3:TrackPointExtension>
            <ns3:hr>153</ns3:hr>
            <ns3:cad>85</ns3:cad>
          </ns3:TrackPointExtension>
        </extensions>
      </trkpt>
      <trkpt lat="30.2753415517508983612060546875" lon="120.20681790076196193695068359375">
        <ele>10.3999996185302734375</ele>
        <time>2026-07-27T11:59:09.000Z</time>
        <extensions>
          <ns3:TrackPointExtension>
            <ns3:hr>153</ns3:hr>
            <ns3:cad>85</ns3:cad>
          </ns3:TrackPointExtension>
        </extensions>
      </trkpt>
      <trkpt lat="30.2753532864153385162353515625" lon="120.206808261573314666748046875">
        <ele>10.3999996185302734375</ele>
        <time>2026-07-27T11:59:10.000Z</time>
        <extensions>
          <ns3:TrackPointExtension>
            <ns3:hr>153</ns3:hr>
            <ns3:cad>85</ns3:cad>
          </ns3:TrackPointExtension>
        </extensions>
      </trkpt>
      <trkpt lat="30.27537080459296703338623046875" lon="120.20679694600403308868408203125">
        <ele>10.3999996185302734375</ele>
        <time>2026-07-27T11:59:11.000Z</time>
        <extensions>
          <ns3:TrackPointExtension>
            <ns3:hr>152</ns3:hr>
            <ns3:cad>85</ns3:cad>
          </ns3:TrackPointExtension>
        </extensions>
      </trkpt>
      <trkpt lat="30.27539527975022792816162109375" lon="120.20680013112723827362060546875">
        <ele>10.3999996185302734375</ele>
        <time>2026-07-27T11:59:12.000Z</time>
        <extensions>
          <ns3:TrackPointExtension>
            <ns3:hr>152</ns3:hr>
            <ns3:cad>83</ns3:cad>
          </ns3:TrackPointExtension>
        </extensions>
      </trkpt>
      <trkpt lat="30.2754127979278564453125" lon="120.20679761655628681182861328125">
        <ele>10.19999980926513671875</ele>
        <time>2026-07-27T11:59:13.000Z</time>
        <extensions>
          <ns3:TrackPointExtension>
            <ns3:hr>152</ns3:hr>
            <ns3:cad>83</ns3:cad>
          </ns3:TrackPointExtension>
        </extensions>
      </trkpt>
      <trkpt lat="30.27543987147510051727294921875" lon="120.2068023942410945892333984375">
        <ele>10.19999980926513671875</ele>
        <time>2026-07-27T11:59:14.000Z</time>
        <extensions>
          <ns3:TrackPointExtension>
            <ns3:hr>151</ns3:hr>
            <ns3:cad>83</ns3:cad>
          </ns3:TrackPointExtension>
        </extensions>
      </trkpt>
      <trkpt lat="30.27545311488211154937744140625" lon="120.20679610781371593475341796875">
        <ele>10.19999980926513671875</ele>
        <time>2026-07-27T11:59:15.000Z</time>
        <extensions>
          <ns3:TrackPointExtension>
            <ns3:hr>151</ns3:hr>
            <ns3:cad>84</ns3:cad>
          </ns3:TrackPointExtension>
        </extensions>
      </trkpt>
      <trkpt lat="30.2754759974777698516845703125" lon="120.20679225213825702667236328125">
        <ele>10.19999980926513671875</ele>
        <time>2026-07-27T11:59:16.000Z</time>
        <extensions>
          <ns3:TrackPointExtension>
            <ns3:hr>150</ns3:hr>
            <ns3:cad>85</ns3:cad>
          </ns3:TrackPointExtension>
        </extensions>
      </trkpt>
      <trkpt lat="30.27549636550247669219970703125" lon="120.20679091103374958038330078125">
        <ele>10.19999980926513671875</ele>
        <time>2026-07-27T11:59:17.000Z</time>
        <extensions>
          <ns3:TrackPointExtension>
            <ns3:hr>150</ns3:hr>
            <ns3:cad>85</ns3:cad>
          </ns3:TrackPointExtension>
        </extensions>
      </trkpt>
      <trkpt lat="30.2755145542323589324951171875" lon="120.20678772591054439544677734375">
        <ele>10.19999980926513671875</ele>
        <time>2026-07-27T11:59:18.000Z</time>
        <extensions>
          <ns3:TrackPointExtension>
            <ns3:hr>149</ns3:hr>
            <ns3:cad>85</ns3:cad>
          </ns3:TrackPointExtension>
        </extensions>
      </trkpt>
      <trkpt lat="30.2755383588373661041259765625" lon="120.2067930065095424652099609375">
        <ele>10.19999980926513671875</ele>
        <time>2026-07-27T11:59:19.000Z</time>
        <extensions>
          <ns3:TrackPointExtension>
            <ns3:hr>149</ns3:hr>
            <ns3:cad>85</ns3:cad>
          </ns3:TrackPointExtension>
        </extensions>
      </trkpt>
      <trkpt lat="30.2755564637482166290283203125" lon="120.20679040811955928802490234375">
        <ele>10.19999980926513671875</ele>
        <time>2026-07-27T11:59:20.000Z</time>
        <extensions>
          <ns3:TrackPointExtension>
            <ns3:hr>149</ns3:hr>
            <ns3:cad>85</ns3:cad>
          </ns3:TrackPointExtension>
        </extensions>
      </trkpt>
      <trkpt lat="30.2755842916667461395263671875" lon="120.2067953534424304962158203125">
        <ele>10.19999980926513671875</ele>
        <time>2026-07-27T11:59:21.000Z</time>
        <extensions>
          <ns3:TrackPointExtension>
            <ns3:hr>149</ns3:hr>
            <ns3:cad>85</ns3:cad>
          </ns3:TrackPointExtension>
        </extensions>
      </trkpt>
      <trkpt lat="30.27559862472116947174072265625" lon="120.20679049193859100341796875">
        <ele>10.19999980926513671875</ele>
        <time>2026-07-27T11:59:22.000Z</time>
        <extensions>
          <ns3:TrackPointExtension>
            <ns3:hr>149</ns3:hr>
            <ns3:cad>86</ns3:cad>
          </ns3:TrackPointExtension>
        </extensions>
      </trkpt>
      <trkpt lat="30.27562025003135204315185546875" lon="120.206787474453449249267578125">
        <ele>10.19999980926513671875</ele>
        <time>2026-07-27T11:59:23.000Z</time>
        <extensions>
          <ns3:TrackPointExtension>
            <ns3:hr>148</ns3:hr>
            <ns3:cad>86</ns3:cad>
          </ns3:TrackPointExtension>
        </extensions>
      </trkpt>
      <trkpt lat="30.27564279735088348388671875" lon="120.20678688772022724151611328125">
        <ele>10.19999980926513671875</ele>
        <time>2026-07-27T11:59:24.000Z</time>
        <extensions>
          <ns3:TrackPointExtension>
            <ns3:hr>148</ns3:hr>
            <ns3:cad>86</ns3:cad>
          </ns3:TrackPointExtension>
        </extensions>
      </trkpt>
      <trkpt lat="30.27565998025238513946533203125" lon="120.2067816071212291717529296875">
        <ele>10.19999980926513671875</ele>
        <time>2026-07-27T11:59:25.000Z</time>
        <extensions>
          <ns3:TrackPointExtension>
            <ns3:hr>148</ns3:hr>
            <ns3:cad>86</ns3:cad>
          </ns3:TrackPointExtension>
        </extensions>
      </trkpt>
      <trkpt lat="30.2756865508854389190673828125" lon="120.20678018219769001007080078125">
        <ele>10.19999980926513671875</ele>
        <time>2026-07-27T11:59:26.000Z</time>
        <extensions>
          <ns3:TrackPointExtension>
            <ns3:hr>148</ns3:hr>
            <ns3:cad>85</ns3:cad>
          </ns3:TrackPointExtension>
        </extensions>
      </trkpt>
      <trkpt lat="30.275700800120830535888671875" lon="120.2067698724567890167236328125">
        <ele>10.19999980926513671875</ele>
        <time>2026-07-27T11:59:27.000Z</time>
        <extensions>
          <ns3:TrackPointExtension>
            <ns3:hr>148</ns3:hr>
            <ns3:cad>85</ns3:cad>
          </ns3:TrackPointExtension>
        </extensions>
      </trkpt>
      <trkpt lat="30.27572468854486942291259765625" lon="120.20675721578299999237060546875">
        <ele>10.19999980926513671875</ele>
        <time>2026-07-27T11:59:28.000Z</time>
        <extensions>
          <ns3:TrackPointExtension>
            <ns3:hr>147</ns3:hr>
            <ns3:cad>85</ns3:cad>
          </ns3:TrackPointExtension>
        </extensions>
      </trkpt>
      <trkpt lat="30.2757413685321807861328125" lon="120.20674229599535465240478515625">
        <ele>10.19999980926513671875</ele>
        <time>2026-07-27T11:59:29.000Z</time>
        <extensions>
          <ns3:TrackPointExtension>
            <ns3:hr>146</ns3:hr>
            <ns3:cad>85</ns3:cad>
          </ns3:TrackPointExtension>
        </extensions>
      </trkpt>
      <trkpt lat="30.27575871907174587249755859375" lon="120.20672402344644069671630859375">
        <ele>10.19999980926513671875</ele>
        <time>2026-07-27T11:59:30.000Z</time>
        <extensions>
          <ns3:TrackPointExtension>
            <ns3:hr>145</ns3:hr>
            <ns3:cad>85</ns3:cad>
          </ns3:TrackPointExtension>
        </extensions>
      </trkpt>
      <trkpt lat="30.27577648870646953582763671875" lon="120.20670868456363677978515625">
        <ele>10.19999980926513671875</ele>
        <time>2026-07-27T11:59:31.000Z</time>
        <extensions>
          <ns3:TrackPointExtension>
            <ns3:hr>145</ns3:hr>
            <ns3:cad>85</ns3:cad>
          </ns3:TrackPointExtension>
        </extensions>
      </trkpt>
      <trkpt lat="30.27578294277191162109375" lon="120.20669166930019855499267578125">
        <ele>10.19999980926513671875</ele>
        <time>2026-07-27T11:59:32.000Z</time>
        <extensions>
          <ns3:TrackPointExtension>
            <ns3:hr>145</ns3:hr>
            <ns3:cad>85</ns3:cad>
          </ns3:TrackPointExtension>
        </extensions>
      </trkpt>
      <trkpt lat="30.2758003771305084228515625" lon="120.20666903816163539886474609375">
        <ele>10.19999980926513671875</ele>
        <time>2026-07-27T11:59:33.000Z</time>
        <extensions>
          <ns3:TrackPointExtension>
            <ns3:hr>145</ns3:hr>
            <ns3:cad>85</ns3:cad>
          </ns3:TrackPointExtension>
        </extensions>
      </trkpt>
      <trkpt lat="30.27580683119595050811767578125" lon="120.2066521905362606048583984375">
        <ele>10.19999980926513671875</ele>
        <time>2026-07-27T11:59:34.000Z</time>
        <extensions>
          <ns3:TrackPointExtension>
            <ns3:hr>144</ns3:hr>
            <ns3:cad>86</ns3:cad>
          </ns3:TrackPointExtension>
        </extensions>
      </trkpt>
      <trkpt lat="30.2758213318884372711181640625" lon="120.20663031376898288726806640625">
        <ele>10.19999980926513671875</ele>
        <time>2026-07-27T11:59:35.000Z</time>
        <extensions>
          <ns3:TrackPointExtension>
            <ns3:hr>145</ns3:hr>
            <ns3:cad>86</ns3:cad>
          </ns3:TrackPointExtension>
        </extensions>
      </trkpt>
      <trkpt lat="30.27582996524870395660400390625" lon="120.206616818904876708984375">
        <ele>10.19999980926513671875</ele>
        <time>2026-07-27T11:59:36.000Z</time>
        <extensions>
          <ns3:TrackPointExtension>
            <ns3:hr>145</ns3:hr>
            <ns3:cad>86</ns3:cad>
          </ns3:TrackPointExtension>
        </extensions>
      </trkpt>
      <trkpt lat="30.27583600021898746490478515625" lon="120.20659678615629673004150390625">
        <ele>10.19999980926513671875</ele>
        <time>2026-07-27T11:59:37.000Z</time>
        <extensions>
          <ns3:TrackPointExtension>
            <ns3:hr>144</ns3:hr>
            <ns3:cad>86</ns3:cad>
          </ns3:TrackPointExtension>
        </extensions>
      </trkpt>
      <trkpt lat="30.27584471739828586578369140625" lon="120.20657147280871868133544921875">
        <ele>10.19999980926513671875</ele>
        <time>2026-07-27T11:59:38.000Z</time>
        <extensions>
          <ns3:TrackPointExtension>
            <ns3:hr>144</ns3:hr>
            <ns3:cad>86</ns3:cad>
          </ns3:TrackPointExtension>
        </extensions>
      </trkpt>
      <trkpt lat="30.27584270574152469635009765625" lon="120.20655504427850246429443359375">
        <ele>10.19999980926513671875</ele>
        <time>2026-07-27T11:59:39.000Z</time>
        <extensions>
          <ns3:TrackPointExtension>
            <ns3:hr>144</ns3:hr>
            <ns3:cad>86</ns3:cad>
          </ns3:TrackPointExtension>
        </extensions>
      </trkpt>
      <trkpt lat="30.2758491598069667816162109375" lon="120.2065264619886875152587890625">
        <ele>10</ele>
        <time>2026-07-27T11:59:40.000Z</time>
        <extensions>
          <ns3:TrackPointExtension>
            <ns3:hr>144</ns3:hr>
            <ns3:cad>85</ns3:cad>
          </ns3:TrackPointExtension>
        </extensions>
      </trkpt>
      <trkpt lat="30.2758494950830936431884765625" lon="120.20651422441005706787109375">
        <ele>10</ele>
        <time>2026-07-27T11:59:41.000Z</time>
        <extensions>
          <ns3:TrackPointExtension>
            <ns3:hr>145</ns3:hr>
            <ns3:cad>85</ns3:cad>
          </ns3:TrackPointExtension>
        </extensions>
      </trkpt>
      <trkpt lat="30.27584907598793506622314453125" lon="120.206487067043781280517578125">
        <ele>10</ele>
        <time>2026-07-27T11:59:42.000Z</time>
        <extensions>
          <ns3:TrackPointExtension>
            <ns3:hr>144</ns3:hr>
            <ns3:cad>85</ns3:cad>
          </ns3:TrackPointExtension>
        </extensions>
      </trkpt>
      <trkpt lat="30.27584522031247615814208984375" lon="120.20646804012358188629150390625">
        <ele>10</ele>
        <time>2026-07-27T11:59:43.000Z</time>
        <extensions>
          <ns3:TrackPointExtension>
            <ns3:hr>144</ns3:hr>
            <ns3:cad>85</ns3:cad>
          </ns3:TrackPointExtension>
        </extensions>
      </trkpt>
      <trkpt lat="30.27583750896155834197998046875" lon="120.20644624717533588409423828125">
        <ele>10</ele>
        <time>2026-07-27T11:59:44.000Z</time>
        <extensions>
          <ns3:TrackPointExtension>
            <ns3:hr>144</ns3:hr>
            <ns3:cad>85</ns3:cad>
          </ns3:TrackPointExtension>
        </extensions>
      </trkpt>
      <trkpt lat="30.27583197690546512603759765625" lon="120.2064169943332672119140625">
        <ele>10</ele>
        <time>2026-07-27T11:59:45.000Z</time>
        <extensions>
          <ns3:TrackPointExtension>
            <ns3:hr>144</ns3:hr>
            <ns3:cad>85</ns3:cad>
          </ns3:TrackPointExtension>
        </extensions>
      </trkpt>
      <trkpt lat="30.275819487869739532470703125" lon="120.20639930851757526397705078125">
        <ele>10</ele>
        <time>2026-07-27T11:59:46.000Z</time>
        <extensions>
          <ns3:TrackPointExtension>
            <ns3:hr>143</ns3:hr>
            <ns3:cad>85</ns3:cad>
          </ns3:TrackPointExtension>
        </extensions>
      </trkpt>
      <trkpt lat="30.27580833993852138519287109375" lon="120.20637265406548976898193359375">
        <ele>10</ele>
        <time>2026-07-27T11:59:47.000Z</time>
        <extensions>
          <ns3:TrackPointExtension>
            <ns3:hr>143</ns3:hr>
            <ns3:cad>85</ns3:cad>
          </ns3:TrackPointExtension>
        </extensions>
      </trkpt>
      <trkpt lat="30.2758008800446987152099609375" lon="120.20635438151657581329345703125">
        <ele>10</ele>
        <time>2026-07-27T11:59:48.000Z</time>
        <extensions>
          <ns3:TrackPointExtension>
            <ns3:hr>143</ns3:hr>
            <ns3:cad>85</ns3:cad>
          </ns3:TrackPointExtension>
        </extensions>
      </trkpt>
      <trkpt lat="30.275787301361560821533203125" lon="120.20633091218769550323486328125">
        <ele>10</ele>
        <time>2026-07-27T11:59:49.000Z</time>
        <extensions>
          <ns3:TrackPointExtension>
            <ns3:hr>143</ns3:hr>
            <ns3:cad>85</ns3:cad>
          </ns3:TrackPointExtension>
        </extensions>
      </trkpt>
      <trkpt lat="30.27577221393585205078125" lon="120.20630962215363979339599609375">
        <ele>10</ele>
        <time>2026-07-27T11:59:50.000Z</time>
        <extensions>
          <ns3:TrackPointExtension>
            <ns3:hr>143</ns3:hr>
            <ns3:cad>85</ns3:cad>
          </ns3:TrackPointExtension>
        </extensions>
      </trkpt>
      <trkpt lat="30.275756455957889556884765625" lon="120.206301324069499969482421875">
        <ele>10</ele>
        <time>2026-07-27T11:59:51.000Z</time>
        <extensions>
          <ns3:TrackPointExtension>
            <ns3:hr>143</ns3:hr>
            <ns3:cad>85</ns3:cad>
          </ns3:TrackPointExtension>
        </extensions>
      </trkpt>
      <trkpt lat="30.27573625557124614715576171875" lon="120.20627953112125396728515625">
        <ele>10</ele>
        <time>2026-07-27T11:59:52.000Z</time>
        <extensions>
          <ns3:TrackPointExtension>
            <ns3:hr>143</ns3:hr>
            <ns3:cad>85</ns3:cad>
          </ns3:TrackPointExtension>
        </extensions>
      </trkpt>
      <trkpt lat="30.2757230959832668304443359375" lon="120.20627039484679698944091796875">
        <ele>10</ele>
        <time>2026-07-27T11:59:53.000Z</time>
        <extensions>
          <ns3:TrackPointExtension>
            <ns3:hr>143</ns3:hr>
            <ns3:cad>85</ns3:cad>
          </ns3:TrackPointExtension>
        </extensions>
      </trkpt>
      <trkpt lat="30.27570541016757488250732421875" lon="120.20625329576432704925537109375">
        <ele>10</ele>
        <time>2026-07-27T11:59:54.000Z</time>
        <extensions>
          <ns3:TrackPointExtension>
            <ns3:hr>143</ns3:hr>
            <ns3:cad>85</ns3:cad>
          </ns3:TrackPointExtension>
        </extensions>
      </trkpt>
      <trkpt lat="30.2756878919899463653564453125" lon="120.20624038763344287872314453125">
        <ele>10</ele>
        <time>2026-07-27T11:59:55.000Z</time>
        <extensions>
          <ns3:TrackPointExtension>
            <ns3:hr>142</ns3:hr>
            <ns3:cad>84</ns3:cad>
          </ns3:TrackPointExtension>
        </extensions>
      </trkpt>
      <trkpt lat="30.27567121200263500213623046875" lon="120.20623854361474514007568359375">
        <ele>10</ele>
        <time>2026-07-27T11:59:56.000Z</time>
        <extensions>
          <ns3:TrackPointExtension>
            <ns3:hr>142</ns3:hr>
            <ns3:cad>84</ns3:cad>
          </ns3:TrackPointExtension>
        </extensions>
      </trkpt>
      <trkpt lat="30.2756473235785961151123046875" lon="120.2062346041202545166015625">
        <ele>10</ele>
        <time>2026-07-27T11:59:57.000Z</time>
        <extensions>
          <ns3:TrackPointExtension>
            <ns3:hr>141</ns3:hr>
            <ns3:cad>84</ns3:cad>
          </ns3:TrackPointExtension>
        </extensions>
      </trkpt>
      <trkpt lat="30.27563097886741161346435546875" lon="120.20623753778636455535888671875">
        <ele>10.19999980926513671875</ele>
        <time>2026-07-27T11:59:58.000Z</time>
        <extensions>
          <ns3:TrackPointExtension>
            <ns3:hr>141</ns3:hr>
            <ns3:cad>85</ns3:cad>
          </ns3:TrackPointExtension>
        </extensions>
      </trkpt>
      <trkpt lat="30.275606922805309295654296875" lon="120.20623871125280857086181640625">
        <ele>10.19999980926513671875</ele>
        <time>2026-07-27T11:59:59.000Z</time>
        <extensions>
          <ns3:TrackPointExtension>
            <ns3:hr>141</ns3:hr>
            <ns3:cad>85</ns3:cad>
          </ns3:TrackPointExtension>
        </extensions>
      </trkpt>
      <trkpt lat="30.2755913324654102325439453125" lon="120.20623502321541309356689453125">
        <ele>10</ele>
        <time>2026-07-27T12:00:00.000Z</time>
        <extensions>
          <ns3:TrackPointExtension>
            <ns3:hr>140</ns3:hr>
            <ns3:cad>85</ns3:cad>
          </ns3:TrackPointExtension>
        </extensions>
      </trkpt>
      <trkpt lat="30.27556895278394222259521484375" lon="120.2062367834150791168212890625">
        <ele>10</ele>
        <time>2026-07-27T12:00:01.000Z</time>
        <extensions>
          <ns3:TrackPointExtension>
            <ns3:hr>140</ns3:hr>
            <ns3:cad>85</ns3:cad>
          </ns3:TrackPointExtension>
        </extensions>
      </trkpt>
      <trkpt lat="30.27554715983569622039794921875" lon="120.2062401361763477325439453125">
        <ele>10</ele>
        <time>2026-07-27T12:00:02.000Z</time>
        <extensions>
          <ns3:TrackPointExtension>
            <ns3:hr>140</ns3:hr>
            <ns3:cad>85</ns3:cad>
          </ns3:TrackPointExtension>
        </extensions>
      </trkpt>
      <trkpt lat="30.27552989311516284942626953125" lon="120.20624709315598011016845703125">
        <ele>10</ele>
        <time>2026-07-27T12:00:03.000Z</time>
        <extensions>
          <ns3:TrackPointExtension>
            <ns3:hr>140</ns3:hr>
            <ns3:cad>85</ns3:cad>
          </ns3:TrackPointExtension>
        </extensions>
      </trkpt>
      <trkpt lat="30.2755028195679187774658203125" lon="120.2062468416988849639892578125">
        <ele>10</ele>
        <time>2026-07-27T12:00:04.000Z</time>
        <extensions>
          <ns3:TrackPointExtension>
            <ns3:hr>141</ns3:hr>
            <ns3:cad>85</ns3:cad>
          </ns3:TrackPointExtension>
        </extensions>
      </trkpt>
      <trkpt lat="30.27548815123736858367919921875" lon="120.20625446923077106475830078125">
        <ele>10</ele>
        <time>2026-07-27T12:00:05.000Z</time>
        <extensions>
          <ns3:TrackPointExtension>
            <ns3:hr>140</ns3:hr>
            <ns3:cad>85</ns3:cad>
          </ns3:TrackPointExtension>
        </extensions>
      </trkpt>
      <trkpt lat="30.2754666097462177276611328125" lon="120.20625648088753223419189453125">
        <ele>10</ele>
        <time>2026-07-27T12:00:06.000Z</time>
        <extensions>
          <ns3:TrackPointExtension>
            <ns3:hr>141</ns3:hr>
            <ns3:cad>85</ns3:cad>
          </ns3:TrackPointExtension>
        </extensions>
      </trkpt>
      <trkpt lat="30.27544699609279632568359375" lon="120.206255726516246795654296875">
        <ele>10</ele>
        <time>2026-07-27T12:00:07.000Z</time>
        <extensions>
          <ns3:TrackPointExtension>
            <ns3:hr>141</ns3:hr>
            <ns3:cad>85</ns3:cad>
          </ns3:TrackPointExtension>
        </extensions>
      </trkpt>
      <trkpt lat="30.27542411349713802337646484375" lon="120.20625698380172252655029296875">
        <ele>10</ele>
        <time>2026-07-27T12:00:08.000Z</time>
        <extensions>
          <ns3:TrackPointExtension>
            <ns3:hr>141</ns3:hr>
            <ns3:cad>85</ns3:cad>
          </ns3:TrackPointExtension>
        </extensions>
      </trkpt>
      <trkpt lat="30.2754005603492259979248046875" lon="120.2062575705349445343017578125">
        <ele>10</ele>
        <time>2026-07-27T12:00:09.000Z</time>
        <extensions>
          <ns3:TrackPointExtension>
            <ns3:hr>141</ns3:hr>
            <ns3:cad>86</ns3:cad>
          </ns3:TrackPointExtension>
        </extensions>
      </trkpt>
      <trkpt lat="30.27538153342902660369873046875" lon="120.20626586861908435821533203125">
        <ele>10</ele>
        <time>2026-07-27T12:00:10.000Z</time>
        <extensions>
          <ns3:TrackPointExtension>
            <ns3:hr>141</ns3:hr>
            <ns3:cad>86</ns3:cad>
          </ns3:TrackPointExtension>
        </extensions>
      </trkpt>
      <trkpt lat="30.2753524482250213623046875" lon="120.20626838319003582000732421875">
        <ele>9.80000019073486328125</ele>
        <time>2026-07-27T12:00:11.000Z</time>
        <extensions>
          <ns3:TrackPointExtension>
            <ns3:hr>141</ns3:hr>
            <ns3:cad>85</ns3:cad>
          </ns3:TrackPointExtension>
        </extensions>
      </trkpt>
      <trkpt lat="30.27533560059964656829833984375" lon="120.20627626217901706695556640625">
        <ele>10</ele>
        <time>2026-07-27T12:00:12.000Z</time>
        <extensions>
          <ns3:TrackPointExtension>
            <ns3:hr>141</ns3:hr>
            <ns3:cad>85</ns3:cad>
          </ns3:TrackPointExtension>
        </extensions>
      </trkpt>
      <trkpt lat="30.27530752122402191162109375" lon="120.206278860569000244140625">
        <ele>10</ele>
        <time>2026-07-27T12:00:13.000Z</time>
        <extensions>
          <ns3:TrackPointExtension>
            <ns3:hr>141</ns3:hr>
            <ns3:cad>85</ns3:cad>
          </ns3:TrackPointExtension>
        </extensions>
      </trkpt>
      <trkpt lat="30.27529276907444000244140625" lon="120.2062775194644927978515625">
        <ele>9.80000019073486328125</ele>
        <time>2026-07-27T12:00:14.000Z</time>
        <extensions>
          <ns3:TrackPointExtension>
            <ns3:hr>141</ns3:hr>
            <ns3:cad>86</ns3:cad>
          </ns3:TrackPointExtension>
        </extensions>
      </trkpt>
      <trkpt lat="30.275272317230701446533203125" lon="120.206273496150970458984375">
        <ele>9.80000019073486328125</ele>
        <time>2026-07-27T12:00:15.000Z</time>
        <extensions>
          <ns3:TrackPointExtension>
            <ns3:hr>141</ns3:hr>
            <ns3:cad>86</ns3:cad>
          </ns3:TrackPointExtension>
        </extensions>
      </trkpt>
      <trkpt lat="30.27525362558662891387939453125" lon="120.2062729932367801666259765625">
        <ele>9.80000019073486328125</ele>
        <time>2026-07-27T12:00:16.000Z</time>
        <extensions>
          <ns3:TrackPointExtension>
            <ns3:hr>141</ns3:hr>
            <ns3:cad>86</ns3:cad>
          </ns3:TrackPointExtension>
        </extensions>
      </trkpt>
      <trkpt lat="30.2752352692186832427978515625" lon="120.2062775194644927978515625">
        <ele>9.80000019073486328125</ele>
        <time>2026-07-27T12:00:17.000Z</time>
        <extensions>
          <ns3:TrackPointExtension>
            <ns3:hr>142</ns3:hr>
            <ns3:cad>86</ns3:cad>
          </ns3:TrackPointExtension>
        </extensions>
      </trkpt>
      <trkpt lat="30.27520886622369289398193359375" lon="120.206275843083858489990234375">
        <ele>9.80000019073486328125</ele>
        <time>2026-07-27T12:00:18.000Z</time>
        <extensions>
          <ns3:TrackPointExtension>
            <ns3:hr>141</ns3:hr>
            <ns3:cad>86</ns3:cad>
          </ns3:TrackPointExtension>
        </extensions>
      </trkpt>
      <trkpt lat="30.2751930244266986846923828125" lon="120.206284224987030029296875">
        <ele>9.80000019073486328125</ele>
        <time>2026-07-27T12:00:19.000Z</time>
        <extensions>
          <ns3:TrackPointExtension>
            <ns3:hr>141</ns3:hr>
            <ns3:cad>86</ns3:cad>
          </ns3:TrackPointExtension>
        </extensions>
      </trkpt>
      <trkpt lat="30.27516762726008892059326171875" lon="120.2062833867967128753662109375">
        <ele>9.80000019073486328125</ele>
        <time>2026-07-27T12:00:20.000Z</time>
        <extensions>
          <ns3:TrackPointExtension>
            <ns3:hr>142</ns3:hr>
            <ns3:cad>86</ns3:cad>
          </ns3:TrackPointExtension>
        </extensions>
      </trkpt>
      <trkpt lat="30.27515103109180927276611328125" lon="120.206281878054141998291015625">
        <ele>9.80000019073486328125</ele>
        <time>2026-07-27T12:00:21.000Z</time>
        <extensions>
          <ns3:TrackPointExtension>
            <ns3:hr>141</ns3:hr>
            <ns3:cad>86</ns3:cad>
          </ns3:TrackPointExtension>
        </extensions>
      </trkpt>
      <trkpt lat="30.27512923814356327056884765625" lon="120.2062813751399517059326171875">
        <ele>9.80000019073486328125</ele>
        <time>2026-07-27T12:00:22.000Z</time>
        <extensions>
          <ns3:TrackPointExtension>
            <ns3:hr>141</ns3:hr>
            <ns3:cad>86</ns3:cad>
          </ns3:TrackPointExtension>
        </extensions>
      </trkpt>
      <trkpt lat="30.275108031928539276123046875" lon="120.2062793634831905364990234375">
        <ele>9.80000019073486328125</ele>
        <time>2026-07-27T12:00:23.000Z</time>
        <extensions>
          <ns3:TrackPointExtension>
            <ns3:hr>142</ns3:hr>
            <ns3:cad>86</ns3:cad>
          </ns3:TrackPointExtension>
        </extensions>
      </trkpt>
      <trkpt lat="30.2750900946557521820068359375" lon="120.20628464408218860626220703125">
        <ele>10</ele>
        <time>2026-07-27T12:00:24.000Z</time>
        <extensions>
          <ns3:TrackPointExtension>
            <ns3:hr>141</ns3:hr>
            <ns3:cad>86</ns3:cad>
          </ns3:TrackPointExtension>
        </extensions>
      </trkpt>
      <trkpt lat="30.2750649489462375640869140625" lon="120.20628531463444232940673828125">
        <ele>10</ele>
        <time>2026-07-27T12:00:25.000Z</time>
        <extensions>
          <ns3:TrackPointExtension>
            <ns3:hr>141</ns3:hr>
            <ns3:cad>85</ns3:cad>
          </ns3:TrackPointExtension>
        </extensions>
      </trkpt>
      <trkpt lat="30.2750493586063385009765625" lon="120.20629084669053554534912109375">
        <ele>10</ele>
        <time>2026-07-27T12:00:26.000Z</time>
        <extensions>
          <ns3:TrackPointExtension>
            <ns3:hr>141</ns3:hr>
            <ns3:cad>86</ns3:cad>
          </ns3:TrackPointExtension>
        </extensions>
      </trkpt>
      <trkpt lat="30.275023542344570159912109375" lon="120.20629000850021839141845703125">
        <ele>10</ele>
        <time>2026-07-27T12:00:27.000Z</time>
        <extensions>
          <ns3:TrackPointExtension>
            <ns3:hr>141</ns3:hr>
            <ns3:cad>86</ns3:cad>
          </ns3:TrackPointExtension>
        </extensions>
      </trkpt>
      <trkpt lat="30.27500753290951251983642578125" lon="120.2062855660915374755859375">
        <ele>10</ele>
        <time>2026-07-27T12:00:28.000Z</time>
        <extensions>
          <ns3:TrackPointExtension>
            <ns3:hr>141</ns3:hr>
            <ns3:cad>86</ns3:cad>
          </ns3:TrackPointExtension>
        </extensions>
      </trkpt>
      <trkpt lat="30.2749881707131862640380859375" lon="120.20628581754863262176513671875">
        <ele>10</ele>
        <time>2026-07-27T12:00:29.000Z</time>
        <extensions>
          <ns3:TrackPointExtension>
            <ns3:hr>141</ns3:hr>
            <ns3:cad>86</ns3:cad>
          </ns3:TrackPointExtension>
        </extensions>
      </trkpt>
      <trkpt lat="30.27496629394590854644775390625" lon="120.20628632046282291412353515625">
        <ele>10</ele>
        <time>2026-07-27T12:00:30.000Z</time>
        <extensions>
          <ns3:TrackPointExtension>
            <ns3:hr>141</ns3:hr>
            <ns3:cad>86</ns3:cad>
          </ns3:TrackPointExtension>
        </extensions>
      </trkpt>
      <trkpt lat="30.27494885958731174468994140625" lon="120.20629067905247211456298828125">
        <ele>10</ele>
        <time>2026-07-27T12:00:31.000Z</time>
        <extensions>
          <ns3:TrackPointExtension>
            <ns3:hr>141</ns3:hr>
            <ns3:cad>86</ns3:cad>
          </ns3:TrackPointExtension>
        </extensions>
      </trkpt>
      <trkpt lat="30.27492572553455829620361328125" lon="120.206289924681186676025390625">
        <ele>10</ele>
        <time>2026-07-27T12:00:32.000Z</time>
        <extensions>
          <ns3:TrackPointExtension>
            <ns3:hr>141</ns3:hr>
            <ns3:cad>86</ns3:cad>
          </ns3:TrackPointExtension>
        </extensions>
      </trkpt>
      <trkpt lat="30.274911224842071533203125" lon="120.20628984086215496063232421875">
        <ele>10</ele>
        <time>2026-07-27T12:00:33.000Z</time>
        <extensions>
          <ns3:TrackPointExtension>
            <ns3:hr>142</ns3:hr>
            <ns3:cad>86</ns3:cad>
          </ns3:TrackPointExtension>
        </extensions>
      </trkpt>
      <trkpt lat="30.27488918043673038482666015625" lon="120.20629252307116985321044921875">
        <ele>10</ele>
        <time>2026-07-27T12:00:34.000Z</time>
        <extensions>
          <ns3:TrackPointExtension>
            <ns3:hr>142</ns3:hr>
            <ns3:cad>84</ns3:cad>
          </ns3:TrackPointExtension>
        </extensions>
      </trkpt>
      <trkpt lat="30.27487099170684814453125" lon="120.2062944509088993072509765625">
        <ele>10</ele>
        <time>2026-07-27T12:00:35.000Z</time>
        <extensions>
          <ns3:TrackPointExtension>
            <ns3:hr>142</ns3:hr>
            <ns3:cad>84</ns3:cad>
          </ns3:TrackPointExtension>
        </extensions>
      </trkpt>
      <trkpt lat="30.27484911493957042694091796875" lon="120.2063048444688320159912109375">
        <ele>10</ele>
        <time>2026-07-27T12:00:36.000Z</time>
        <extensions>
          <ns3:TrackPointExtension>
            <ns3:hr>142</ns3:hr>
            <ns3:cad>84</ns3:cad>
          </ns3:TrackPointExtension>
        </extensions>
      </trkpt>
      <trkpt lat="30.27482346631586551666259765625" lon="120.20631347782909870147705078125">
        <ele>10</ele>
        <time>2026-07-27T12:00:37.000Z</time>
        <extensions>
          <ns3:TrackPointExtension>
            <ns3:hr>143</ns3:hr>
            <ns3:cad>85</ns3:cad>
          </ns3:TrackPointExtension>
        </extensions>
      </trkpt>
      <trkpt lat="30.27480670250952243804931640625" lon="120.20632755942642688751220703125">
        <ele>10</ele>
        <time>2026-07-27T12:00:38.000Z</time>
        <extensions>
          <ns3:TrackPointExtension>
            <ns3:hr>143</ns3:hr>
            <ns3:cad>86</ns3:cad>
          </ns3:TrackPointExtension>
        </extensions>
      </trkpt>
      <trkpt lat="30.274783484637737274169921875" lon="120.2063434012234210968017578125">
        <ele>10</ele>
        <time>2026-07-27T12:00:39.000Z</time>
        <extensions>
          <ns3:TrackPointExtension>
            <ns3:hr>143</ns3:hr>
            <ns3:cad>86</ns3:cad>
          </ns3:TrackPointExtension>
        </extensions>
      </trkpt>
      <trkpt lat="30.27477149851620197296142578125" lon="120.20635538734495639801025390625">
        <ele>10</ele>
        <time>2026-07-27T12:00:40.000Z</time>
        <extensions>
          <ns3:TrackPointExtension>
            <ns3:hr>143</ns3:hr>
            <ns3:cad>86</ns3:cad>
          </ns3:TrackPointExtension>
        </extensions>
      </trkpt>
      <trkpt lat="30.27475372888147830963134765625" lon="120.206369720399379730224609375">
        <ele>10</ele>
        <time>2026-07-27T12:00:41.000Z</time>
        <extensions>
          <ns3:TrackPointExtension>
            <ns3:hr>143</ns3:hr>
            <ns3:cad>86</ns3:cad>
          </ns3:TrackPointExtension>
        </extensions>
      </trkpt>
      <trkpt lat="30.27473947964608669281005859375" lon="120.20638321526348590850830078125">
        <ele>10</ele>
        <time>2026-07-27T12:00:42.000Z</time>
        <extensions>
          <ns3:TrackPointExtension>
            <ns3:hr>143</ns3:hr>
            <ns3:cad>85</ns3:cad>
          </ns3:TrackPointExtension>
        </extensions>
      </trkpt>
      <trkpt lat="30.27472682297229766845703125" lon="120.20639914087951183319091796875">
        <ele>10</ele>
        <time>2026-07-27T12:00:43.000Z</time>
        <extensions>
          <ns3:TrackPointExtension>
            <ns3:hr>144</ns3:hr>
            <ns3:cad>85</ns3:cad>
          </ns3:TrackPointExtension>
        </extensions>
      </trkpt>
      <trkpt lat="30.274713076651096343994140625" lon="120.20641808398067951202392578125">
        <ele>9.80000019073486328125</ele>
        <time>2026-07-27T12:00:44.000Z</time>
        <extensions>
          <ns3:TrackPointExtension>
            <ns3:hr>145</ns3:hr>
            <ns3:cad>85</ns3:cad>
          </ns3:TrackPointExtension>
        </extensions>
      </trkpt>
      <trkpt lat="30.27470561675727367401123046875" lon="120.2064379490911960601806640625">
        <ele>9.80000019073486328125</ele>
        <time>2026-07-27T12:00:45.000Z</time>
        <extensions>
          <ns3:TrackPointExtension>
            <ns3:hr>145</ns3:hr>
            <ns3:cad>86</ns3:cad>
          </ns3:TrackPointExtension>
        </extensions>
      </trkpt>
      <trkpt lat="30.2746964804828166961669921875" lon="120.20646736957132816314697265625">
        <ele>9.80000019073486328125</ele>
        <time>2026-07-27T12:00:46.000Z</time>
        <extensions>
          <ns3:TrackPointExtension>
            <ns3:hr>146</ns3:hr>
            <ns3:cad>86</ns3:cad>
          </ns3:TrackPointExtension>
        </extensions>
      </trkpt>
      <trkpt lat="30.2746958099305629730224609375" lon="120.20648681558668613433837890625">
        <ele>9.80000019073486328125</ele>
        <time>2026-07-27T12:00:47.000Z</time>
        <extensions>
          <ns3:TrackPointExtension>
            <ns3:hr>146</ns3:hr>
            <ns3:cad>86</ns3:cad>
          </ns3:TrackPointExtension>
        </extensions>
      </trkpt>
      <trkpt lat="30.27469086460769176483154296875" lon="120.2065120451152324676513671875">
        <ele>9.80000019073486328125</ele>
        <time>2026-07-27T12:00:48.000Z</time>
        <extensions>
          <ns3:TrackPointExtension>
            <ns3:hr>145</ns3:hr>
            <ns3:cad>86</ns3:cad>
          </ns3:TrackPointExtension>
        </extensions>
      </trkpt>
      <trkpt lat="30.2746880985796451568603515625" lon="120.2065392024815082550048828125">
        <ele>9.80000019073486328125</ele>
        <time>2026-07-27T12:00:49.000Z</time>
        <extensions>
          <ns3:TrackPointExtension>
            <ns3:hr>145</ns3:hr>
            <ns3:cad>86</ns3:cad>
          </ns3:TrackPointExtension>
        </extensions>
      </trkpt>
      <trkpt lat="30.2746894396841526031494140625" lon="120.20656585693359375">
        <ele>9.80000019073486328125</ele>
        <time>2026-07-27T12:00:50.000Z</time>
        <extensions>
          <ns3:TrackPointExtension>
            <ns3:hr>145</ns3:hr>
            <ns3:cad>86</ns3:cad>
          </ns3:TrackPointExtension>
        </extensions>
      </trkpt>
      <trkpt lat="30.2746884338557720184326171875" lon="120.2065992169082164764404296875">
        <ele>9.80000019073486328125</ele>
        <time>2026-07-27T12:00:51.000Z</time>
        <extensions>
          <ns3:TrackPointExtension>
            <ns3:hr>145</ns3:hr>
            <ns3:cad>85</ns3:cad>
          </ns3:TrackPointExtension>
        </extensions>
      </trkpt>
      <trkpt lat="30.2746924571692943572998046875" lon="120.20662444643676280975341796875">
        <ele>9.80000019073486328125</ele>
        <time>2026-07-27T12:00:52.000Z</time>
        <extensions>
          <ns3:TrackPointExtension>
            <ns3:hr>145</ns3:hr>
            <ns3:cad>85</ns3:cad>
          </ns3:TrackPointExtension>
        </extensions>
      </trkpt>
      <trkpt lat="30.27469539083540439605712890625" lon="120.20665747113525867462158203125">
        <ele>9.80000019073486328125</ele>
        <time>2026-07-27T12:00:53.000Z</time>
        <extensions>
          <ns3:TrackPointExtension>
            <ns3:hr>145</ns3:hr>
            <ns3:cad>85</ns3:cad>
          </ns3:TrackPointExtension>
        </extensions>
      </trkpt>
      <trkpt lat="30.27470226399600505828857421875" lon="120.2066733129322528839111328125">
        <ele>9.80000019073486328125</ele>
        <time>2026-07-27T12:00:54.000Z</time>
        <extensions>
          <ns3:TrackPointExtension>
            <ns3:hr>145</ns3:hr>
            <ns3:cad>86</ns3:cad>
          </ns3:TrackPointExtension>
        </extensions>
      </trkpt>
      <trkpt lat="30.27470695786178112030029296875" lon="120.20670541562139987945556640625">
        <ele>9.80000019073486328125</ele>
        <time>2026-07-27T12:00:55.000Z</time>
        <extensions>
          <ns3:TrackPointExtension>
            <ns3:hr>145</ns3:hr>
            <ns3:cad>86</ns3:cad>
          </ns3:TrackPointExtension>
        </extensions>
      </trkpt>
      <trkpt lat="30.2747142501175403594970703125" lon="120.2067225985229015350341796875">
        <ele>9.80000019073486328125</ele>
        <time>2026-07-27T12:00:56.000Z</time>
        <extensions>
          <ns3:TrackPointExtension>
            <ns3:hr>145</ns3:hr>
            <ns3:cad>87</ns3:cad>
          </ns3:TrackPointExtension>
        </extensions>
      </trkpt>
      <trkpt lat="30.27472523041069507598876953125" lon="120.20674397237598896026611328125">
        <ele>9.80000019073486328125</ele>
        <time>2026-07-27T12:00:57.000Z</time>
        <extensions>
          <ns3:TrackPointExtension>
            <ns3:hr>145</ns3:hr>
            <ns3:cad>87</ns3:cad>
          </ns3:TrackPointExtension>
        </extensions>
      </trkpt>
      <trkpt lat="30.2747417427599430084228515625" lon="120.2067629992961883544921875">
        <ele>9.80000019073486328125</ele>
        <time>2026-07-27T12:00:58.000Z</time>
        <extensions>
          <ns3:TrackPointExtension>
            <ns3:hr>146</ns3:hr>
            <ns3:cad>87</ns3:cad>
          </ns3:TrackPointExtension>
        </extensions>
      </trkpt>
      <trkpt lat="30.2747596800327301025390625" lon="120.2067792601883411407470703125">
        <ele>9.80000019073486328125</ele>
        <time>2026-07-27T12:00:59.000Z</time>
        <extensions>
          <ns3:TrackPointExtension>
            <ns3:hr>145</ns3:hr>
            <ns3:cad>87</ns3:cad>
          </ns3:TrackPointExtension>
        </extensions>
      </trkpt>
      <trkpt lat="30.27478055097162723541259765625" lon="120.20680130459368228912353515625">
        <ele>9.80000019073486328125</ele>
        <time>2026-07-27T12:01:00.000Z</time>
        <extensions>
          <ns3:TrackPointExtension>
            <ns3:hr>145</ns3:hr>
            <ns3:cad>87</ns3:cad>
          </ns3:TrackPointExtension>
        </extensions>
      </trkpt>
      <trkpt lat="30.274800248444080352783203125" lon="120.206808261573314666748046875">
        <ele>9.80000019073486328125</ele>
        <time>2026-07-27T12:01:01.000Z</time>
        <extensions>
          <ns3:TrackPointExtension>
            <ns3:hr>146</ns3:hr>
            <ns3:cad>86</ns3:cad>
          </ns3:TrackPointExtension>
        </extensions>
      </trkpt>
      <trkpt lat="30.2748258970677852630615234375" lon="120.20682125352323055267333984375">
        <ele>9.80000019073486328125</ele>
        <time>2026-07-27T12:01:02.000Z</time>
        <extensions>
          <ns3:TrackPointExtension>
            <ns3:hr>146</ns3:hr>
            <ns3:cad>86</ns3:cad>
          </ns3:TrackPointExtension>
        </extensions>
      </trkpt>
      <trkpt lat="30.27484106831252574920654296875" lon="120.206829048693180084228515625">
        <ele>9.80000019073486328125</ele>
        <time>2026-07-27T12:01:03.000Z</time>
        <extensions>
          <ns3:TrackPointExtension>
            <ns3:hr>146</ns3:hr>
            <ns3:cad>86</ns3:cad>
          </ns3:TrackPointExtension>
        </extensions>
      </trkpt>
      <trkpt lat="30.27486386708915233612060546875" lon="120.2068354189395904541015625">
        <ele>9.80000019073486328125</ele>
        <time>2026-07-27T12:01:04.000Z</time>
        <extensions>
          <ns3:TrackPointExtension>
            <ns3:hr>145</ns3:hr>
            <ns3:cad>86</ns3:cad>
          </ns3:TrackPointExtension>
        </extensions>
      </trkpt>
      <trkpt lat="30.27488465420901775360107421875" lon="120.2068318985402584075927734375">
        <ele>9.80000019073486328125</ele>
        <time>2026-07-27T12:01:05.000Z</time>
        <extensions>
          <ns3:TrackPointExtension>
            <ns3:hr>146</ns3:hr>
            <ns3:cad>86</ns3:cad>
          </ns3:TrackPointExtension>
        </extensions>
      </trkpt>
      <trkpt lat="30.2749063633382320404052734375" lon="120.20682938396930694580078125">
        <ele>9.80000019073486328125</ele>
        <time>2026-07-27T12:01:06.000Z</time>
        <extensions>
          <ns3:TrackPointExtension>
            <ns3:hr>146</ns3:hr>
            <ns3:cad>86</ns3:cad>
          </ns3:TrackPointExtension>
        </extensions>
      </trkpt>
      <trkpt lat="30.274928994476795196533203125" lon="120.20683030597865581512451171875">
        <ele>9.80000019073486328125</ele>
        <time>2026-07-27T12:01:07.000Z</time>
        <extensions>
          <ns3:TrackPointExtension>
            <ns3:hr>146</ns3:hr>
            <ns3:cad>86</ns3:cad>
          </ns3:TrackPointExtension>
        </extensions>
      </trkpt>
      <trkpt lat="30.27494684793055057525634765625" lon="120.2068233489990234375">
        <ele>9.80000019073486328125</ele>
        <time>2026-07-27T12:01:08.000Z</time>
        <extensions>
          <ns3:TrackPointExtension>
            <ns3:hr>146</ns3:hr>
            <ns3:cad>86</ns3:cad>
          </ns3:TrackPointExtension>
        </extensions>
      </trkpt>
      <trkpt lat="30.27497048489749431610107421875" lon="120.20682494156062602996826171875">
        <ele>9.80000019073486328125</ele>
        <time>2026-07-27T12:01:09.000Z</time>
        <extensions>
          <ns3:TrackPointExtension>
            <ns3:hr>146</ns3:hr>
            <ns3:cad>86</ns3:cad>
          </ns3:TrackPointExtension>
        </extensions>
      </trkpt>
      <trkpt lat="30.27498523704707622528076171875" lon="120.2068184874951839447021484375">
        <ele>9.80000019073486328125</ele>
        <time>2026-07-27T12:01:10.000Z</time>
        <extensions>
          <ns3:TrackPointExtension>
            <ns3:hr>145</ns3:hr>
            <ns3:cad>86</ns3:cad>
          </ns3:TrackPointExtension>
        </extensions>
      </trkpt>
      <trkpt lat="30.2750099636614322662353515625" lon="120.206815637648105621337890625">
        <ele>9.80000019073486328125</ele>
        <time>2026-07-27T12:01:11.000Z</time>
        <extensions>
          <ns3:TrackPointExtension>
            <ns3:hr>146</ns3:hr>
            <ns3:cad>86</ns3:cad>
          </ns3:TrackPointExtension>
        </extensions>
      </trkpt>
      <trkpt lat="30.27503066696226596832275390625" lon="120.2068084292113780975341796875">
        <ele>9.80000019073486328125</ele>
        <time>2026-07-27T12:01:12.000Z</time>
        <extensions>
          <ns3:TrackPointExtension>
            <ns3:hr>146</ns3:hr>
            <ns3:cad>86</ns3:cad>
          </ns3:TrackPointExtension>
        </extensions>
      </trkpt>
      <trkpt lat="30.27505430392920970916748046875" lon="120.20680163986980915069580078125">
        <ele>10</ele>
        <time>2026-07-27T12:01:13.000Z</time>
        <extensions>
          <ns3:TrackPointExtension>
            <ns3:hr>146</ns3:hr>
            <ns3:cad>86</ns3:cad>
          </ns3:TrackPointExtension>
        </extensions>
      </trkpt>
      <trkpt lat="30.2750803716480731964111328125" lon="120.20679845474660396575927734375">
        <ele>10</ele>
        <time>2026-07-27T12:01:14.000Z</time>
        <extensions>
          <ns3:TrackPointExtension>
            <ns3:hr>146</ns3:hr>
            <ns3:cad>86</ns3:cad>
          </ns3:TrackPointExtension>
        </extensions>
      </trkpt>
      <trkpt lat="30.27509805746376514434814453125" lon="120.20678956992924213409423828125">
        <ele>10</ele>
        <time>2026-07-27T12:01:15.000Z</time>
        <extensions>
          <ns3:TrackPointExtension>
            <ns3:hr>145</ns3:hr>
            <ns3:cad>86</ns3:cad>
          </ns3:TrackPointExtension>
        </extensions>
      </trkpt>
      <trkpt lat="30.275122784078121185302734375" lon="120.20678822882473468780517578125">
        <ele>10</ele>
        <time>2026-07-27T12:01:16.000Z</time>
        <extensions>
          <ns3:TrackPointExtension>
            <ns3:hr>146</ns3:hr>
            <ns3:cad>86</ns3:cad>
          </ns3:TrackPointExtension>
        </extensions>
      </trkpt>
      <trkpt lat="30.27513845823705196380615234375" lon="120.206786133348941802978515625">
        <ele>10</ele>
        <time>2026-07-27T12:01:17.000Z</time>
        <extensions>
          <ns3:TrackPointExtension>
            <ns3:hr>145</ns3:hr>
            <ns3:cad>86</ns3:cad>
          </ns3:TrackPointExtension>
        </extensions>
      </trkpt>
      <trkpt lat="30.2751620113849639892578125" lon="120.2067849598824977874755859375">
        <ele>9.80000019073486328125</ele>
        <time>2026-07-27T12:01:18.000Z</time>
        <extensions>
          <ns3:TrackPointExtension>
            <ns3:hr>145</ns3:hr>
            <ns3:cad>86</ns3:cad>
          </ns3:TrackPointExtension>
        </extensions>
      </trkpt>
      <trkpt lat="30.2751816250383853912353515625" lon="120.20678705535829067230224609375">
        <ele>9.80000019073486328125</ele>
        <time>2026-07-27T12:01:19.000Z</time>
        <extensions>
          <ns3:TrackPointExtension>
            <ns3:hr>145</ns3:hr>
            <ns3:cad>85</ns3:cad>
          </ns3:TrackPointExtension>
        </extensions>
      </trkpt>
      <trkpt lat="30.275201909244060516357421875" lon="120.20678236149251461029052734375">
        <ele>9.80000019073486328125</ele>
        <time>2026-07-27T12:01:20.000Z</time>
        <extensions>
          <ns3:TrackPointExtension>
            <ns3:hr>146</ns3:hr>
            <ns3:cad>86</ns3:cad>
          </ns3:TrackPointExtension>
        </extensions>
      </trkpt>
      <trkpt lat="30.275225378572940826416015625" lon="120.20678604952991008758544921875">
        <ele>9.80000019073486328125</ele>
        <time>2026-07-27T12:01:21.000Z</time>
        <extensions>
          <ns3:TrackPointExtension>
            <ns3:hr>145</ns3:hr>
            <ns3:cad>85</ns3:cad>
          </ns3:TrackPointExtension>
        </extensions>
      </trkpt>
      <trkpt lat="30.275243818759918212890625" lon="120.2067812718451023101806640625">
        <ele>9.80000019073486328125</ele>
        <time>2026-07-27T12:01:22.000Z</time>
        <extensions>
          <ns3:TrackPointExtension>
            <ns3:hr>145</ns3:hr>
            <ns3:cad>86</ns3:cad>
          </ns3:TrackPointExtension>
        </extensions>
      </trkpt>
      <trkpt lat="30.27526804246008396148681640625" lon="120.2067829482257366180419921875">
        <ele>9.6000003814697265625</ele>
        <time>2026-07-27T12:01:23.000Z</time>
        <extensions>
          <ns3:TrackPointExtension>
            <ns3:hr>145</ns3:hr>
            <ns3:cad>86</ns3:cad>
          </ns3:TrackPointExtension>
        </extensions>
      </trkpt>
      <trkpt lat="30.27528396807610988616943359375" lon="120.2067802660167217254638671875">
        <ele>9.6000003814697265625</ele>
        <time>2026-07-27T12:01:24.000Z</time>
        <extensions>
          <ns3:TrackPointExtension>
            <ns3:hr>145</ns3:hr>
            <ns3:cad>86</ns3:cad>
          </ns3:TrackPointExtension>
        </extensions>
      </trkpt>
      <trkpt lat="30.27530995197594165802001953125" lon="120.20678219385445117950439453125">
        <ele>9.6000003814697265625</ele>
        <time>2026-07-27T12:01:25.000Z</time>
        <extensions>
          <ns3:TrackPointExtension>
            <ns3:hr>146</ns3:hr>
            <ns3:cad>86</ns3:cad>
          </ns3:TrackPointExtension>
        </extensions>
      </trkpt>
      <trkpt lat="30.275328643620014190673828125" lon="120.20678470842540264129638671875">
        <ele>9.6000003814697265625</ele>
        <time>2026-07-27T12:01:26.000Z</time>
        <extensions>
          <ns3:TrackPointExtension>
            <ns3:hr>145</ns3:hr>
            <ns3:cad>86</ns3:cad>
          </ns3:TrackPointExtension>
        </extensions>
      </trkpt>
      <trkpt lat="30.27535177767276763916015625" lon="120.2067795954644680023193359375">
        <ele>9.6000003814697265625</ele>
        <time>2026-07-27T12:01:27.000Z</time>
        <extensions>
          <ns3:TrackPointExtension>
            <ns3:hr>145</ns3:hr>
            <ns3:cad>86</ns3:cad>
          </ns3:TrackPointExtension>
        </extensions>
      </trkpt>
      <trkpt lat="30.27537432499229907989501953125" lon="120.2067752368748188018798828125">
        <ele>9.6000003814697265625</ele>
        <time>2026-07-27T12:01:28.000Z</time>
        <extensions>
          <ns3:TrackPointExtension>
            <ns3:hr>146</ns3:hr>
            <ns3:cad>86</ns3:cad>
          </ns3:TrackPointExtension>
        </extensions>
      </trkpt>
      <trkpt lat="30.275394022464752197265625" lon="120.2067685313522815704345703125">
        <ele>9.6000003814697265625</ele>
        <time>2026-07-27T12:01:29.000Z</time>
        <extensions>
          <ns3:TrackPointExtension>
            <ns3:hr>146</ns3:hr>
            <ns3:cad>86</ns3:cad>
          </ns3:TrackPointExtension>
        </extensions>
      </trkpt>
      <trkpt lat="30.275417827069759368896484375" lon="120.20677305757999420166015625">
        <ele>9.6000003814697265625</ele>
        <time>2026-07-27T12:01:30.000Z</time>
        <extensions>
          <ns3:TrackPointExtension>
            <ns3:hr>146</ns3:hr>
            <ns3:cad>86</ns3:cad>
          </ns3:TrackPointExtension>
        </extensions>
      </trkpt>
      <trkpt lat="30.2754364348948001861572265625" lon="120.20676811225712299346923828125">
        <ele>9.6000003814697265625</ele>
        <time>2026-07-27T12:01:31.000Z</time>
        <extensions>
          <ns3:TrackPointExtension>
            <ns3:hr>146</ns3:hr>
            <ns3:cad>86</ns3:cad>
          </ns3:TrackPointExtension>
        </extensions>
      </trkpt>
      <trkpt lat="30.275462754070758819580078125" lon="120.206766016781330108642578125">
        <ele>9.6000003814697265625</ele>
        <time>2026-07-27T12:01:32.000Z</time>
        <extensions>
          <ns3:TrackPointExtension>
            <ns3:hr>145</ns3:hr>
            <ns3:cad>86</ns3:cad>
          </ns3:TrackPointExtension>
        </extensions>
      </trkpt>
      <trkpt lat="30.27547859586775302886962890625" lon="120.20675989799201488494873046875">
        <ele>9.6000003814697265625</ele>
        <time>2026-07-27T12:01:33.000Z</time>
        <extensions>
          <ns3:TrackPointExtension>
            <ns3:hr>146</ns3:hr>
            <ns3:cad>86</ns3:cad>
          </ns3:TrackPointExtension>
        </extensions>
      </trkpt>
      <trkpt lat="30.27550424449145793914794921875" lon="120.20675361156463623046875">
        <ele>9.80000019073486328125</ele>
        <time>2026-07-27T12:01:34.000Z</time>
        <extensions>
          <ns3:TrackPointExtension>
            <ns3:hr>146</ns3:hr>
            <ns3:cad>86</ns3:cad>
          </ns3:TrackPointExtension>
        </extensions>
      </trkpt>
      <trkpt lat="30.27553022839128971099853515625" lon="120.20675151608884334564208984375">
        <ele>9.80000019073486328125</ele>
        <time>2026-07-27T12:01:35.000Z</time>
        <extensions>
          <ns3:TrackPointExtension>
            <ns3:hr>145</ns3:hr>
            <ns3:cad>86</ns3:cad>
          </ns3:TrackPointExtension>
        </extensions>
      </trkpt>
      <trkpt lat="30.2755562961101531982421875" lon="120.20674665458500385284423828125">
        <ele>9.80000019073486328125</ele>
        <time>2026-07-27T12:01:36.000Z</time>
        <extensions>
          <ns3:TrackPointExtension>
            <ns3:hr>146</ns3:hr>
            <ns3:cad>86</ns3:cad>
          </ns3:TrackPointExtension>
        </extensions>
      </trkpt>
      <trkpt lat="30.2755842916667461395263671875" lon="120.2067495882511138916015625">
        <ele>9.6000003814697265625</ele>
        <time>2026-07-27T12:01:37.000Z</time>
        <extensions>
          <ns3:TrackPointExtension>
            <ns3:hr>146</ns3:hr>
            <ns3:cad>86</ns3:cad>
          </ns3:TrackPointExtension>
        </extensions>
      </trkpt>
      <trkpt lat="30.27560600079596042633056640625" lon="120.20674615167081356048583984375">
        <ele>9.6000003814697265625</ele>
        <time>2026-07-27T12:01:38.000Z</time>
        <extensions>
          <ns3:TrackPointExtension>
            <ns3:hr>145</ns3:hr>
            <ns3:cad>87</ns3:cad>
          </ns3:TrackPointExtension>
        </extensions>
      </trkpt>
      <trkpt lat="30.2756315656006336212158203125" lon="120.206746570765972137451171875">
        <ele>9.6000003814697265625</ele>
        <time>2026-07-27T12:01:39.000Z</time>
        <extensions>
          <ns3:TrackPointExtension>
            <ns3:hr>146</ns3:hr>
            <ns3:cad>87</ns3:cad>
          </ns3:TrackPointExtension>
        </extensions>
      </trkpt>
      <trkpt lat="30.27564950287342071533203125" lon="120.206737183034420013427734375">
        <ele>9.6000003814697265625</ele>
        <time>2026-07-27T12:01:40.000Z</time>
        <extensions>
          <ns3:TrackPointExtension>
            <ns3:hr>146</ns3:hr>
            <ns3:cad>87</ns3:cad>
          </ns3:TrackPointExtension>
        </extensions>
      </trkpt>
      <trkpt lat="30.2756764926016330718994140625" lon="120.20672771148383617401123046875">
        <ele>9.6000003814697265625</ele>
        <time>2026-07-27T12:01:41.000Z</time>
        <extensions>
          <ns3:TrackPointExtension>
            <ns3:hr>145</ns3:hr>
            <ns3:cad>87</ns3:cad>
          </ns3:TrackPointExtension>
        </extensions>
      </trkpt>
      <trkpt lat="30.27569719590246677398681640625" lon="120.20672033540904521942138671875">
        <ele>9.3999996185302734375</ele>
        <time>2026-07-27T12:01:42.000Z</time>
        <extensions>
          <ns3:TrackPointExtension>
            <ns3:hr>146</ns3:hr>
            <ns3:cad>87</ns3:cad>
          </ns3:TrackPointExtension>
        </extensions>
      </trkpt>
      <trkpt lat="30.275722257792949676513671875" lon="120.20670826546847820281982421875">
        <ele>9.3999996185302734375</ele>
        <time>2026-07-27T12:01:43.000Z</time>
        <extensions>
          <ns3:TrackPointExtension>
            <ns3:hr>146</ns3:hr>
            <ns3:cad>87</ns3:cad>
          </ns3:TrackPointExtension>
        </extensions>
      </trkpt>
      <trkpt lat="30.275738351047039031982421875" lon="120.2066981233656406402587890625">
        <ele>9.6000003814697265625</ele>
        <time>2026-07-27T12:01:44.000Z</time>
        <extensions>
          <ns3:TrackPointExtension>
            <ns3:hr>146</ns3:hr>
            <ns3:cad>87</ns3:cad>
          </ns3:TrackPointExtension>
        </extensions>
      </trkpt>
      <trkpt lat="30.27575771324336528778076171875" lon="120.206685550510883331298828125">
        <ele>9.6000003814697265625</ele>
        <time>2026-07-27T12:01:45.000Z</time>
        <extensions>
          <ns3:TrackPointExtension>
            <ns3:hr>146</ns3:hr>
            <ns3:cad>87</ns3:cad>
          </ns3:TrackPointExtension>
        </extensions>
      </trkpt>
      <trkpt lat="30.27577648870646953582763671875" lon="120.20667574368417263031005859375">
        <ele>9.6000003814697265625</ele>
        <time>2026-07-27T12:01:46.000Z</time>
        <extensions>
          <ns3:TrackPointExtension>
            <ns3:hr>146</ns3:hr>
            <ns3:cad>87</ns3:cad>
          </ns3:TrackPointExtension>
        </extensions>
      </trkpt>
      <trkpt lat="30.2757901512086391448974609375" lon="120.20665897987782955169677734375">
        <ele>9.6000003814697265625</ele>
        <time>2026-07-27T12:01:47.000Z</time>
        <extensions>
          <ns3:TrackPointExtension>
            <ns3:hr>146</ns3:hr>
            <ns3:cad>86</ns3:cad>
          </ns3:TrackPointExtension>
        </extensions>
      </trkpt>
      <trkpt lat="30.27580867521464824676513671875" lon="120.20663970150053501129150390625">
        <ele>9.6000003814697265625</ele>
        <time>2026-07-27T12:01:48.000Z</time>
        <extensions>
          <ns3:TrackPointExtension>
            <ns3:hr>146</ns3:hr>
            <ns3:cad>86</ns3:cad>
          </ns3:TrackPointExtension>
        </extensions>
      </trkpt>
      <trkpt lat="30.27581638656556606292724609375" lon="120.206621177494525909423828125">
        <ele>9.6000003814697265625</ele>
        <time>2026-07-27T12:01:49.000Z</time>
        <extensions>
          <ns3:TrackPointExtension>
            <ns3:hr>146</ns3:hr>
            <ns3:cad>87</ns3:cad>
          </ns3:TrackPointExtension>
        </extensions>
      </trkpt>
      <trkpt lat="30.2758317254483699798583984375" lon="120.20659510977566242218017578125">
        <ele>9.6000003814697265625</ele>
        <time>2026-07-27T12:01:50.000Z</time>
        <extensions>
          <ns3:TrackPointExtension>
            <ns3:hr>146</ns3:hr>
            <ns3:cad>87</ns3:cad>
          </ns3:TrackPointExtension>
        </extensions>
      </trkpt>
      <trkpt lat="30.2758347429335117340087890625" lon="120.2065744064748287200927734375">
        <ele>9.6000003814697265625</ele>
        <time>2026-07-27T12:01:51.000Z</time>
        <extensions>
          <ns3:TrackPointExtension>
            <ns3:hr>146</ns3:hr>
            <ns3:cad>87</ns3:cad>
          </ns3:TrackPointExtension>
        </extensions>
      </trkpt>
      <trkpt lat="30.27584153227508068084716796875" lon="120.20654783584177494049072265625">
        <ele>9.80000019073486328125</ele>
        <time>2026-07-27T12:01:52.000Z</time>
        <extensions>
          <ns3:TrackPointExtension>
            <ns3:hr>146</ns3:hr>
            <ns3:cad>87</ns3:cad>
          </ns3:TrackPointExtension>
        </extensions>
      </trkpt>
      <trkpt lat="30.275842957198619842529296875" lon="120.20653392188251018524169921875">
        <ele>9.80000019073486328125</ele>
        <time>2026-07-27T12:01:53.000Z</time>
        <extensions>
          <ns3:TrackPointExtension>
            <ns3:hr>146</ns3:hr>
            <ns3:cad>87</ns3:cad>
          </ns3:TrackPointExtension>
        </extensions>
      </trkpt>
      <trkpt lat="30.2758427895605564117431640625" lon="120.20650508813560009002685546875">
        <ele>9.80000019073486328125</ele>
        <time>2026-07-27T12:01:54.000Z</time>
        <extensions>
          <ns3:TrackPointExtension>
            <ns3:hr>146</ns3:hr>
            <ns3:cad>87</ns3:cad>
          </ns3:TrackPointExtension>
        </extensions>
      </trkpt>
      <trkpt lat="30.27583952061831951141357421875" lon="120.20648681558668613433837890625">
        <ele>9.80000019073486328125</ele>
        <time>2026-07-27T12:01:55.000Z</time>
        <extensions>
          <ns3:TrackPointExtension>
            <ns3:hr>145</ns3:hr>
            <ns3:cad>87</ns3:cad>
          </ns3:TrackPointExtension>
        </extensions>
      </trkpt>
      <trkpt lat="30.27583331800997257232666015625" lon="120.20646669901907444000244140625">
        <ele>9.6000003814697265625</ele>
        <time>2026-07-27T12:01:56.000Z</time>
        <extensions>
          <ns3:TrackPointExtension>
            <ns3:hr>145</ns3:hr>
            <ns3:cad>87</ns3:cad>
          </ns3:TrackPointExtension>
        </extensions>
      </trkpt>
      <trkpt lat="30.275834240019321441650390625" lon="120.20644105039536952972412109375">
        <ele>9.6000003814697265625</ele>
        <time>2026-07-27T12:01:57.000Z</time>
        <extensions>
          <ns3:TrackPointExtension>
            <ns3:hr>145</ns3:hr>
            <ns3:cad>87</ns3:cad>
          </ns3:TrackPointExtension>
        </extensions>
      </trkpt>
      <trkpt lat="30.27582661248743534088134765625" lon="120.20642093382775783538818359375">
        <ele>9.6000003814697265625</ele>
        <time>2026-07-27T12:01:58.000Z</time>
        <extensions>
          <ns3:TrackPointExtension>
            <ns3:hr>145</ns3:hr>
            <ns3:cad>87</ns3:cad>
          </ns3:TrackPointExtension>
        </extensions>
      </trkpt>
      <trkpt lat="30.2758196555078029632568359375" lon="120.2063883282244205474853515625">
        <ele>9.6000003814697265625</ele>
        <time>2026-07-27T12:01:59.000Z</time>
        <extensions>
          <ns3:TrackPointExtension>
            <ns3:hr>145</ns3:hr>
            <ns3:cad>86</ns3:cad>
          </ns3:TrackPointExtension>
        </extensions>
      </trkpt>
      <trkpt lat="30.2758102677762508392333984375" lon="120.2063745819032192230224609375">
        <ele>9.6000003814697265625</ele>
        <time>2026-07-27T12:02:00.000Z</time>
        <extensions>
          <ns3:TrackPointExtension>
            <ns3:hr>145</ns3:hr>
            <ns3:cad>86</ns3:cad>
          </ns3:TrackPointExtension>
        </extensions>
      </trkpt>
      <trkpt lat="30.2757924981415271759033203125" lon="120.20635169930756092071533203125">
        <ele>9.6000003814697265625</ele>
        <time>2026-07-27T12:02:01.000Z</time>
        <extensions>
          <ns3:TrackPointExtension>
            <ns3:hr>145</ns3:hr>
            <ns3:cad>86</ns3:cad>
          </ns3:TrackPointExtension>
        </extensions>
      </trkpt>
      <trkpt lat="30.2757816016674041748046875" lon="120.206329487264156341552734375">
        <ele>9.3999996185302734375</ele>
        <time>2026-07-27T12:02:02.000Z</time>
        <extensions>
          <ns3:TrackPointExtension>
            <ns3:hr>145</ns3:hr>
            <ns3:cad>86</ns3:cad>
          </ns3:TrackPointExtension>
        </extensions>
      </trkpt>
      <trkpt lat="30.275763161480426788330078125" lon="120.20630710758268833160400390625">
        <ele>9.3999996185302734375</ele>
        <time>2026-07-27T12:02:03.000Z</time>
        <extensions>
          <ns3:TrackPointExtension>
            <ns3:hr>145</ns3:hr>
            <ns3:cad>86</ns3:cad>
          </ns3:TrackPointExtension>
        </extensions>
      </trkpt>
      <trkpt lat="30.27574648149311542510986328125" lon="120.206283889710903167724609375">
        <ele>9.3999996185302734375</ele>
        <time>2026-07-27T12:02:04.000Z</time>
        <extensions>
          <ns3:TrackPointExtension>
            <ns3:hr>145</ns3:hr>
            <ns3:cad>85</ns3:cad>
          </ns3:TrackPointExtension>
        </extensions>
      </trkpt>
      <trkpt lat="30.27572753839194774627685546875" lon="120.20627425052225589752197265625">
        <ele>9.3999996185302734375</ele>
        <time>2026-07-27T12:02:05.000Z</time>
        <extensions>
          <ns3:TrackPointExtension>
            <ns3:hr>145</ns3:hr>
            <ns3:cad>85</ns3:cad>
          </ns3:TrackPointExtension>
        </extensions>
      </trkpt>
      <trkpt lat="30.27570440433919429779052734375" lon="120.20625581033527851104736328125">
        <ele>9.3999996185302734375</ele>
        <time>2026-07-27T12:02:06.000Z</time>
        <extensions>
          <ns3:TrackPointExtension>
            <ns3:hr>145</ns3:hr>
            <ns3:cad>86</ns3:cad>
          </ns3:TrackPointExtension>
        </extensions>
      </trkpt>
      <trkpt lat="30.2756875567138195037841796875" lon="120.206247009336948394775390625">
        <ele>9.3999996185302734375</ele>
        <time>2026-07-27T12:02:07.000Z</time>
        <extensions>
          <ns3:TrackPointExtension>
            <ns3:hr>145</ns3:hr>
            <ns3:cad>86</ns3:cad>
          </ns3:TrackPointExtension>
        </extensions>
      </trkpt>
      <trkpt lat="30.27566215954720973968505859375" lon="120.2062332630157470703125">
        <ele>9.3999996185302734375</ele>
        <time>2026-07-27T12:02:08.000Z</time>
        <extensions>
          <ns3:TrackPointExtension>
            <ns3:hr>145</ns3:hr>
            <ns3:cad>86</ns3:cad>
          </ns3:TrackPointExtension>
        </extensions>
      </trkpt>
      <trkpt lat="30.275647826492786407470703125" lon="120.20623200573027133941650390625">
        <ele>9.3999996185302734375</ele>
        <time>2026-07-27T12:02:09.000Z</time>
        <extensions>
          <ns3:TrackPointExtension>
            <ns3:hr>145</ns3:hr>
            <ns3:cad>87</ns3:cad>
          </ns3:TrackPointExtension>
        </extensions>
      </trkpt>
      <trkpt lat="30.2756221778690814971923828125" lon="120.2062297426164150238037109375">
        <ele>9.6000003814697265625</ele>
        <time>2026-07-27T12:02:10.000Z</time>
        <extensions>
          <ns3:TrackPointExtension>
            <ns3:hr>145</ns3:hr>
            <ns3:cad>87</ns3:cad>
          </ns3:TrackPointExtension>
        </extensions>
      </trkpt>
      <trkpt lat="30.27560600079596042633056640625" lon="120.206226892769336700439453125">
        <ele>9.6000003814697265625</ele>
        <time>2026-07-27T12:02:11.000Z</time>
        <extensions>
          <ns3:TrackPointExtension>
            <ns3:hr>145</ns3:hr>
            <ns3:cad>88</ns3:cad>
          </ns3:TrackPointExtension>
        </extensions>
      </trkpt>
      <trkpt lat="30.275582782924175262451171875" lon="120.20622513256967067718505859375">
        <ele>9.6000003814697265625</ele>
        <time>2026-07-27T12:02:12.000Z</time>
        <extensions>
          <ns3:TrackPointExtension>
            <ns3:hr>145</ns3:hr>
            <ns3:cad>88</ns3:cad>
          </ns3:TrackPointExtension>
        </extensions>
      </trkpt>
      <trkpt lat="30.27556224726140499114990234375" lon="120.206226892769336700439453125">
        <ele>9.80000019073486328125</ele>
        <time>2026-07-27T12:02:13.000Z</time>
        <extensions>
          <ns3:TrackPointExtension>
            <ns3:hr>145</ns3:hr>
            <ns3:cad>88</ns3:cad>
          </ns3:TrackPointExtension>
        </extensions>
      </trkpt>
      <trkpt lat="30.27554045431315898895263671875" lon="120.20623016171157360076904296875">
        <ele>9.80000019073486328125</ele>
        <time>2026-07-27T12:02:14.000Z</time>
        <extensions>
          <ns3:TrackPointExtension>
            <ns3:hr>145</ns3:hr>
            <ns3:cad>88</ns3:cad>
          </ns3:TrackPointExtension>
        </extensions>
      </trkpt>
      <trkpt lat="30.27551547624170780181884765625" lon="120.20623125135898590087890625">
        <ele>9.6000003814697265625</ele>
        <time>2026-07-27T12:02:15.000Z</time>
        <extensions>
          <ns3:TrackPointExtension>
            <ns3:hr>145</ns3:hr>
            <ns3:cad>87</ns3:cad>
          </ns3:TrackPointExtension>
        </extensions>
      </trkpt>
      <trkpt lat="30.2754941023886203765869140625" lon="120.206238292157649993896484375">
        <ele>9.80000019073486328125</ele>
        <time>2026-07-27T12:02:16.000Z</time>
        <extensions>
          <ns3:TrackPointExtension>
            <ns3:hr>145</ns3:hr>
            <ns3:cad>87</ns3:cad>
          </ns3:TrackPointExtension>
        </extensions>
      </trkpt>
      <trkpt lat="30.27546669356524944305419921875" lon="120.20624374039471149444580078125">
        <ele>9.80000019073486328125</ele>
        <time>2026-07-27T12:02:17.000Z</time>
        <extensions>
          <ns3:TrackPointExtension>
            <ns3:hr>145</ns3:hr>
            <ns3:cad>87</ns3:cad>
          </ns3:TrackPointExtension>
        </extensions>
      </trkpt>
      <trkpt lat="30.2754505164921283721923828125" lon="120.2062508650124073028564453125">
        <ele>9.80000019073486328125</ele>
        <time>2026-07-27T12:02:18.000Z</time>
        <extensions>
          <ns3:TrackPointExtension>
            <ns3:hr>145</ns3:hr>
            <ns3:cad>87</ns3:cad>
          </ns3:TrackPointExtension>
        </extensions>
      </trkpt>
      <trkpt lat="30.27542344294488430023193359375" lon="120.20625530742108821868896484375">
        <ele>9.80000019073486328125</ele>
        <time>2026-07-27T12:02:19.000Z</time>
        <extensions>
          <ns3:TrackPointExtension>
            <ns3:hr>145</ns3:hr>
            <ns3:cad>87</ns3:cad>
          </ns3:TrackPointExtension>
        </extensions>
      </trkpt>
      <trkpt lat="30.27540332637727260589599609375" lon="120.2062535472214221954345703125">
        <ele>9.80000019073486328125</ele>
        <time>2026-07-27T12:02:20.000Z</time>
        <extensions>
          <ns3:TrackPointExtension>
            <ns3:hr>145</ns3:hr>
            <ns3:cad>86</ns3:cad>
          </ns3:TrackPointExtension>
        </extensions>
      </trkpt>
      <trkpt lat="30.27538019232451915740966796875" lon="120.20625748671591281890869140625">
        <ele>9.6000003814697265625</ele>
        <time>2026-07-27T12:02:21.000Z</time>
        <extensions>
          <ns3:TrackPointExtension>
            <ns3:hr>145</ns3:hr>
            <ns3:cad>86</ns3:cad>
          </ns3:TrackPointExtension>
        </extensions>
      </trkpt>
      <trkpt lat="30.27535689063370227813720703125" lon="120.20625815726816654205322265625">
        <ele>9.6000003814697265625</ele>
        <time>2026-07-27T12:02:22.000Z</time>
        <extensions>
          <ns3:TrackPointExtension>
            <ns3:hr>145</ns3:hr>
            <ns3:cad>86</ns3:cad>
          </ns3:TrackPointExtension>
        </extensions>
      </trkpt>
      <trkpt lat="30.27533568441867828369140625" lon="120.20626553334295749664306640625">
        <ele>9.6000003814697265625</ele>
        <time>2026-07-27T12:02:23.000Z</time>
        <extensions>
          <ns3:TrackPointExtension>
            <ns3:hr>145</ns3:hr>
            <ns3:cad>86</ns3:cad>
          </ns3:TrackPointExtension>
        </extensions>
      </trkpt>
      <trkpt lat="30.2753097005188465118408203125" lon="120.20626670680940151214599609375">
        <ele>9.6000003814697265625</ele>
        <time>2026-07-27T12:02:24.000Z</time>
        <extensions>
          <ns3:TrackPointExtension>
            <ns3:hr>146</ns3:hr>
            <ns3:cad>86</ns3:cad>
          </ns3:TrackPointExtension>
        </extensions>
      </trkpt>
      <trkpt lat="30.27529519982635974884033203125" lon="120.20627710036933422088623046875">
        <ele>9.6000003814697265625</ele>
        <time>2026-07-27T12:02:25.000Z</time>
        <extensions>
          <ns3:TrackPointExtension>
            <ns3:hr>146</ns3:hr>
            <ns3:cad>86</ns3:cad>
          </ns3:TrackPointExtension>
        </extensions>
      </trkpt>
      <trkpt lat="30.27527038939297199249267578125" lon="120.20628095604479312896728515625">
        <ele>9.6000003814697265625</ele>
        <time>2026-07-27T12:02:26.000Z</time>
        <extensions>
          <ns3:TrackPointExtension>
            <ns3:hr>146</ns3:hr>
            <ns3:cad>86</ns3:cad>
          </ns3:TrackPointExtension>
        </extensions>
      </trkpt>
      <trkpt lat="30.27525253593921661376953125" lon="120.206277854740619659423828125">
        <ele>9.6000003814697265625</ele>
        <time>2026-07-27T12:02:27.000Z</time>
        <extensions>
          <ns3:TrackPointExtension>
            <ns3:hr>146</ns3:hr>
            <ns3:cad>86</ns3:cad>
          </ns3:TrackPointExtension>
        </extensions>
      </trkpt>
      <trkpt lat="30.2752305753529071807861328125" lon="120.2062796987593173980712890625">
        <ele>9.6000003814697265625</ele>
        <time>2026-07-27T12:02:28.000Z</time>
        <extensions>
          <ns3:TrackPointExtension>
            <ns3:hr>146</ns3:hr>
            <ns3:cad>86</ns3:cad>
          </ns3:TrackPointExtension>
        </extensions>
      </trkpt>
      <trkpt lat="30.2752094529569149017333984375" lon="120.2062827162444591522216796875">
        <ele>9.6000003814697265625</ele>
        <time>2026-07-27T12:02:29.000Z</time>
        <extensions>
          <ns3:TrackPointExtension>
            <ns3:hr>146</ns3:hr>
            <ns3:cad>86</ns3:cad>
          </ns3:TrackPointExtension>
        </extensions>
      </trkpt>
      <trkpt lat="30.2751906774938106536865234375" lon="120.206286571919918060302734375">
        <ele>9.6000003814697265625</ele>
        <time>2026-07-27T12:02:30.000Z</time>
        <extensions>
          <ns3:TrackPointExtension>
            <ns3:hr>146</ns3:hr>
            <ns3:cad>86</ns3:cad>
          </ns3:TrackPointExtension>
        </extensions>
      </trkpt>
      <trkpt lat="30.275167040526866912841796875" lon="120.2062843926250934600830078125">
        <ele>9.6000003814697265625</ele>
        <time>2026-07-27T12:02:31.000Z</time>
        <extensions>
          <ns3:TrackPointExtension>
            <ns3:hr>147</ns3:hr>
            <ns3:cad>86</ns3:cad>
          </ns3:TrackPointExtension>
        </extensions>
      </trkpt>
      <trkpt lat="30.27514885179698467254638671875" lon="120.20628866739571094512939453125">
        <ele>9.6000003814697265625</ele>
        <time>2026-07-27T12:02:32.000Z</time>
        <extensions>
          <ns3:TrackPointExtension>
            <ns3:hr>147</ns3:hr>
            <ns3:cad>86</ns3:cad>
          </ns3:TrackPointExtension>
        </extensions>
      </trkpt>
      <trkpt lat="30.27512052096426486968994140625" lon="120.206285230815410614013671875">
        <ele>9.3999996185302734375</ele>
        <time>2026-07-27T12:02:33.000Z</time>
        <extensions>
          <ns3:TrackPointExtension>
            <ns3:hr>147</ns3:hr>
            <ns3:cad>86</ns3:cad>
          </ns3:TrackPointExtension>
        </extensions>
      </trkpt>
      <trkpt lat="30.275104008615016937255859375" lon="120.20628967322409152984619140625">
        <ele>9.3999996185302734375</ele>
        <time>2026-07-27T12:02:34.000Z</time>
        <extensions>
          <ns3:TrackPointExtension>
            <ns3:hr>148</ns3:hr>
            <ns3:cad>86</ns3:cad>
          </ns3:TrackPointExtension>
        </extensions>
      </trkpt>
      <trkpt lat="30.27507978491485118865966796875" lon="120.20629025995731353759765625">
        <ele>9.3999996185302734375</ele>
        <time>2026-07-27T12:02:35.000Z</time>
        <extensions>
          <ns3:TrackPointExtension>
            <ns3:hr>148</ns3:hr>
            <ns3:cad>86</ns3:cad>
          </ns3:TrackPointExtension>
        </extensions>
      </trkpt>
      <trkpt lat="30.2750572375953197479248046875" lon="120.20629025995731353759765625">
        <ele>9.3999996185302734375</ele>
        <time>2026-07-27T12:02:36.000Z</time>
        <extensions>
          <ns3:TrackPointExtension>
            <ns3:hr>148</ns3:hr>
            <ns3:cad>86</ns3:cad>
          </ns3:TrackPointExtension>
        </extensions>
      </trkpt>
      <trkpt lat="30.27503586374223232269287109375" lon="120.2062951214611530303955078125">
        <ele>9.3999996185302734375</ele>
        <time>2026-07-27T12:02:37.000Z</time>
        <extensions>
          <ns3:TrackPointExtension>
            <ns3:hr>148</ns3:hr>
            <ns3:cad>86</ns3:cad>
          </ns3:TrackPointExtension>
        </extensions>
      </trkpt>
      <trkpt lat="30.27501138858497142791748046875" lon="120.20629285834729671478271484375">
        <ele>9.19999980926513671875</ele>
        <time>2026-07-27T12:02:38.000Z</time>
        <extensions>
          <ns3:TrackPointExtension>
            <ns3:hr>148</ns3:hr>
            <ns3:cad>86</ns3:cad>
          </ns3:TrackPointExtension>
        </extensions>
      </trkpt>
      <trkpt lat="30.2749903500080108642578125" lon="120.20630107261240482330322265625">
        <ele>9.19999980926513671875</ele>
        <time>2026-07-27T12:02:39.000Z</time>
        <extensions>
          <ns3:TrackPointExtension>
            <ns3:hr>148</ns3:hr>
            <ns3:cad>86</ns3:cad>
          </ns3:TrackPointExtension>
        </extensions>
      </trkpt>
      <trkpt lat="30.2749640308320522308349609375" lon="120.2063038386404514312744140625">
        <ele>9.19999980926513671875</ele>
        <time>2026-07-27T12:02:40.000Z</time>
        <extensions>
          <ns3:TrackPointExtension>
            <ns3:hr>148</ns3:hr>
            <ns3:cad>86</ns3:cad>
          </ns3:TrackPointExtension>
        </extensions>
      </trkpt>
      <trkpt lat="30.2749469317495822906494140625" lon="120.2063097059726715087890625">
        <ele>9.19999980926513671875</ele>
        <time>2026-07-27T12:02:41.000Z</time>
        <extensions>
          <ns3:TrackPointExtension>
            <ns3:hr>147</ns3:hr>
            <ns3:cad>86</ns3:cad>
          </ns3:TrackPointExtension>
        </extensions>
      </trkpt>
      <trkpt lat="30.27491734363138675689697265625" lon="120.206311382353305816650390625">
        <ele>9.3999996185302734375</ele>
        <time>2026-07-27T12:02:42.000Z</time>
        <extensions>
          <ns3:TrackPointExtension>
            <ns3:hr>148</ns3:hr>
            <ns3:cad>86</ns3:cad>
          </ns3:TrackPointExtension>
        </extensions>
      </trkpt>
      <trkpt lat="30.2748966403305530548095703125" lon="120.20631465129554271697998046875">
        <ele>9.3999996185302734375</ele>
        <time>2026-07-27T12:02:43.000Z</time>
        <extensions>
          <ns3:TrackPointExtension>
            <ns3:hr>148</ns3:hr>
            <ns3:cad>86</ns3:cad>
          </ns3:TrackPointExtension>
        </extensions>
      </trkpt>
      <trkpt lat="30.2748694829642772674560546875" lon="120.206318087875843048095703125">
        <ele>9.3999996185302734375</ele>
        <time>2026-07-27T12:02:44.000Z</time>
        <extensions>
          <ns3:TrackPointExtension>
            <ns3:hr>148</ns3:hr>
            <ns3:cad>86</ns3:cad>
          </ns3:TrackPointExtension>
        </extensions>
      </trkpt>
      <trkpt lat="30.27485347352921962738037109375" lon="120.20631683059036731719970703125">
        <ele>9.3999996185302734375</ele>
        <time>2026-07-27T12:02:45.000Z</time>
        <extensions>
          <ns3:TrackPointExtension>
            <ns3:hr>148</ns3:hr>
            <ns3:cad>87</ns3:cad>
          </ns3:TrackPointExtension>
        </extensions>
      </trkpt>
      <trkpt lat="30.27483285404741764068603515625" lon="120.20632781088352203369140625">
        <ele>9.3999996185302734375</ele>
        <time>2026-07-27T12:02:46.000Z</time>
        <extensions>
          <ns3:TrackPointExtension>
            <ns3:hr>147</ns3:hr>
            <ns3:cad>87</ns3:cad>
          </ns3:TrackPointExtension>
        </extensions>
      </trkpt>
      <trkpt lat="30.2748108096420764923095703125" lon="120.20633225329220294952392578125">
        <ele>9.6000003814697265625</ele>
        <time>2026-07-27T12:02:47.000Z</time>
        <extensions>
          <ns3:TrackPointExtension>
            <ns3:hr>148</ns3:hr>
            <ns3:cad>87</ns3:cad>
          </ns3:TrackPointExtension>
        </extensions>
      </trkpt>
      <trkpt lat="30.2747913636267185211181640625" lon="120.20634147338569164276123046875">
        <ele>9.6000003814697265625</ele>
        <time>2026-07-27T12:02:48.000Z</time>
        <extensions>
          <ns3:TrackPointExtension>
            <ns3:hr>148</ns3:hr>
            <ns3:cad>87</ns3:cad>
          </ns3:TrackPointExtension>
        </extensions>
      </trkpt>
      <trkpt lat="30.27476965449750423431396484375" lon="120.2063534595072269439697265625">
        <ele>9.6000003814697265625</ele>
        <time>2026-07-27T12:02:49.000Z</time>
        <extensions>
          <ns3:TrackPointExtension>
            <ns3:hr>148</ns3:hr>
            <ns3:cad>87</ns3:cad>
          </ns3:TrackPointExtension>
        </extensions>
      </trkpt>
      <trkpt lat="30.274755321443080902099609375" lon="120.2063735760748386383056640625">
        <ele>9.6000003814697265625</ele>
        <time>2026-07-27T12:02:50.000Z</time>
        <extensions>
          <ns3:TrackPointExtension>
            <ns3:hr>148</ns3:hr>
            <ns3:cad>87</ns3:cad>
          </ns3:TrackPointExtension>
        </extensions>
      </trkpt>
      <trkpt lat="30.27473562397062778472900390625" lon="120.20639159716665744781494140625">
        <ele>9.6000003814697265625</ele>
        <time>2026-07-27T12:02:51.000Z</time>
        <extensions>
          <ns3:TrackPointExtension>
            <ns3:hr>148</ns3:hr>
            <ns3:cad>87</ns3:cad>
          </ns3:TrackPointExtension>
        </extensions>
      </trkpt>
      <trkpt lat="30.2747256495058536529541015625" lon="120.206407606601715087890625">
        <ele>9.3999996185302734375</ele>
        <time>2026-07-27T12:02:52.000Z</time>
        <extensions>
          <ns3:TrackPointExtension>
            <ns3:hr>148</ns3:hr>
            <ns3:cad>87</ns3:cad>
          </ns3:TrackPointExtension>
        </extensions>
      </trkpt>
      <trkpt lat="30.27470947243273258209228515625" lon="120.20643250085413455963134765625">
        <ele>9.3999996185302734375</ele>
        <time>2026-07-27T12:02:53.000Z</time>
        <extensions>
          <ns3:TrackPointExtension>
            <ns3:hr>148</ns3:hr>
            <ns3:cad>87</ns3:cad>
          </ns3:TrackPointExtension>
        </extensions>
      </trkpt>
      <trkpt lat="30.2746921218931674957275390625" lon="120.20645161159336566925048828125">
        <ele>9.6000003814697265625</ele>
        <time>2026-07-27T12:02:54.000Z</time>
        <extensions>
          <ns3:TrackPointExtension>
            <ns3:hr>148</ns3:hr>
            <ns3:cad>87</ns3:cad>
          </ns3:TrackPointExtension>
        </extensions>
      </trkpt>
      <trkpt lat="30.274681560695171356201171875" lon="120.20647793076932430267333984375">
        <ele>9.6000003814697265625</ele>
        <time>2026-07-27T12:02:55.000Z</time>
        <extensions>
          <ns3:TrackPointExtension>
            <ns3:hr>148</ns3:hr>
            <ns3:cad>87</ns3:cad>
          </ns3:TrackPointExtension>
        </extensions>
      </trkpt>
      <trkpt lat="30.27467091567814350128173828125" lon="120.20650257356464862823486328125">
        <ele>9.6000003814697265625</ele>
        <time>2026-07-27T12:02:56.000Z</time>
        <extensions>
          <ns3:TrackPointExtension>
            <ns3:hr>149</ns3:hr>
            <ns3:cad>87</ns3:cad>
          </ns3:TrackPointExtension>
        </extensions>
      </trkpt>
      <trkpt lat="30.27466823346912860870361328125" lon="120.20652973093092441558837890625">
        <ele>9.6000003814697265625</ele>
        <time>2026-07-27T12:02:57.000Z</time>
        <extensions>
          <ns3:TrackPointExtension>
            <ns3:hr>148</ns3:hr>
            <ns3:cad>87</ns3:cad>
          </ns3:TrackPointExtension>
        </extensions>
      </trkpt>
      <trkpt lat="30.27466722764074802398681640625" lon="120.2065552957355976104736328125">
        <ele>9.6000003814697265625</ele>
        <time>2026-07-27T12:02:58.000Z</time>
        <extensions>
          <ns3:TrackPointExtension>
            <ns3:hr>148</ns3:hr>
            <ns3:cad>87</ns3:cad>
          </ns3:TrackPointExtension>
        </extensions>
      </trkpt>
      <trkpt lat="30.27466789819300174713134765625" lon="120.20658069290220737457275390625">
        <ele>9.3999996185302734375</ele>
        <time>2026-07-27T12:02:59.000Z</time>
        <extensions>
          <ns3:TrackPointExtension>
            <ns3:hr>149</ns3:hr>
            <ns3:cad>87</ns3:cad>
          </ns3:TrackPointExtension>
        </extensions>
      </trkpt>
      <trkpt lat="30.27467024512588977813720703125" lon="120.2066092751920223236083984375">
        <ele>9.3999996185302734375</ele>
        <time>2026-07-27T12:03:00.000Z</time>
        <extensions>
          <ns3:TrackPointExtension>
            <ns3:hr>148</ns3:hr>
            <ns3:cad>87</ns3:cad>
          </ns3:TrackPointExtension>
        </extensions>
      </trkpt>
      <trkpt lat="30.27467946521937847137451171875" lon="120.20662897266447544097900390625">
        <ele>9.3999996185302734375</ele>
        <time>2026-07-27T12:03:01.000Z</time>
        <extensions>
          <ns3:TrackPointExtension>
            <ns3:hr>148</ns3:hr>
            <ns3:cad>87</ns3:cad>
          </ns3:TrackPointExtension>
        </extensions>
      </trkpt>
      <trkpt lat="30.27468751184642314910888671875" lon="120.20666199736297130584716796875">
        <ele>9.3999996185302734375</ele>
        <time>2026-07-27T12:03:02.000Z</time>
        <extensions>
          <ns3:TrackPointExtension>
            <ns3:hr>148</ns3:hr>
            <ns3:cad>87</ns3:cad>
          </ns3:TrackPointExtension>
        </extensions>
      </trkpt>
      <trkpt lat="30.27469958178699016571044921875" lon="120.2066763304173946380615234375">
        <ele>9.3999996185302734375</ele>
        <time>2026-07-27T12:03:03.000Z</time>
        <extensions>
          <ns3:TrackPointExtension>
            <ns3:hr>149</ns3:hr>
            <ns3:cad>87</ns3:cad>
          </ns3:TrackPointExtension>
        </extensions>
      </trkpt>
      <trkpt lat="30.2747152559459209442138671875" lon="120.20671044476330280303955078125">
        <ele>9.3999996185302734375</ele>
        <time>2026-07-27T12:03:04.000Z</time>
        <extensions>
          <ns3:TrackPointExtension>
            <ns3:hr>148</ns3:hr>
            <ns3:cad>87</ns3:cad>
          </ns3:TrackPointExtension>
        </extensions>
      </trkpt>
      <trkpt lat="30.2747273258864879608154296875" lon="120.2067236043512821197509765625">
        <ele>9.3999996185302734375</ele>
        <time>2026-07-27T12:03:05.000Z</time>
        <extensions>
          <ns3:TrackPointExtension>
            <ns3:hr>148</ns3:hr>
            <ns3:cad>87</ns3:cad>
          </ns3:TrackPointExtension>
        </extensions>
      </trkpt>
      <trkpt lat="30.2747435867786407470703125" lon="120.20674900151789188385009765625">
        <ele>9.3999996185302734375</ele>
        <time>2026-07-27T12:03:06.000Z</time>
        <extensions>
          <ns3:TrackPointExtension>
            <ns3:hr>149</ns3:hr>
            <ns3:cad>87</ns3:cad>
          </ns3:TrackPointExtension>
        </extensions>
      </trkpt>
      <trkpt lat="30.274753309786319732666015625" lon="120.20676635205745697021484375">
        <ele>9.3999996185302734375</ele>
        <time>2026-07-27T12:03:07.000Z</time>
        <extensions>
          <ns3:TrackPointExtension>
            <ns3:hr>149</ns3:hr>
            <ns3:cad>87</ns3:cad>
          </ns3:TrackPointExtension>
        </extensions>
      </trkpt>
      <trkpt lat="30.27477351017296314239501953125" lon="120.2067842893302440643310546875">
        <ele>9.3999996185302734375</ele>
        <time>2026-07-27T12:03:08.000Z</time>
        <extensions>
          <ns3:TrackPointExtension>
            <ns3:hr>149</ns3:hr>
            <ns3:cad>87</ns3:cad>
          </ns3:TrackPointExtension>
        </extensions>
      </trkpt>
      <trkpt lat="30.2747905254364013671875" lon="120.20680096931755542755126953125">
        <ele>9.3999996185302734375</ele>
        <time>2026-07-27T12:03:09.000Z</time>
        <extensions>
          <ns3:TrackPointExtension>
            <ns3:hr>149</ns3:hr>
            <ns3:cad>87</ns3:cad>
          </ns3:TrackPointExtension>
        </extensions>
      </trkpt>
      <trkpt lat="30.27481173165142536163330078125" lon="120.20680398680269718170166015625">
        <ele>9.3999996185302734375</ele>
        <time>2026-07-27T12:03:10.000Z</time>
        <extensions>
          <ns3:TrackPointExtension>
            <ns3:hr>148</ns3:hr>
            <ns3:cad>87</ns3:cad>
          </ns3:TrackPointExtension>
        </extensions>
      </trkpt>
      <trkpt lat="30.27483419515192508697509765625" lon="120.20681253634393215179443359375">
        <ele>9.3999996185302734375</ele>
        <time>2026-07-27T12:03:11.000Z</time>
        <extensions>
          <ns3:TrackPointExtension>
            <ns3:hr>149</ns3:hr>
            <ns3:cad>87</ns3:cad>
          </ns3:TrackPointExtension>
        </extensions>
      </trkpt>
      <trkpt lat="30.27485129423439502716064453125" lon="120.20681471563875675201416015625">
        <ele>9.3999996185302734375</ele>
        <time>2026-07-27T12:03:12.000Z</time>
        <extensions>
          <ns3:TrackPointExtension>
            <ns3:hr>149</ns3:hr>
            <ns3:cad>87</ns3:cad>
          </ns3:TrackPointExtension>
        </extensions>
      </trkpt>
      <trkpt lat="30.27487912215292453765869140625" lon="120.2068288810551166534423828125">
        <ele>9.3999996185302734375</ele>
        <time>2026-07-27T12:03:13.000Z</time>
        <extensions>
          <ns3:TrackPointExtension>
            <ns3:hr>149</ns3:hr>
            <ns3:cad>87</ns3:cad>
          </ns3:TrackPointExtension>
        </extensions>
      </trkpt>
      <trkpt lat="30.27489454485476016998291015625" lon="120.20682762376964092254638671875">
        <ele>9.19999980926513671875</ele>
        <time>2026-07-27T12:03:14.000Z</time>
        <extensions>
          <ns3:TrackPointExtension>
            <ns3:hr>149</ns3:hr>
            <ns3:cad>87</ns3:cad>
          </ns3:TrackPointExtension>
        </extensions>
      </trkpt>
      <trkpt lat="30.27492287568747997283935546875" lon="120.20683365873992443084716796875">
        <ele>9.19999980926513671875</ele>
        <time>2026-07-27T12:03:15.000Z</time>
        <extensions>
          <ns3:TrackPointExtension>
            <ns3:hr>149</ns3:hr>
            <ns3:cad>87</ns3:cad>
          </ns3:TrackPointExtension>
        </extensions>
      </trkpt>
      <trkpt lat="30.2749420702457427978515625" lon="120.20683080889284610748291015625">
        <ele>9.19999980926513671875</ele>
        <time>2026-07-27T12:03:16.000Z</time>
        <extensions>
          <ns3:TrackPointExtension>
            <ns3:hr>149</ns3:hr>
            <ns3:cad>87</ns3:cad>
          </ns3:TrackPointExtension>
        </extensions>
      </trkpt>
      <trkpt lat="30.27496528811752796173095703125" lon="120.2068275399506092071533203125">
        <ele>9.19999980926513671875</ele>
        <time>2026-07-27T12:03:17.000Z</time>
        <extensions>
          <ns3:TrackPointExtension>
            <ns3:hr>149</ns3:hr>
            <ns3:cad>87</ns3:cad>
          </ns3:TrackPointExtension>
        </extensions>
      </trkpt>
      <trkpt lat="30.2749871648848056793212890625" lon="120.2068300545215606689453125">
        <ele>9.3999996185302734375</ele>
        <time>2026-07-27T12:03:18.000Z</time>
        <extensions>
          <ns3:TrackPointExtension>
            <ns3:hr>149</ns3:hr>
            <ns3:cad>87</ns3:cad>
          </ns3:TrackPointExtension>
        </extensions>
      </trkpt>
      <trkpt lat="30.2750045992434024810791015625" lon="120.20682427100837230682373046875">
        <ele>9.3999996185302734375</ele>
        <time>2026-07-27T12:03:19.000Z</time>
        <extensions>
          <ns3:TrackPointExtension>
            <ns3:hr>150</ns3:hr>
            <ns3:cad>87</ns3:cad>
          </ns3:TrackPointExtension>
        </extensions>
      </trkpt>
      <trkpt lat="30.2750277332961559295654296875" lon="120.2068220078945159912109375">
        <ele>9.3999996185302734375</ele>
        <time>2026-07-27T12:03:20.000Z</time>
        <extensions>
          <ns3:TrackPointExtension>
            <ns3:hr>149</ns3:hr>
            <ns3:cad>87</ns3:cad>
          </ns3:TrackPointExtension>
        </extensions>
      </trkpt>
      <trkpt lat="30.27504466474056243896484375" lon="120.2068139612674713134765625">
        <ele>9.3999996185302734375</ele>
        <time>2026-07-27T12:03:21.000Z</time>
        <extensions>
          <ns3:TrackPointExtension>
            <ns3:hr>150</ns3:hr>
            <ns3:cad>87</ns3:cad>
          </ns3:TrackPointExtension>
        </extensions>
      </trkpt>
      <trkpt lat="30.275071822106838226318359375" lon="120.2068151347339153289794921875">
        <ele>9.3999996185302734375</ele>
        <time>2026-07-27T12:03:22.000Z</time>
        <extensions>
          <ns3:TrackPointExtension>
            <ns3:hr>150</ns3:hr>
            <ns3:cad>86</ns3:cad>
          </ns3:TrackPointExtension>
        </extensions>
      </trkpt>
      <trkpt lat="30.27509068138897418975830078125" lon="120.206808932125568389892578125">
        <ele>9.19999980926513671875</ele>
        <time>2026-07-27T12:03:23.000Z</time>
        <extensions>
          <ns3:TrackPointExtension>
            <ns3:hr>150</ns3:hr>
            <ns3:cad>86</ns3:cad>
          </ns3:TrackPointExtension>
        </extensions>
      </trkpt>
      <trkpt lat="30.2751159109175205230712890625" lon="120.2068054117262363433837890625">
        <ele>9.19999980926513671875</ele>
        <time>2026-07-27T12:03:24.000Z</time>
        <extensions>
          <ns3:TrackPointExtension>
            <ns3:hr>151</ns3:hr>
            <ns3:cad>86</ns3:cad>
          </ns3:TrackPointExtension>
        </extensions>
      </trkpt>
      <trkpt lat="30.27513745240867137908935546875" lon="120.2068037353456020355224609375">
        <ele>9.19999980926513671875</ele>
        <time>2026-07-27T12:03:25.000Z</time>
        <extensions>
          <ns3:TrackPointExtension>
            <ns3:hr>151</ns3:hr>
            <ns3:cad>86</ns3:cad>
          </ns3:TrackPointExtension>
        </extensions>
      </trkpt>
      <trkpt lat="30.27516008354723453521728515625" lon="120.2068037353456020355224609375">
        <ele>9.19999980926513671875</ele>
        <time>2026-07-27T12:03:26.000Z</time>
        <extensions>
          <ns3:TrackPointExtension>
            <ns3:hr>151</ns3:hr>
            <ns3:cad>86</ns3:cad>
          </ns3:TrackPointExtension>
        </extensions>
      </trkpt>
      <trkpt lat="30.2751829661428928375244140625" lon="120.2068144641816616058349609375">
        <ele>9.19999980926513671875</ele>
        <time>2026-07-27T12:03:27.000Z</time>
        <extensions>
          <ns3:TrackPointExtension>
            <ns3:hr>151</ns3:hr>
            <ns3:cad>86</ns3:cad>
          </ns3:TrackPointExtension>
        </extensions>
      </trkpt>
      <trkpt lat="30.27519964613020420074462890625" lon="120.2068101055920124053955078125">
        <ele>9.19999980926513671875</ele>
        <time>2026-07-27T12:03:28.000Z</time>
        <extensions>
          <ns3:TrackPointExtension>
            <ns3:hr>151</ns3:hr>
            <ns3:cad>86</ns3:cad>
          </ns3:TrackPointExtension>
        </extensions>
      </trkpt>
      <trkpt lat="30.275226049125194549560546875" lon="120.20681220106780529022216796875">
        <ele>9.19999980926513671875</ele>
        <time>2026-07-27T12:03:29.000Z</time>
        <extensions>
          <ns3:TrackPointExtension>
            <ns3:hr>151</ns3:hr>
            <ns3:cad>86</ns3:cad>
          </ns3:TrackPointExtension>
        </extensions>
      </trkpt>
      <trkpt lat="30.2752429805696010589599609375" lon="120.20680733956396579742431640625">
        <ele>9.19999980926513671875</ele>
        <time>2026-07-27T12:03:30.000Z</time>
        <extensions>
          <ns3:TrackPointExtension>
            <ns3:hr>151</ns3:hr>
            <ns3:cad>86</ns3:cad>
          </ns3:TrackPointExtension>
        </extensions>
      </trkpt>
      <trkpt lat="30.2752674557268619537353515625" lon="120.2068070881068706512451171875">
        <ele>9.19999980926513671875</ele>
        <time>2026-07-27T12:03:31.000Z</time>
        <extensions>
          <ns3:TrackPointExtension>
            <ns3:hr>151</ns3:hr>
            <ns3:cad>86</ns3:cad>
          </ns3:TrackPointExtension>
        </extensions>
      </trkpt>
      <trkpt lat="30.27528547681868076324462890625" lon="120.20680448971688747406005859375">
        <ele>9.19999980926513671875</ele>
        <time>2026-07-27T12:03:32.000Z</time>
        <extensions>
          <ns3:TrackPointExtension>
            <ns3:hr>151</ns3:hr>
            <ns3:cad>86</ns3:cad>
          </ns3:TrackPointExtension>
        </extensions>
      </trkpt>
      <trkpt lat="30.275304503738880157470703125" lon="120.20680080167949199676513671875">
        <ele>9.19999980926513671875</ele>
        <time>2026-07-27T12:03:33.000Z</time>
        <extensions>
          <ns3:TrackPointExtension>
            <ns3:hr>151</ns3:hr>
            <ns3:cad>86</ns3:cad>
          </ns3:TrackPointExtension>
        </extensions>
      </trkpt>
      <trkpt lat="30.2753283083438873291015625" lon="120.20680792629718780517578125">
        <ele>9.19999980926513671875</ele>
        <time>2026-07-27T12:03:34.000Z</time>
        <extensions>
          <ns3:TrackPointExtension>
            <ns3:hr>152</ns3:hr>
            <ns3:cad>86</ns3:cad>
          </ns3:TrackPointExtension>
        </extensions>
      </trkpt>
      <trkpt lat="30.2753444015979766845703125" lon="120.20680432207882404327392578125">
        <ele>9.19999980926513671875</ele>
        <time>2026-07-27T12:03:35.000Z</time>
        <extensions>
          <ns3:TrackPointExtension>
            <ns3:hr>152</ns3:hr>
            <ns3:cad>86</ns3:cad>
          </ns3:TrackPointExtension>
        </extensions>
      </trkpt>
      <trkpt lat="30.2753712236881256103515625" lon="120.20680767484009265899658203125">
        <ele>9.19999980926513671875</ele>
        <time>2026-07-27T12:03:36.000Z</time>
        <extensions>
          <ns3:TrackPointExtension>
            <ns3:hr>152</ns3:hr>
            <ns3:cad>86</ns3:cad>
          </ns3:TrackPointExtension>
        </extensions>
      </trkpt>
      <trkpt lat="30.2753861434757709503173828125" lon="120.206806249916553497314453125">
        <ele>9</ele>
        <time>2026-07-27T12:03:37.000Z</time>
        <extensions>
          <ns3:TrackPointExtension>
            <ns3:hr>152</ns3:hr>
            <ns3:cad>85</ns3:cad>
          </ns3:TrackPointExtension>
        </extensions>
      </trkpt>
      <trkpt lat="30.2754099480807781219482421875" lon="120.20680566318333148956298828125">
        <ele>9.19999980926513671875</ele>
        <time>2026-07-27T12:03:38.000Z</time>
        <extensions>
          <ns3:TrackPointExtension>
            <ns3:hr>152</ns3:hr>
            <ns3:cad>85</ns3:cad>
          </ns3:TrackPointExtension>
        </extensions>
      </trkpt>
      <trkpt lat="30.27542880736291408538818359375" lon="120.2068037353456020355224609375">
        <ele>9.19999980926513671875</ele>
        <time>2026-07-27T12:03:39.000Z</time>
        <extensions>
          <ns3:TrackPointExtension>
            <ns3:hr>152</ns3:hr>
            <ns3:cad>86</ns3:cad>
          </ns3:TrackPointExtension>
        </extensions>
      </trkpt>
      <trkpt lat="30.27545236051082611083984375" lon="120.2068034000694751739501953125">
        <ele>9.19999980926513671875</ele>
        <time>2026-07-27T12:03:40.000Z</time>
        <extensions>
          <ns3:TrackPointExtension>
            <ns3:hr>152</ns3:hr>
            <ns3:cad>86</ns3:cad>
          </ns3:TrackPointExtension>
        </extensions>
      </trkpt>
      <trkpt lat="30.2754753269255161285400390625" lon="120.20680725574493408203125">
        <ele>9.19999980926513671875</ele>
        <time>2026-07-27T12:03:41.000Z</time>
        <extensions>
          <ns3:TrackPointExtension>
            <ns3:hr>152</ns3:hr>
            <ns3:cad>86</ns3:cad>
          </ns3:TrackPointExtension>
        </extensions>
      </trkpt>
      <trkpt lat="30.2754937671124935150146484375" lon="120.2068010531365871429443359375">
        <ele>9.19999980926513671875</ele>
        <time>2026-07-27T12:03:42.000Z</time>
        <extensions>
          <ns3:TrackPointExtension>
            <ns3:hr>152</ns3:hr>
            <ns3:cad>86</ns3:cad>
          </ns3:TrackPointExtension>
        </extensions>
      </trkpt>
      <trkpt lat="30.27551849372684955596923828125" lon="120.20679895766079425811767578125">
        <ele>9.19999980926513671875</ele>
        <time>2026-07-27T12:03:43.000Z</time>
        <extensions>
          <ns3:TrackPointExtension>
            <ns3:hr>152</ns3:hr>
            <ns3:cad>86</ns3:cad>
          </ns3:TrackPointExtension>
        </extensions>
      </trkpt>
      <trkpt lat="30.27553341351449489593505859375" lon="120.20678940229117870330810546875">
        <ele>9.19999980926513671875</ele>
        <time>2026-07-27T12:03:44.000Z</time>
        <extensions>
          <ns3:TrackPointExtension>
            <ns3:hr>152</ns3:hr>
            <ns3:cad>87</ns3:cad>
          </ns3:TrackPointExtension>
        </extensions>
      </trkpt>
      <trkpt lat="30.27556057088077068328857421875" lon="120.20678135566413402557373046875">
        <ele>9.19999980926513671875</ele>
        <time>2026-07-27T12:03:45.000Z</time>
        <extensions>
          <ns3:TrackPointExtension>
            <ns3:hr>152</ns3:hr>
            <ns3:cad>87</ns3:cad>
          </ns3:TrackPointExtension>
        </extensions>
      </trkpt>
      <trkpt lat="30.27557616122066974639892578125" lon="120.20677213557064533233642578125">
        <ele>9.19999980926513671875</ele>
        <time>2026-07-27T12:03:46.000Z</time>
        <extensions>
          <ns3:TrackPointExtension>
            <ns3:hr>151</ns3:hr>
            <ns3:cad>87</ns3:cad>
          </ns3:TrackPointExtension>
        </extensions>
      </trkpt>
      <trkpt lat="30.275600217282772064208984375" lon="120.2067688666284084320068359375">
        <ele>9.19999980926513671875</ele>
        <time>2026-07-27T12:03:47.000Z</time>
        <extensions>
          <ns3:TrackPointExtension>
            <ns3:hr>151</ns3:hr>
            <ns3:cad>87</ns3:cad>
          </ns3:TrackPointExtension>
        </extensions>
      </trkpt>
      <trkpt lat="30.27562008239328861236572265625" lon="120.206766687333583831787109375">
        <ele>9.19999980926513671875</ele>
        <time>2026-07-27T12:03:48.000Z</time>
        <extensions>
          <ns3:TrackPointExtension>
            <ns3:hr>151</ns3:hr>
            <ns3:cad>86</ns3:cad>
          </ns3:TrackPointExtension>
        </extensions>
      </trkpt>
      <trkpt lat="30.27564036659896373748779296875" lon="120.2067624963819980621337890625">
        <ele>9.19999980926513671875</ele>
        <time>2026-07-27T12:03:49.000Z</time>
        <extensions>
          <ns3:TrackPointExtension>
            <ns3:hr>151</ns3:hr>
            <ns3:cad>86</ns3:cad>
          </ns3:TrackPointExtension>
        </extensions>
      </trkpt>
      <trkpt lat="30.2756662666797637939453125" lon="120.2067635022103786468505859375">
        <ele>9.19999980926513671875</ele>
        <time>2026-07-27T12:03:50.000Z</time>
        <extensions>
          <ns3:TrackPointExtension>
            <ns3:hr>150</ns3:hr>
            <ns3:cad>87</ns3:cad>
          </ns3:TrackPointExtension>
        </extensions>
      </trkpt>
      <trkpt lat="30.2756821922957897186279296875" lon="120.2067554555833339691162109375">
        <ele>9.19999980926513671875</ele>
        <time>2026-07-27T12:03:51.000Z</time>
        <extensions>
          <ns3:TrackPointExtension>
            <ns3:hr>150</ns3:hr>
            <ns3:cad>87</ns3:cad>
          </ns3:TrackPointExtension>
        </extensions>
      </trkpt>
      <trkpt lat="30.27570717036724090576171875" lon="120.2067522704601287841796875">
        <ele>9</ele>
        <time>2026-07-27T12:03:52.000Z</time>
        <extensions>
          <ns3:TrackPointExtension>
            <ns3:hr>150</ns3:hr>
            <ns3:cad>87</ns3:cad>
          </ns3:TrackPointExtension>
        </extensions>
      </trkpt>
      <trkpt lat="30.27572217397391796112060546875" lon="120.2067366801202297210693359375">
        <ele>9</ele>
        <time>2026-07-27T12:03:53.000Z</time>
        <extensions>
          <ns3:TrackPointExtension>
            <ns3:hr>150</ns3:hr>
            <ns3:cad>86</ns3:cad>
          </ns3:TrackPointExtension>
        </extensions>
      </trkpt>
      <trkpt lat="30.27574346400797367095947265625" lon="120.20671966485679149627685546875">
        <ele>9.19999980926513671875</ele>
        <time>2026-07-27T12:03:54.000Z</time>
        <extensions>
          <ns3:TrackPointExtension>
            <ns3:hr>150</ns3:hr>
            <ns3:cad>86</ns3:cad>
          </ns3:TrackPointExtension>
        </extensions>
      </trkpt>
      <trkpt lat="30.27575586922466754913330078125" lon="120.20670658908784389495849609375">
        <ele>9.19999980926513671875</ele>
        <time>2026-07-27T12:03:55.000Z</time>
        <extensions>
          <ns3:TrackPointExtension>
            <ns3:hr>150</ns3:hr>
            <ns3:cad>86</ns3:cad>
          </ns3:TrackPointExtension>
        </extensions>
      </trkpt>
      <trkpt lat="30.27577246539294719696044921875" lon="120.20668697543442249298095703125">
        <ele>9</ele>
        <time>2026-07-27T12:03:56.000Z</time>
        <extensions>
          <ns3:TrackPointExtension>
            <ns3:hr>149</ns3:hr>
            <ns3:cad>86</ns3:cad>
          </ns3:TrackPointExtension>
        </extensions>
      </trkpt>
      <trkpt lat="30.2757884748280048370361328125" lon="120.20667071454226970672607421875">
        <ele>9.19999980926513671875</ele>
        <time>2026-07-27T12:03:57.000Z</time>
        <extensions>
          <ns3:TrackPointExtension>
            <ns3:hr>149</ns3:hr>
            <ns3:cad>86</ns3:cad>
          </ns3:TrackPointExtension>
        </extensions>
      </trkpt>
      <trkpt lat="30.27580213733017444610595703125" lon="120.2066511847078800201416015625">
        <ele>9.19999980926513671875</ele>
        <time>2026-07-27T12:03:58.000Z</time>
        <extensions>
          <ns3:TrackPointExtension>
            <ns3:hr>149</ns3:hr>
            <ns3:cad>86</ns3:cad>
          </ns3:TrackPointExtension>
        </extensions>
      </trkpt>
      <trkpt lat="30.27581445872783660888671875" lon="120.2066263742744922637939453125">
        <ele>9</ele>
        <time>2026-07-27T12:03:59.000Z</time>
        <extensions>
          <ns3:TrackPointExtension>
            <ns3:hr>149</ns3:hr>
            <ns3:cad>86</ns3:cad>
          </ns3:TrackPointExtension>
        </extensions>
      </trkpt>
      <trkpt lat="30.27581387199461460113525390625" lon="120.20661002956330776214599609375">
        <ele>9</ele>
        <time>2026-07-27T12:04:00.000Z</time>
        <extensions>
          <ns3:TrackPointExtension>
            <ns3:hr>148</ns3:hr>
            <ns3:cad>86</ns3:cad>
          </ns3:TrackPointExtension>
        </extensions>
      </trkpt>
      <trkpt lat="30.27582342736423015594482421875" lon="120.2065837942063808441162109375">
        <ele>9</ele>
        <time>2026-07-27T12:04:01.000Z</time>
        <extensions>
          <ns3:TrackPointExtension>
            <ns3:hr>148</ns3:hr>
            <ns3:cad>86</ns3:cad>
          </ns3:TrackPointExtension>
        </extensions>
      </trkpt>
      <trkpt lat="30.27582678012549877166748046875" lon="120.20656744949519634246826171875">
        <ele>9</ele>
        <time>2026-07-27T12:04:02.000Z</time>
        <extensions>
          <ns3:TrackPointExtension>
            <ns3:hr>148</ns3:hr>
            <ns3:cad>86</ns3:cad>
          </ns3:TrackPointExtension>
        </extensions>
      </trkpt>
      <trkpt lat="30.27583331800997257232666015625" lon="120.206539370119571685791015625">
        <ele>9</ele>
        <time>2026-07-27T12:04:03.000Z</time>
        <extensions>
          <ns3:TrackPointExtension>
            <ns3:hr>148</ns3:hr>
            <ns3:cad>86</ns3:cad>
          </ns3:TrackPointExtension>
        </extensions>
      </trkpt>
      <trkpt lat="30.27583885006606578826904296875" lon="120.206518582999706268310546875">
        <ele>9</ele>
        <time>2026-07-27T12:04:04.000Z</time>
        <extensions>
          <ns3:TrackPointExtension>
            <ns3:hr>148</ns3:hr>
            <ns3:cad>86</ns3:cad>
          </ns3:TrackPointExtension>
        </extensions>
      </trkpt>
      <trkpt lat="30.2758417837321758270263671875" lon="120.20649285055696964263916015625">
        <ele>9</ele>
        <time>2026-07-27T12:04:05.000Z</time>
        <extensions>
          <ns3:TrackPointExtension>
            <ns3:hr>148</ns3:hr>
            <ns3:cad>86</ns3:cad>
          </ns3:TrackPointExtension>
        </extensions>
      </trkpt>
      <trkpt lat="30.2758417837321758270263671875" lon="120.20646720193326473236083984375">
        <ele>9</ele>
        <time>2026-07-27T12:04:06.000Z</time>
        <extensions>
          <ns3:TrackPointExtension>
            <ns3:hr>147</ns3:hr>
            <ns3:cad>87</ns3:cad>
          </ns3:TrackPointExtension>
        </extensions>
      </trkpt>
      <trkpt lat="30.2758325636386871337890625" lon="120.20644775591790676116943359375">
        <ele>9</ele>
        <time>2026-07-27T12:04:07.000Z</time>
        <extensions>
          <ns3:TrackPointExtension>
            <ns3:hr>148</ns3:hr>
            <ns3:cad>87</ns3:cad>
          </ns3:TrackPointExtension>
        </extensions>
      </trkpt>
      <trkpt lat="30.27583046816289424896240234375" lon="120.2064215205609798431396484375">
        <ele>9</ele>
        <time>2026-07-27T12:04:08.000Z</time>
        <extensions>
          <ns3:TrackPointExtension>
            <ns3:hr>148</ns3:hr>
            <ns3:cad>87</ns3:cad>
          </ns3:TrackPointExtension>
        </extensions>
      </trkpt>
      <trkpt lat="30.2758216671645641326904296875" lon="120.2064009010791778564453125">
        <ele>9.19999980926513671875</ele>
        <time>2026-07-27T12:04:09.000Z</time>
        <extensions>
          <ns3:TrackPointExtension>
            <ns3:hr>148</ns3:hr>
            <ns3:cad>87</ns3:cad>
          </ns3:TrackPointExtension>
        </extensions>
      </trkpt>
      <trkpt lat="30.27581588365137577056884765625" lon="120.20637986250221729278564453125">
        <ele>9.19999980926513671875</ele>
        <time>2026-07-27T12:04:10.000Z</time>
        <extensions>
          <ns3:TrackPointExtension>
            <ns3:hr>148</ns3:hr>
            <ns3:cad>86</ns3:cad>
          </ns3:TrackPointExtension>
        </extensions>
      </trkpt>
      <trkpt lat="30.27580917812883853912353515625" lon="120.20636628381907939910888671875">
        <ele>9.19999980926513671875</ele>
        <time>2026-07-27T12:04:11.000Z</time>
        <extensions>
          <ns3:TrackPointExtension>
            <ns3:hr>148</ns3:hr>
            <ns3:cad>87</ns3:cad>
          </ns3:TrackPointExtension>
        </extensions>
      </trkpt>
      <trkpt lat="30.27579568326473236083984375" lon="120.2063410542905330657958984375">
        <ele>9.19999980926513671875</ele>
        <time>2026-07-27T12:04:12.000Z</time>
        <extensions>
          <ns3:TrackPointExtension>
            <ns3:hr>148</ns3:hr>
            <ns3:cad>87</ns3:cad>
          </ns3:TrackPointExtension>
        </extensions>
      </trkpt>
      <trkpt lat="30.2757817693054676055908203125" lon="120.20632286556065082550048828125">
        <ele>9.19999980926513671875</ele>
        <time>2026-07-27T12:04:13.000Z</time>
        <extensions>
          <ns3:TrackPointExtension>
            <ns3:hr>148</ns3:hr>
            <ns3:cad>86</ns3:cad>
          </ns3:TrackPointExtension>
        </extensions>
      </trkpt>
      <trkpt lat="30.275764167308807373046875" lon="120.206304676830768585205078125">
        <ele>9</ele>
        <time>2026-07-27T12:04:14.000Z</time>
        <extensions>
          <ns3:TrackPointExtension>
            <ns3:hr>148</ns3:hr>
            <ns3:cad>87</ns3:cad>
          </ns3:TrackPointExtension>
        </extensions>
      </trkpt>
      <trkpt lat="30.275746397674083709716796875" lon="120.20628112368285655975341796875">
        <ele>9</ele>
        <time>2026-07-27T12:04:15.000Z</time>
        <extensions>
          <ns3:TrackPointExtension>
            <ns3:hr>148</ns3:hr>
            <ns3:cad>86</ns3:cad>
          </ns3:TrackPointExtension>
        </extensions>
      </trkpt>
      <trkpt lat="30.27572988532483577728271484375" lon="120.20627173595130443572998046875">
        <ele>9</ele>
        <time>2026-07-27T12:04:16.000Z</time>
        <extensions>
          <ns3:TrackPointExtension>
            <ns3:hr>148</ns3:hr>
            <ns3:cad>86</ns3:cad>
          </ns3:TrackPointExtension>
        </extensions>
      </trkpt>
      <trkpt lat="30.2757063321769237518310546875" lon="120.20625849254429340362548828125">
        <ele>9</ele>
        <time>2026-07-27T12:04:17.000Z</time>
        <extensions>
          <ns3:TrackPointExtension>
            <ns3:hr>148</ns3:hr>
            <ns3:cad>87</ns3:cad>
          </ns3:TrackPointExtension>
        </extensions>
      </trkpt>
      <trkpt lat="30.27569183148443698883056640625" lon="120.206257402896881103515625">
        <ele>9</ele>
        <time>2026-07-27T12:04:18.000Z</time>
        <extensions>
          <ns3:TrackPointExtension>
            <ns3:hr>148</ns3:hr>
            <ns3:cad>87</ns3:cad>
          </ns3:TrackPointExtension>
        </extensions>
      </trkpt>
      <trkpt lat="30.27566450648009777069091796875" lon="120.20624424330890178680419921875">
        <ele>9</ele>
        <time>2026-07-27T12:04:19.000Z</time>
        <extensions>
          <ns3:TrackPointExtension>
            <ns3:hr>148</ns3:hr>
            <ns3:cad>87</ns3:cad>
          </ns3:TrackPointExtension>
        </extensions>
      </trkpt>
      <trkpt lat="30.27564992196857929229736328125" lon="120.206236280500888824462890625">
        <ele>9</ele>
        <time>2026-07-27T12:04:20.000Z</time>
        <extensions>
          <ns3:TrackPointExtension>
            <ns3:hr>148</ns3:hr>
            <ns3:cad>86</ns3:cad>
          </ns3:TrackPointExtension>
        </extensions>
      </trkpt>
      <trkpt lat="30.27562662027776241302490234375" lon="120.2062284015119075775146484375">
        <ele>9</ele>
        <time>2026-07-27T12:04:21.000Z</time>
        <extensions>
          <ns3:TrackPointExtension>
            <ns3:hr>148</ns3:hr>
            <ns3:cad>86</ns3:cad>
          </ns3:TrackPointExtension>
        </extensions>
      </trkpt>
      <trkpt lat="30.2756067551672458648681640625" lon="120.20622546784579753875732421875">
        <ele>9.19999980926513671875</ele>
        <time>2026-07-27T12:04:22.000Z</time>
        <extensions>
          <ns3:TrackPointExtension>
            <ns3:hr>148</ns3:hr>
            <ns3:cad>86</ns3:cad>
          </ns3:TrackPointExtension>
        </extensions>
      </trkpt>
      <trkpt lat="30.2755869738757610321044921875" lon="120.20622882060706615447998046875">
        <ele>9.19999980926513671875</ele>
        <time>2026-07-27T12:04:23.000Z</time>
        <extensions>
          <ns3:TrackPointExtension>
            <ns3:hr>148</ns3:hr>
            <ns3:cad>86</ns3:cad>
          </ns3:TrackPointExtension>
        </extensions>
      </trkpt>
      <trkpt lat="30.275563336908817291259765625" lon="120.20622965879738330841064453125">
        <ele>9.19999980926513671875</ele>
        <time>2026-07-27T12:04:24.000Z</time>
        <extensions>
          <ns3:TrackPointExtension>
            <ns3:hr>149</ns3:hr>
            <ns3:cad>86</ns3:cad>
          </ns3:TrackPointExtension>
        </extensions>
      </trkpt>
      <trkpt lat="30.275546573102474212646484375" lon="120.20623954944312572479248046875">
        <ele>9.19999980926513671875</ele>
        <time>2026-07-27T12:04:25.000Z</time>
        <extensions>
          <ns3:TrackPointExtension>
            <ns3:hr>148</ns3:hr>
            <ns3:cad>86</ns3:cad>
          </ns3:TrackPointExtension>
        </extensions>
      </trkpt>
      <trkpt lat="30.275519751012325286865234375" lon="120.20624256692826747894287109375">
        <ele>9.19999980926513671875</ele>
        <time>2026-07-27T12:04:26.000Z</time>
        <extensions>
          <ns3:TrackPointExtension>
            <ns3:hr>148</ns3:hr>
            <ns3:cad>86</ns3:cad>
          </ns3:TrackPointExtension>
        </extensions>
      </trkpt>
      <trkpt lat="30.2755053341388702392578125" lon="120.20625145174562931060791015625">
        <ele>9</ele>
        <time>2026-07-27T12:04:27.000Z</time>
        <extensions>
          <ns3:TrackPointExtension>
            <ns3:hr>148</ns3:hr>
            <ns3:cad>86</ns3:cad>
          </ns3:TrackPointExtension>
        </extensions>
      </trkpt>
      <trkpt lat="30.275480858981609344482421875" lon="120.20625405013561248779296875">
        <ele>9.19999980926513671875</ele>
        <time>2026-07-27T12:04:28.000Z</time>
        <extensions>
          <ns3:TrackPointExtension>
            <ns3:hr>149</ns3:hr>
            <ns3:cad>86</ns3:cad>
          </ns3:TrackPointExtension>
        </extensions>
      </trkpt>
      <trkpt lat="30.27546267025172710418701171875" lon="120.2062542177736759185791015625">
        <ele>9.19999980926513671875</ele>
        <time>2026-07-27T12:04:29.000Z</time>
        <extensions>
          <ns3:TrackPointExtension>
            <ns3:hr>148</ns3:hr>
            <ns3:cad>86</ns3:cad>
          </ns3:TrackPointExtension>
        </extensions>
      </trkpt>
      <trkpt lat="30.2754434756934642791748046875" lon="120.2062602527439594268798828125">
        <ele>9</ele>
        <time>2026-07-27T12:04:30.000Z</time>
        <extensions>
          <ns3:TrackPointExtension>
            <ns3:hr>149</ns3:hr>
            <ns3:cad>86</ns3:cad>
          </ns3:TrackPointExtension>
        </extensions>
      </trkpt>
      <trkpt lat="30.27542042545974254608154296875" lon="120.20625832490622997283935546875">
        <ele>9</ele>
        <time>2026-07-27T12:04:31.000Z</time>
        <extensions>
          <ns3:TrackPointExtension>
            <ns3:hr>149</ns3:hr>
            <ns3:cad>86</ns3:cad>
          </ns3:TrackPointExtension>
        </extensions>
      </trkpt>
      <trkpt lat="30.27540382929146289825439453125" lon="120.20626553334295749664306640625">
        <ele>9.19999980926513671875</ele>
        <time>2026-07-27T12:04:32.000Z</time>
        <extensions>
          <ns3:TrackPointExtension>
            <ns3:hr>149</ns3:hr>
            <ns3:cad>86</ns3:cad>
          </ns3:TrackPointExtension>
        </extensions>
      </trkpt>
      <trkpt lat="30.27537801302969455718994140625" lon="120.20626620389521121978759765625">
        <ele>9.19999980926513671875</ele>
        <time>2026-07-27T12:04:33.000Z</time>
        <extensions>
          <ns3:TrackPointExtension>
            <ns3:hr>148</ns3:hr>
            <ns3:cad>86</ns3:cad>
          </ns3:TrackPointExtension>
        </extensions>
      </trkpt>
      <trkpt lat="30.27536309324204921722412109375" lon="120.206271819770336151123046875">
        <ele>9.19999980926513671875</ele>
        <time>2026-07-27T12:04:34.000Z</time>
        <extensions>
          <ns3:TrackPointExtension>
            <ns3:hr>149</ns3:hr>
            <ns3:cad>86</ns3:cad>
          </ns3:TrackPointExtension>
        </extensions>
      </trkpt>
      <trkpt lat="30.27533610351383686065673828125" lon="120.206275172531604766845703125">
        <ele>9.19999980926513671875</ele>
        <time>2026-07-27T12:04:35.000Z</time>
        <extensions>
          <ns3:TrackPointExtension>
            <ns3:hr>149</ns3:hr>
            <ns3:cad>86</ns3:cad>
          </ns3:TrackPointExtension>
        </extensions>
      </trkpt>
      <trkpt lat="30.2753207646310329437255859375" lon="120.20627475343644618988037109375">
        <ele>9.19999980926513671875</ele>
        <time>2026-07-27T12:04:36.000Z</time>
        <extensions>
          <ns3:TrackPointExtension>
            <ns3:hr>149</ns3:hr>
            <ns3:cad>86</ns3:cad>
          </ns3:TrackPointExtension>
        </extensions>
      </trkpt>
      <trkpt lat="30.2752976305782794952392578125" lon="120.2062736637890338897705078125">
        <ele>9.19999980926513671875</ele>
        <time>2026-07-27T12:04:37.000Z</time>
        <extensions>
          <ns3:TrackPointExtension>
            <ns3:hr>148</ns3:hr>
            <ns3:cad>86</ns3:cad>
          </ns3:TrackPointExtension>
        </extensions>
      </trkpt>
      <trkpt lat="30.2752775140106678009033203125" lon="120.20627140067517757415771484375">
        <ele>9.19999980926513671875</ele>
        <time>2026-07-27T12:04:38.000Z</time>
        <extensions>
          <ns3:TrackPointExtension>
            <ns3:hr>149</ns3:hr>
            <ns3:cad>86</ns3:cad>
          </ns3:TrackPointExtension>
        </extensions>
      </trkpt>
      <trkpt lat="30.2752600796520709991455078125" lon="120.206279195845127105712890625">
        <ele>9.19999980926513671875</ele>
        <time>2026-07-27T12:04:39.000Z</time>
        <extensions>
          <ns3:TrackPointExtension>
            <ns3:hr>149</ns3:hr>
            <ns3:cad>86</ns3:cad>
          </ns3:TrackPointExtension>
        </extensions>
      </trkpt>
      <trkpt lat="30.27523434720933437347412109375" lon="120.206277184188365936279296875">
        <ele>9</ele>
        <time>2026-07-27T12:04:40.000Z</time>
        <extensions>
          <ns3:TrackPointExtension>
            <ns3:hr>149</ns3:hr>
            <ns3:cad>86</ns3:cad>
          </ns3:TrackPointExtension>
        </extensions>
      </trkpt>
      <trkpt lat="30.27521766722202301025390625" lon="120.20628397352993488311767578125">
        <ele>9</ele>
        <time>2026-07-27T12:04:41.000Z</time>
        <extensions>
          <ns3:TrackPointExtension>
            <ns3:hr>150</ns3:hr>
            <ns3:cad>86</ns3:cad>
          </ns3:TrackPointExtension>
        </extensions>
      </trkpt>
      <trkpt lat="30.27519277296960353851318359375" lon="120.20628397352993488311767578125">
        <ele>9</ele>
        <time>2026-07-27T12:04:42.000Z</time>
        <extensions>
          <ns3:TrackPointExtension>
            <ns3:hr>150</ns3:hr>
            <ns3:cad>86</ns3:cad>
          </ns3:TrackPointExtension>
        </extensions>
      </trkpt>
      <trkpt lat="30.27517315931618213653564453125" lon="120.20628154277801513671875">
        <ele>9</ele>
        <time>2026-07-27T12:04:43.000Z</time>
        <extensions>
          <ns3:TrackPointExtension>
            <ns3:hr>150</ns3:hr>
            <ns3:cad>85</ns3:cad>
          </ns3:TrackPointExtension>
        </extensions>
      </trkpt>
      <trkpt lat="30.27515329420566558837890625" lon="120.20628489553928375244140625">
        <ele>9</ele>
        <time>2026-07-27T12:04:44.000Z</time>
        <extensions>
          <ns3:TrackPointExtension>
            <ns3:hr>150</ns3:hr>
            <ns3:cad>85</ns3:cad>
          </ns3:TrackPointExtension>
        </extensions>
      </trkpt>
      <trkpt lat="30.27512873522937297821044921875" lon="120.20628028549253940582275390625">
        <ele>9</ele>
        <time>2026-07-27T12:04:45.000Z</time>
        <extensions>
          <ns3:TrackPointExtension>
            <ns3:hr>150</ns3:hr>
            <ns3:cad>85</ns3:cad>
          </ns3:TrackPointExtension>
        </extensions>
      </trkpt>
      <trkpt lat="30.27510811574757099151611328125" lon="120.2062830515205860137939453125">
        <ele>9</ele>
        <time>2026-07-27T12:04:46.000Z</time>
        <extensions>
          <ns3:TrackPointExtension>
            <ns3:hr>150</ns3:hr>
            <ns3:cad>85</ns3:cad>
          </ns3:TrackPointExtension>
        </extensions>
      </trkpt>
      <trkpt lat="30.2750793658196926116943359375" lon="120.20628414116799831390380859375">
        <ele>9</ele>
        <time>2026-07-27T12:04:47.000Z</time>
        <extensions>
          <ns3:TrackPointExtension>
            <ns3:hr>150</ns3:hr>
            <ns3:cad>85</ns3:cad>
          </ns3:TrackPointExtension>
        </extensions>
      </trkpt>
      <trkpt lat="30.27506168000400066375732421875" lon="120.20629160106182098388671875">
        <ele>9</ele>
        <time>2026-07-27T12:04:48.000Z</time>
        <extensions>
          <ns3:TrackPointExtension>
            <ns3:hr>150</ns3:hr>
            <ns3:cad>85</ns3:cad>
          </ns3:TrackPointExtension>
        </extensions>
      </trkpt>
      <trkpt lat="30.2750377915799617767333984375" lon="120.206295289099216461181640625">
        <ele>9</ele>
        <time>2026-07-27T12:04:49.000Z</time>
        <extensions>
          <ns3:TrackPointExtension>
            <ns3:hr>150</ns3:hr>
            <ns3:cad>85</ns3:cad>
          </ns3:TrackPointExtension>
        </extensions>
      </trkpt>
      <trkpt lat="30.2750166691839694976806640625" lon="120.2062924392521381378173828125">
        <ele>9</ele>
        <time>2026-07-27T12:04:50.000Z</time>
        <extensions>
          <ns3:TrackPointExtension>
            <ns3:hr>151</ns3:hr>
            <ns3:cad>86</ns3:cad>
          </ns3:TrackPointExtension>
        </extensions>
      </trkpt>
      <trkpt lat="30.2749972231686115264892578125" lon="120.206295289099216461181640625">
        <ele>9</ele>
        <time>2026-07-27T12:04:51.000Z</time>
        <extensions>
          <ns3:TrackPointExtension>
            <ns3:hr>151</ns3:hr>
            <ns3:cad>86</ns3:cad>
          </ns3:TrackPointExtension>
        </extensions>
      </trkpt>
      <trkpt lat="30.27497635222971439361572265625" lon="120.20629419945180416107177734375">
        <ele>9</ele>
        <time>2026-07-27T12:04:52.000Z</time>
        <extensions>
          <ns3:TrackPointExtension>
            <ns3:hr>151</ns3:hr>
            <ns3:cad>86</ns3:cad>
          </ns3:TrackPointExtension>
        </extensions>
      </trkpt>
      <trkpt lat="30.2749576605856418609619140625" lon="120.20629453472793102264404296875">
        <ele>9</ele>
        <time>2026-07-27T12:04:53.000Z</time>
        <extensions>
          <ns3:TrackPointExtension>
            <ns3:hr>151</ns3:hr>
            <ns3:cad>86</ns3:cad>
          </ns3:TrackPointExtension>
        </extensions>
      </trkpt>
      <trkpt lat="30.27493343688547611236572265625" lon="120.20629151724278926849365234375">
        <ele>9</ele>
        <time>2026-07-27T12:04:54.000Z</time>
        <extensions>
          <ns3:TrackPointExtension>
            <ns3:hr>151</ns3:hr>
            <ns3:cad>87</ns3:cad>
          </ns3:TrackPointExtension>
        </extensions>
      </trkpt>
      <trkpt lat="30.27491516433656215667724609375" lon="120.2062921039760112762451171875">
        <ele>9</ele>
        <time>2026-07-27T12:04:55.000Z</time>
        <extensions>
          <ns3:TrackPointExtension>
            <ns3:hr>151</ns3:hr>
            <ns3:cad>87</ns3:cad>
          </ns3:TrackPointExtension>
        </extensions>
      </trkpt>
      <trkpt lat="30.274889767169952392578125" lon="120.2062941156327724456787109375">
        <ele>8.80000019073486328125</ele>
        <time>2026-07-27T12:04:56.000Z</time>
        <extensions>
          <ns3:TrackPointExtension>
            <ns3:hr>151</ns3:hr>
            <ns3:cad>87</ns3:cad>
          </ns3:TrackPointExtension>
        </extensions>
      </trkpt>
      <trkpt lat="30.274871326982975006103515625" lon="120.2062994800508022308349609375">
        <ele>8.80000019073486328125</ele>
        <time>2026-07-27T12:04:57.000Z</time>
        <extensions>
          <ns3:TrackPointExtension>
            <ns3:hr>151</ns3:hr>
            <ns3:cad>86</ns3:cad>
          </ns3:TrackPointExtension>
        </extensions>
      </trkpt>
      <trkpt lat="30.27484777383506298065185546875" lon="120.20630476064980030059814453125">
        <ele>8.80000019073486328125</ele>
        <time>2026-07-27T12:04:58.000Z</time>
        <extensions>
          <ns3:TrackPointExtension>
            <ns3:hr>151</ns3:hr>
            <ns3:cad>86</ns3:cad>
          </ns3:TrackPointExtension>
        </extensions>
      </trkpt>
      <trkpt lat="30.274825394153594970703125" lon="120.2063092030584812164306640625">
        <ele>8.80000019073486328125</ele>
        <time>2026-07-27T12:04:59.000Z</time>
        <extensions>
          <ns3:TrackPointExtension>
            <ns3:hr>151</ns3:hr>
            <ns3:cad>86</ns3:cad>
          </ns3:TrackPointExtension>
        </extensions>
      </trkpt>
      <trkpt lat="30.27480737306177616119384765625" lon="120.2063195966184139251708984375">
        <ele>8.80000019073486328125</ele>
        <time>2026-07-27T12:05:00.000Z</time>
        <extensions>
          <ns3:TrackPointExtension>
            <ns3:hr>151</ns3:hr>
            <ns3:cad>86</ns3:cad>
          </ns3:TrackPointExtension>
        </extensions>
      </trkpt>
      <trkpt lat="30.27478457428514957427978515625" lon="120.206331498920917510986328125">
        <ele>9</ele>
        <time>2026-07-27T12:05:01.000Z</time>
        <extensions>
          <ns3:TrackPointExtension>
            <ns3:hr>150</ns3:hr>
            <ns3:cad>87</ns3:cad>
          </ns3:TrackPointExtension>
        </extensions>
      </trkpt>
      <trkpt lat="30.27476998977363109588623046875" lon="120.206346921622753143310546875">
        <ele>9</ele>
        <time>2026-07-27T12:05:02.000Z</time>
        <extensions>
          <ns3:TrackPointExtension>
            <ns3:hr>150</ns3:hr>
            <ns3:cad>87</ns3:cad>
          </ns3:TrackPointExtension>
        </extensions>
      </trkpt>
      <trkpt lat="30.27474920265376567840576171875" lon="120.20636728964745998382568359375">
        <ele>9</ele>
        <time>2026-07-27T12:05:03.000Z</time>
        <extensions>
          <ns3:TrackPointExtension>
            <ns3:hr>150</ns3:hr>
            <ns3:cad>86</ns3:cad>
          </ns3:TrackPointExtension>
        </extensions>
      </trkpt>
      <trkpt lat="30.27473352849483489990234375" lon="120.20638438872992992401123046875">
        <ele>9</ele>
        <time>2026-07-27T12:05:04.000Z</time>
        <extensions>
          <ns3:TrackPointExtension>
            <ns3:hr>150</ns3:hr>
            <ns3:cad>86</ns3:cad>
          </ns3:TrackPointExtension>
        </extensions>
      </trkpt>
      <trkpt lat="30.27471869252622127532958984375" lon="120.20640827715396881103515625">
        <ele>9</ele>
        <time>2026-07-27T12:05:05.000Z</time>
        <extensions>
          <ns3:TrackPointExtension>
            <ns3:hr>150</ns3:hr>
            <ns3:cad>86</ns3:cad>
          </ns3:TrackPointExtension>
        </extensions>
      </trkpt>
      <trkpt lat="30.27470343746244907379150390625" lon="120.20643266849219799041748046875">
        <ele>9</ele>
        <time>2026-07-27T12:05:06.000Z</time>
        <extensions>
          <ns3:TrackPointExtension>
            <ns3:hr>150</ns3:hr>
            <ns3:cad>86</ns3:cad>
          </ns3:TrackPointExtension>
        </extensions>
      </trkpt>
      <trkpt lat="30.27469287626445293426513671875" lon="120.2064584009349346160888671875">
        <ele>9</ele>
        <time>2026-07-27T12:05:07.000Z</time>
        <extensions>
          <ns3:TrackPointExtension>
            <ns3:hr>150</ns3:hr>
            <ns3:cad>86</ns3:cad>
          </ns3:TrackPointExtension>
        </extensions>
      </trkpt>
      <trkpt lat="30.2746832370758056640625" lon="120.2064838819205760955810546875">
        <ele>9</ele>
        <time>2026-07-27T12:05:08.000Z</time>
        <extensions>
          <ns3:TrackPointExtension>
            <ns3:hr>150</ns3:hr>
            <ns3:cad>87</ns3:cad>
          </ns3:TrackPointExtension>
        </extensions>
      </trkpt>
      <trkpt lat="30.2746800519526004791259765625" lon="120.20650760270655155181884765625">
        <ele>9</ele>
        <time>2026-07-27T12:05:09.000Z</time>
        <extensions>
          <ns3:TrackPointExtension>
            <ns3:hr>150</ns3:hr>
            <ns3:cad>87</ns3:cad>
          </ns3:TrackPointExtension>
        </extensions>
      </trkpt>
      <trkpt lat="30.2746733464300632476806640625" lon="120.2065351791679859161376953125">
        <ele>9</ele>
        <time>2026-07-27T12:05:10.000Z</time>
        <extensions>
          <ns3:TrackPointExtension>
            <ns3:hr>150</ns3:hr>
            <ns3:cad>87</ns3:cad>
          </ns3:TrackPointExtension>
        </extensions>
      </trkpt>
      <trkpt lat="30.27467560954391956329345703125" lon="120.2065563015639781951904296875">
        <ele>9</ele>
        <time>2026-07-27T12:05:11.000Z</time>
        <extensions>
          <ns3:TrackPointExtension>
            <ns3:hr>150</ns3:hr>
            <ns3:cad>86</ns3:cad>
          </ns3:TrackPointExtension>
        </extensions>
      </trkpt>
      <trkpt lat="30.27467309497296810150146484375" lon="120.20658857189118862152099609375">
        <ele>9</ele>
        <time>2026-07-27T12:05:12.000Z</time>
        <extensions>
          <ns3:TrackPointExtension>
            <ns3:hr>150</ns3:hr>
            <ns3:cad>86</ns3:cad>
          </ns3:TrackPointExtension>
        </extensions>
      </trkpt>
      <trkpt lat="30.27467795647680759429931640625" lon="120.206605754792690277099609375">
        <ele>8.80000019073486328125</ele>
        <time>2026-07-27T12:05:13.000Z</time>
        <extensions>
          <ns3:TrackPointExtension>
            <ns3:hr>150</ns3:hr>
            <ns3:cad>86</ns3:cad>
          </ns3:TrackPointExtension>
        </extensions>
      </trkpt>
      <trkpt lat="30.274680219590663909912109375" lon="120.2066354267299175262451171875">
        <ele>8.80000019073486328125</ele>
        <time>2026-07-27T12:05:14.000Z</time>
        <extensions>
          <ns3:TrackPointExtension>
            <ns3:hr>150</ns3:hr>
            <ns3:cad>85</ns3:cad>
          </ns3:TrackPointExtension>
        </extensions>
      </trkpt>
      <trkpt lat="30.27468365617096424102783203125" lon="120.20666048862040042877197265625">
        <ele>9</ele>
        <time>2026-07-27T12:05:15.000Z</time>
        <extensions>
          <ns3:TrackPointExtension>
            <ns3:hr>150</ns3:hr>
            <ns3:cad>85</ns3:cad>
          </ns3:TrackPointExtension>
        </extensions>
      </trkpt>
      <trkpt lat="30.27469287626445293426513671875" lon="120.20668588578701019287109375">
        <ele>8.80000019073486328125</ele>
        <time>2026-07-27T12:05:16.000Z</time>
        <extensions>
          <ns3:TrackPointExtension>
            <ns3:hr>150</ns3:hr>
            <ns3:cad>85</ns3:cad>
          </ns3:TrackPointExtension>
        </extensions>
      </trkpt>
      <trkpt lat="30.274703018367290496826171875" lon="120.20671430043876171112060546875">
        <ele>8.80000019073486328125</ele>
        <time>2026-07-27T12:05:17.000Z</time>
        <extensions>
          <ns3:TrackPointExtension>
            <ns3:hr>149</ns3:hr>
            <ns3:cad>85</ns3:cad>
          </ns3:TrackPointExtension>
        </extensions>
      </trkpt>
      <trkpt lat="30.2747192792594432830810546875" lon="120.20672955550253391265869140625">
        <ele>8.80000019073486328125</ele>
        <time>2026-07-27T12:05:18.000Z</time>
        <extensions>
          <ns3:TrackPointExtension>
            <ns3:hr>150</ns3:hr>
            <ns3:cad>86</ns3:cad>
          </ns3:TrackPointExtension>
        </extensions>
      </trkpt>
      <trkpt lat="30.27473478578031063079833984375" lon="120.20675905980169773101806640625">
        <ele>8.80000019073486328125</ele>
        <time>2026-07-27T12:05:19.000Z</time>
        <extensions>
          <ns3:TrackPointExtension>
            <ns3:hr>150</ns3:hr>
            <ns3:cad>86</ns3:cad>
          </ns3:TrackPointExtension>
        </extensions>
      </trkpt>
      <trkpt lat="30.27474962174892425537109375" lon="120.20676945336163043975830078125">
        <ele>8.80000019073486328125</ele>
        <time>2026-07-27T12:05:20.000Z</time>
        <extensions>
          <ns3:TrackPointExtension>
            <ns3:hr>149</ns3:hr>
            <ns3:cad>86</ns3:cad>
          </ns3:TrackPointExtension>
        </extensions>
      </trkpt>
      <trkpt lat="30.27477552182972431182861328125" lon="120.2067930065095424652099609375">
        <ele>8.80000019073486328125</ele>
        <time>2026-07-27T12:05:21.000Z</time>
        <extensions>
          <ns3:TrackPointExtension>
            <ns3:hr>149</ns3:hr>
            <ns3:cad>86</ns3:cad>
          </ns3:TrackPointExtension>
        </extensions>
      </trkpt>
      <trkpt lat="30.27478977106511592864990234375" lon="120.206803567707538604736328125">
        <ele>8.80000019073486328125</ele>
        <time>2026-07-27T12:05:22.000Z</time>
        <extensions>
          <ns3:TrackPointExtension>
            <ns3:hr>149</ns3:hr>
            <ns3:cad>87</ns3:cad>
          </ns3:TrackPointExtension>
        </extensions>
      </trkpt>
      <trkpt lat="30.2748114801943302154541015625" lon="120.20681438036262989044189453125">
        <ele>8.80000019073486328125</ele>
        <time>2026-07-27T12:05:23.000Z</time>
        <extensions>
          <ns3:TrackPointExtension>
            <ns3:hr>149</ns3:hr>
            <ns3:cad>87</ns3:cad>
          </ns3:TrackPointExtension>
        </extensions>
      </trkpt>
      <trkpt lat="30.274829082190990447998046875" lon="120.20682645030319690704345703125">
        <ele>8.80000019073486328125</ele>
        <time>2026-07-27T12:05:24.000Z</time>
        <extensions>
          <ns3:TrackPointExtension>
            <ns3:hr>150</ns3:hr>
            <ns3:cad>87</ns3:cad>
          </ns3:TrackPointExtension>
        </extensions>
      </trkpt>
      <trkpt lat="30.274846851825714111328125" lon="120.20683248527348041534423828125">
        <ele>8.80000019073486328125</ele>
        <time>2026-07-27T12:05:25.000Z</time>
        <extensions>
          <ns3:TrackPointExtension>
            <ns3:hr>150</ns3:hr>
            <ns3:cad>87</ns3:cad>
          </ns3:TrackPointExtension>
        </extensions>
      </trkpt>
      <trkpt lat="30.2748694829642772674560546875" lon="120.20684656687080860137939453125">
        <ele>8.80000019073486328125</ele>
        <time>2026-07-27T12:05:26.000Z</time>
        <extensions>
          <ns3:TrackPointExtension>
            <ns3:hr>150</ns3:hr>
            <ns3:cad>86</ns3:cad>
          </ns3:TrackPointExtension>
        </extensions>
      </trkpt>
      <trkpt lat="30.27488549239933490753173828125" lon="120.20684706978499889373779296875">
        <ele>8.80000019073486328125</ele>
        <time>2026-07-27T12:05:27.000Z</time>
        <extensions>
          <ns3:TrackPointExtension>
            <ns3:hr>150</ns3:hr>
            <ns3:cad>87</ns3:cad>
          </ns3:TrackPointExtension>
        </extensions>
      </trkpt>
      <trkpt lat="30.274912230670452117919921875" lon="120.20685059018433094024658203125">
        <ele>8.80000019073486328125</ele>
        <time>2026-07-27T12:05:28.000Z</time>
        <extensions>
          <ns3:TrackPointExtension>
            <ns3:hr>150</ns3:hr>
            <ns3:cad>86</ns3:cad>
          </ns3:TrackPointExtension>
        </extensions>
      </trkpt>
      <trkpt lat="30.27493041940033435821533203125" lon="120.2068429626524448394775390625">
        <ele>8.80000019073486328125</ele>
        <time>2026-07-27T12:05:29.000Z</time>
        <extensions>
          <ns3:TrackPointExtension>
            <ns3:hr>150</ns3:hr>
            <ns3:cad>86</ns3:cad>
          </ns3:TrackPointExtension>
        </extensions>
      </trkpt>
      <trkpt lat="30.2749533019959926605224609375" lon="120.20683818496763706207275390625">
        <ele>8.80000019073486328125</ele>
        <time>2026-07-27T12:05:30.000Z</time>
        <extensions>
          <ns3:TrackPointExtension>
            <ns3:hr>150</ns3:hr>
            <ns3:cad>86</ns3:cad>
          </ns3:TrackPointExtension>
        </extensions>
      </trkpt>
      <trkpt lat="30.27497568167746067047119140625" lon="120.20683935843408107757568359375">
        <ele>8.80000019073486328125</ele>
        <time>2026-07-27T12:05:31.000Z</time>
        <extensions>
          <ns3:TrackPointExtension>
            <ns3:hr>150</ns3:hr>
            <ns3:cad>86</ns3:cad>
          </ns3:TrackPointExtension>
        </extensions>
      </trkpt>
      <trkpt lat="30.27499110437929630279541015625" lon="120.20683282054960727691650390625">
        <ele>8.80000019073486328125</ele>
        <time>2026-07-27T12:05:32.000Z</time>
        <extensions>
          <ns3:TrackPointExtension>
            <ns3:hr>150</ns3:hr>
            <ns3:cad>86</ns3:cad>
          </ns3:TrackPointExtension>
        </extensions>
      </trkpt>
      <trkpt lat="30.275013484060764312744140625" lon="120.20683181472122669219970703125">
        <ele>9</ele>
        <time>2026-07-27T12:05:33.000Z</time>
        <extensions>
          <ns3:TrackPointExtension>
            <ns3:hr>150</ns3:hr>
            <ns3:cad>86</ns3:cad>
          </ns3:TrackPointExtension>
        </extensions>
      </trkpt>
      <trkpt lat="30.27502999641001224517822265625" lon="120.20682544447481632232666015625">
        <ele>9</ele>
        <time>2026-07-27T12:05:34.000Z</time>
        <extensions>
          <ns3:TrackPointExtension>
            <ns3:hr>150</ns3:hr>
            <ns3:cad>85</ns3:cad>
          </ns3:TrackPointExtension>
        </extensions>
      </trkpt>
      <trkpt lat="30.27505463920533657073974609375" lon="120.206823684275150299072265625">
        <ele>9</ele>
        <time>2026-07-27T12:05:35.000Z</time>
        <extensions>
          <ns3:TrackPointExtension>
            <ns3:hr>150</ns3:hr>
            <ns3:cad>85</ns3:cad>
          </ns3:TrackPointExtension>
        </extensions>
      </trkpt>
      <trkpt lat="30.2750709839165210723876953125" lon="120.20681999623775482177734375">
        <ele>9</ele>
        <time>2026-07-27T12:05:36.000Z</time>
        <extensions>
          <ns3:TrackPointExtension>
            <ns3:hr>149</ns3:hr>
            <ns3:cad>85</ns3:cad>
          </ns3:TrackPointExtension>
        </extensions>
      </trkpt>
      <trkpt lat="30.2750900946557521820068359375" lon="120.2068151347339153289794921875">
        <ele>9</ele>
        <time>2026-07-27T12:05:37.000Z</time>
        <extensions>
          <ns3:TrackPointExtension>
            <ns3:hr>150</ns3:hr>
            <ns3:cad>85</ns3:cad>
          </ns3:TrackPointExtension>
        </extensions>
      </trkpt>
      <trkpt lat="30.27511498890817165374755859375" lon="120.20681723020970821380615234375">
        <ele>9</ele>
        <time>2026-07-27T12:05:38.000Z</time>
        <extensions>
          <ns3:TrackPointExtension>
            <ns3:hr>150</ns3:hr>
            <ns3:cad>84</ns3:cad>
          </ns3:TrackPointExtension>
        </extensions>
      </trkpt>
      <trkpt lat="30.27513091452419757843017578125" lon="120.2068111114203929901123046875">
        <ele>8.80000019073486328125</ele>
        <time>2026-07-27T12:05:39.000Z</time>
        <extensions>
          <ns3:TrackPointExtension>
            <ns3:hr>150</ns3:hr>
            <ns3:cad>84</ns3:cad>
          </ns3:TrackPointExtension>
        </extensions>
      </trkpt>
      <trkpt lat="30.27515572495758533477783203125" lon="120.2068124525249004364013671875">
        <ele>8.80000019073486328125</ele>
        <time>2026-07-27T12:05:40.000Z</time>
        <extensions>
          <ns3:TrackPointExtension>
            <ns3:hr>150</ns3:hr>
            <ns3:cad>84</ns3:cad>
          </ns3:TrackPointExtension>
        </extensions>
      </trkpt>
      <trkpt lat="30.2751735784113407135009765625" lon="120.20680448971688747406005859375">
        <ele>8.6000003814697265625</ele>
        <time>2026-07-27T12:05:41.000Z</time>
        <extensions>
          <ns3:TrackPointExtension>
            <ns3:hr>150</ns3:hr>
            <ns3:cad>84</ns3:cad>
          </ns3:TrackPointExtension>
        </extensions>
      </trkpt>
      <trkpt lat="30.275191850960254669189453125" lon="120.2068000473082065582275390625">
        <ele>8.80000019073486328125</ele>
        <time>2026-07-27T12:05:42.000Z</time>
        <extensions>
          <ns3:TrackPointExtension>
            <ns3:hr>149</ns3:hr>
            <ns3:cad>84</ns3:cad>
          </ns3:TrackPointExtension>
        </extensions>
      </trkpt>
      <trkpt lat="30.2752148173749446868896484375" lon="120.2068020589649677276611328125">
        <ele>8.80000019073486328125</ele>
        <time>2026-07-27T12:05:43.000Z</time>
        <extensions>
          <ns3:TrackPointExtension>
            <ns3:hr>150</ns3:hr>
            <ns3:cad>85</ns3:cad>
          </ns3:TrackPointExtension>
        </extensions>
      </trkpt>
      <trkpt lat="30.27523367665708065032958984375" lon="120.20679862238466739654541015625">
        <ele>8.80000019073486328125</ele>
        <time>2026-07-27T12:05:44.000Z</time>
        <extensions>
          <ns3:TrackPointExtension>
            <ns3:hr>150</ns3:hr>
            <ns3:cad>85</ns3:cad>
          </ns3:TrackPointExtension>
        </extensions>
      </trkpt>
      <trkpt lat="30.27525748126208782196044921875" lon="120.20680046640336513519287109375">
        <ele>8.80000019073486328125</ele>
        <time>2026-07-27T12:05:45.000Z</time>
        <extensions>
          <ns3:TrackPointExtension>
            <ns3:hr>150</ns3:hr>
            <ns3:cad>86</ns3:cad>
          </ns3:TrackPointExtension>
        </extensions>
      </trkpt>
      <trkpt lat="30.2752741612493991851806640625" lon="120.20679560489952564239501953125">
        <ele>8.80000019073486328125</ele>
        <time>2026-07-27T12:05:46.000Z</time>
        <extensions>
          <ns3:TrackPointExtension>
            <ns3:hr>150</ns3:hr>
            <ns3:cad>86</ns3:cad>
          </ns3:TrackPointExtension>
        </extensions>
      </trkpt>
      <trkpt lat="30.27530140243470668792724609375" lon="120.2067933417856693267822265625">
        <ele>8.80000019073486328125</ele>
        <time>2026-07-27T12:05:47.000Z</time>
        <extensions>
          <ns3:TrackPointExtension>
            <ns3:hr>150</ns3:hr>
            <ns3:cad>85</ns3:cad>
          </ns3:TrackPointExtension>
        </extensions>
      </trkpt>
      <trkpt lat="30.2753190882503986358642578125" lon="120.20678378641605377197265625">
        <ele>8.80000019073486328125</ele>
        <time>2026-07-27T12:05:48.000Z</time>
        <extensions>
          <ns3:TrackPointExtension>
            <ns3:hr>150</ns3:hr>
            <ns3:cad>85</ns3:cad>
          </ns3:TrackPointExtension>
        </extensions>
      </trkpt>
      <trkpt lat="30.27534431777894496917724609375" lon="120.20678102038800716400146484375">
        <ele>8.80000019073486328125</ele>
        <time>2026-07-27T12:05:49.000Z</time>
        <extensions>
          <ns3:TrackPointExtension>
            <ns3:hr>150</ns3:hr>
            <ns3:cad>85</ns3:cad>
          </ns3:TrackPointExtension>
        </extensions>
      </trkpt>
      <trkpt lat="30.27536787092685699462890625" lon="120.20678420551121234893798828125">
        <ele>8.80000019073486328125</ele>
        <time>2026-07-27T12:05:50.000Z</time>
        <extensions>
          <ns3:TrackPointExtension>
            <ns3:hr>150</ns3:hr>
            <ns3:cad>86</ns3:cad>
          </ns3:TrackPointExtension>
        </extensions>
      </trkpt>
      <trkpt lat="30.27538890950381755828857421875" lon="120.20678102038800716400146484375">
        <ele>8.80000019073486328125</ele>
        <time>2026-07-27T12:05:51.000Z</time>
        <extensions>
          <ns3:TrackPointExtension>
            <ns3:hr>151</ns3:hr>
            <ns3:cad>86</ns3:cad>
          </ns3:TrackPointExtension>
        </extensions>
      </trkpt>
      <trkpt lat="30.27541371993720531463623046875" lon="120.2067886479198932647705078125">
        <ele>8.80000019073486328125</ele>
        <time>2026-07-27T12:05:52.000Z</time>
        <extensions>
          <ns3:TrackPointExtension>
            <ns3:hr>151</ns3:hr>
            <ns3:cad>86</ns3:cad>
          </ns3:TrackPointExtension>
        </extensions>
      </trkpt>
      <trkpt lat="30.27543115429580211639404296875" lon="120.206785462796688079833984375">
        <ele>8.80000019073486328125</ele>
        <time>2026-07-27T12:05:53.000Z</time>
        <extensions>
          <ns3:TrackPointExtension>
            <ns3:hr>151</ns3:hr>
            <ns3:cad>86</ns3:cad>
          </ns3:TrackPointExtension>
        </extensions>
      </trkpt>
      <trkpt lat="30.27545898221433162689208984375" lon="120.20678554661571979522705078125">
        <ele>8.80000019073486328125</ele>
        <time>2026-07-27T12:05:54.000Z</time>
        <extensions>
          <ns3:TrackPointExtension>
            <ns3:hr>150</ns3:hr>
            <ns3:cad>86</ns3:cad>
          </ns3:TrackPointExtension>
        </extensions>
      </trkpt>
      <trkpt lat="30.275478847324848175048828125" lon="120.2067839540541172027587890625">
        <ele>8.80000019073486328125</ele>
        <time>2026-07-27T12:05:55.000Z</time>
        <extensions>
          <ns3:TrackPointExtension>
            <ns3:hr>151</ns3:hr>
            <ns3:cad>86</ns3:cad>
          </ns3:TrackPointExtension>
        </extensions>
      </trkpt>
      <trkpt lat="30.27550064027309417724609375" lon="120.20678068511188030242919921875">
        <ele>8.80000019073486328125</ele>
        <time>2026-07-27T12:05:56.000Z</time>
        <extensions>
          <ns3:TrackPointExtension>
            <ns3:hr>150</ns3:hr>
            <ns3:cad>86</ns3:cad>
          </ns3:TrackPointExtension>
        </extensions>
      </trkpt>
      <trkpt lat="30.275526456534862518310546875" lon="120.206787474453449249267578125">
        <ele>8.80000019073486328125</ele>
        <time>2026-07-27T12:05:57.000Z</time>
        <extensions>
          <ns3:TrackPointExtension>
            <ns3:hr>150</ns3:hr>
            <ns3:cad>85</ns3:cad>
          </ns3:TrackPointExtension>
        </extensions>
      </trkpt>
      <trkpt lat="30.2755420468747615814208984375" lon="120.20678102038800716400146484375">
        <ele>8.80000019073486328125</ele>
        <time>2026-07-27T12:05:58.000Z</time>
        <extensions>
          <ns3:TrackPointExtension>
            <ns3:hr>150</ns3:hr>
            <ns3:cad>85</ns3:cad>
          </ns3:TrackPointExtension>
        </extensions>
      </trkpt>
      <trkpt lat="30.27556694112718105316162109375" lon="120.20678688772022724151611328125">
        <ele>8.80000019073486328125</ele>
        <time>2026-07-27T12:05:59.000Z</time>
        <extensions>
          <ns3:TrackPointExtension>
            <ns3:hr>150</ns3:hr>
            <ns3:cad>85</ns3:cad>
          </ns3:TrackPointExtension>
        </extensions>
      </trkpt>
      <trkpt lat="30.27558370493352413177490234375" lon="120.20678152330219745635986328125">
        <ele>8.6000003814697265625</ele>
        <time>2026-07-27T12:06:00.000Z</time>
        <extensions>
          <ns3:TrackPointExtension>
            <ns3:hr>151</ns3:hr>
            <ns3:cad>85</ns3:cad>
          </ns3:TrackPointExtension>
        </extensions>
      </trkpt>
      <trkpt lat="30.2756084315478801727294921875" lon="120.2067806012928485870361328125">
        <ele>8.80000019073486328125</ele>
        <time>2026-07-27T12:06:01.000Z</time>
        <extensions>
          <ns3:TrackPointExtension>
            <ns3:hr>150</ns3:hr>
            <ns3:cad>86</ns3:cad>
          </ns3:TrackPointExtension>
        </extensions>
      </trkpt>
      <trkpt lat="30.27562829665839672088623046875" lon="120.20677615888416767120361328125">
        <ele>8.80000019073486328125</ele>
        <time>2026-07-27T12:06:02.000Z</time>
        <extensions>
          <ns3:TrackPointExtension>
            <ns3:hr>150</ns3:hr>
            <ns3:cad>86</ns3:cad>
          </ns3:TrackPointExtension>
        </extensions>
      </trkpt>
      <trkpt lat="30.27564891614019870758056640625" lon="120.20677180029451847076416015625">
        <ele>8.6000003814697265625</ele>
        <time>2026-07-27T12:06:03.000Z</time>
        <extensions>
          <ns3:TrackPointExtension>
            <ns3:hr>150</ns3:hr>
            <ns3:cad>86</ns3:cad>
          </ns3:TrackPointExtension>
        </extensions>
      </trkpt>
      <trkpt lat="30.2756721340119838714599609375" lon="120.2067671902477741241455078125">
        <ele>8.6000003814697265625</ele>
        <time>2026-07-27T12:06:04.000Z</time>
        <extensions>
          <ns3:TrackPointExtension>
            <ns3:hr>150</ns3:hr>
            <ns3:cad>86</ns3:cad>
          </ns3:TrackPointExtension>
        </extensions>
      </trkpt>
      <trkpt lat="30.27568646706640720367431640625" lon="120.20675654523074626922607421875">
        <ele>8.80000019073486328125</ele>
        <time>2026-07-27T12:06:05.000Z</time>
        <extensions>
          <ns3:TrackPointExtension>
            <ns3:hr>150</ns3:hr>
            <ns3:cad>86</ns3:cad>
          </ns3:TrackPointExtension>
        </extensions>
      </trkpt>
      <trkpt lat="30.275710187852382659912109375" lon="120.20674749277532100677490234375">
        <ele>8.80000019073486328125</ele>
        <time>2026-07-27T12:06:06.000Z</time>
        <extensions>
          <ns3:TrackPointExtension>
            <ns3:hr>149</ns3:hr>
            <ns3:cad>86</ns3:cad>
          </ns3:TrackPointExtension>
        </extensions>
      </trkpt>
      <trkpt lat="30.27572351507842540740966796875" lon="120.20673592574894428253173828125">
        <ele>8.80000019073486328125</ele>
        <time>2026-07-27T12:06:07.000Z</time>
        <extensions>
          <ns3:TrackPointExtension>
            <ns3:hr>150</ns3:hr>
            <ns3:cad>86</ns3:cad>
          </ns3:TrackPointExtension>
        </extensions>
      </trkpt>
      <trkpt lat="30.27574664913117885589599609375" lon="120.206719078123569488525390625">
        <ele>8.80000019073486328125</ele>
        <time>2026-07-27T12:06:08.000Z</time>
        <extensions>
          <ns3:TrackPointExtension>
            <ns3:hr>150</ns3:hr>
            <ns3:cad>86</ns3:cad>
          </ns3:TrackPointExtension>
        </extensions>
      </trkpt>
      <trkpt lat="30.27576391585171222686767578125" lon="120.20670843310654163360595703125">
        <ele>8.80000019073486328125</ele>
        <time>2026-07-27T12:06:09.000Z</time>
        <extensions>
          <ns3:TrackPointExtension>
            <ns3:hr>150</ns3:hr>
            <ns3:cad>86</ns3:cad>
          </ns3:TrackPointExtension>
        </extensions>
      </trkpt>
      <trkpt lat="30.27578587643802165985107421875" lon="120.2066897414624691009521484375">
        <ele>8.80000019073486328125</ele>
        <time>2026-07-27T12:06:10.000Z</time>
        <extensions>
          <ns3:TrackPointExtension>
            <ns3:hr>149</ns3:hr>
            <ns3:cad>86</ns3:cad>
          </ns3:TrackPointExtension>
        </extensions>
      </trkpt>
      <trkpt lat="30.27580264024436473846435546875" lon="120.2066723071038722991943359375">
        <ele>8.80000019073486328125</ele>
        <time>2026-07-27T12:06:11.000Z</time>
        <extensions>
          <ns3:TrackPointExtension>
            <ns3:hr>150</ns3:hr>
            <ns3:cad>86</ns3:cad>
          </ns3:TrackPointExtension>
        </extensions>
      </trkpt>
      <trkpt lat="30.27581638656556606292724609375" lon="120.2066485024988651275634765625">
        <ele>8.80000019073486328125</ele>
        <time>2026-07-27T12:06:12.000Z</time>
        <extensions>
          <ns3:TrackPointExtension>
            <ns3:hr>150</ns3:hr>
            <ns3:cad>86</ns3:cad>
          </ns3:TrackPointExtension>
        </extensions>
      </trkpt>
      <trkpt lat="30.27583055198192596435546875" lon="120.2066250331699848175048828125">
        <ele>8.80000019073486328125</ele>
        <time>2026-07-27T12:06:13.000Z</time>
        <extensions>
          <ns3:TrackPointExtension>
            <ns3:hr>150</ns3:hr>
            <ns3:cad>86</ns3:cad>
          </ns3:TrackPointExtension>
        </extensions>
      </trkpt>
      <trkpt lat="30.27583281509578227996826171875" lon="120.20660148002207279205322265625">
        <ele>8.80000019073486328125</ele>
        <time>2026-07-27T12:06:14.000Z</time>
        <extensions>
          <ns3:TrackPointExtension>
            <ns3:hr>150</ns3:hr>
            <ns3:cad>87</ns3:cad>
          </ns3:TrackPointExtension>
        </extensions>
      </trkpt>
      <trkpt lat="30.27584454976022243499755859375" lon="120.20657365210354328155517578125">
        <ele>8.80000019073486328125</ele>
        <time>2026-07-27T12:06:15.000Z</time>
        <extensions>
          <ns3:TrackPointExtension>
            <ns3:hr>150</ns3:hr>
            <ns3:cad>87</ns3:cad>
          </ns3:TrackPointExtension>
        </extensions>
      </trkpt>
      <trkpt lat="30.27584572322666645050048828125" lon="120.20655445754528045654296875">
        <ele>8.80000019073486328125</ele>
        <time>2026-07-27T12:06:16.000Z</time>
        <extensions>
          <ns3:TrackPointExtension>
            <ns3:hr>150</ns3:hr>
            <ns3:cad>87</ns3:cad>
          </ns3:TrackPointExtension>
        </extensions>
      </trkpt>
      <trkpt lat="30.275851003825664520263671875" lon="120.20652252249419689178466796875">
        <ele>8.80000019073486328125</ele>
        <time>2026-07-27T12:06:17.000Z</time>
        <extensions>
          <ns3:TrackPointExtension>
            <ns3:hr>150</ns3:hr>
            <ns3:cad>87</ns3:cad>
          </ns3:TrackPointExtension>
        </extensions>
      </trkpt>
      <trkpt lat="30.27585008181631565093994140625" lon="120.206505171954631805419921875">
        <ele>8.6000003814697265625</ele>
        <time>2026-07-27T12:06:18.000Z</time>
        <extensions>
          <ns3:TrackPointExtension>
            <ns3:hr>150</ns3:hr>
            <ns3:cad>87</ns3:cad>
          </ns3:TrackPointExtension>
        </extensions>
      </trkpt>
      <trkpt lat="30.2758498303592205047607421875" lon="120.20647742785513401031494140625">
        <ele>8.80000019073486328125</ele>
        <time>2026-07-27T12:06:19.000Z</time>
        <extensions>
          <ns3:TrackPointExtension>
            <ns3:hr>150</ns3:hr>
            <ns3:cad>87</ns3:cad>
          </ns3:TrackPointExtension>
        </extensions>
      </trkpt>
      <trkpt lat="30.27584438212215900421142578125" lon="120.20645714364945888519287109375">
        <ele>8.80000019073486328125</ele>
        <time>2026-07-27T12:06:20.000Z</time>
        <extensions>
          <ns3:TrackPointExtension>
            <ns3:hr>150</ns3:hr>
            <ns3:cad>87</ns3:cad>
          </ns3:TrackPointExtension>
        </extensions>
      </trkpt>
      <trkpt lat="30.27583566494286060333251953125" lon="120.206436105072498321533203125">
        <ele>8.80000019073486328125</ele>
        <time>2026-07-27T12:06:21.000Z</time>
        <extensions>
          <ns3:TrackPointExtension>
            <ns3:hr>151</ns3:hr>
            <ns3:cad>87</ns3:cad>
          </ns3:TrackPointExtension>
        </extensions>
      </trkpt>
      <trkpt lat="30.275831557810306549072265625" lon="120.2064091153442859649658203125">
        <ele>8.80000019073486328125</ele>
        <time>2026-07-27T12:06:22.000Z</time>
        <extensions>
          <ns3:TrackPointExtension>
            <ns3:hr>151</ns3:hr>
            <ns3:cad>87</ns3:cad>
          </ns3:TrackPointExtension>
        </extensions>
      </trkpt>
      <trkpt lat="30.27582007460296154022216796875" lon="120.2063901722431182861328125">
        <ele>8.80000019073486328125</ele>
        <time>2026-07-27T12:06:23.000Z</time>
        <extensions>
          <ns3:TrackPointExtension>
            <ns3:hr>151</ns3:hr>
            <ns3:cad>87</ns3:cad>
          </ns3:TrackPointExtension>
        </extensions>
      </trkpt>
      <trkpt lat="30.275809764862060546875" lon="120.2063638530671596527099609375">
        <ele>8.80000019073486328125</ele>
        <time>2026-07-27T12:06:24.000Z</time>
        <extensions>
          <ns3:TrackPointExtension>
            <ns3:hr>152</ns3:hr>
            <ns3:cad>87</ns3:cad>
          </ns3:TrackPointExtension>
        </extensions>
      </trkpt>
      <trkpt lat="30.27579744346439838409423828125" lon="120.2063491009175777435302734375">
        <ele>8.80000019073486328125</ele>
        <time>2026-07-27T12:06:25.000Z</time>
        <extensions>
          <ns3:TrackPointExtension>
            <ns3:hr>152</ns3:hr>
            <ns3:cad>86</ns3:cad>
          </ns3:TrackPointExtension>
        </extensions>
      </trkpt>
      <trkpt lat="30.27578285895287990570068359375" lon="120.206323452293872833251953125">
        <ele>8.80000019073486328125</ele>
        <time>2026-07-27T12:06:26.000Z</time>
        <extensions>
          <ns3:TrackPointExtension>
            <ns3:hr>152</ns3:hr>
            <ns3:cad>86</ns3:cad>
          </ns3:TrackPointExtension>
        </extensions>
      </trkpt>
      <trkpt lat="30.275770537555217742919921875" lon="120.20630090497434139251708984375">
        <ele>8.80000019073486328125</ele>
        <time>2026-07-27T12:06:27.000Z</time>
        <extensions>
          <ns3:TrackPointExtension>
            <ns3:hr>152</ns3:hr>
            <ns3:cad>87</ns3:cad>
          </ns3:TrackPointExtension>
        </extensions>
      </trkpt>
      <trkpt lat="30.2757494151592254638671875" lon="120.2062786929309368133544921875">
        <ele>8.6000003814697265625</ele>
        <time>2026-07-27T12:06:28.000Z</time>
        <extensions>
          <ns3:TrackPointExtension>
            <ns3:hr>153</ns3:hr>
            <ns3:cad>86</ns3:cad>
          </ns3:TrackPointExtension>
        </extensions>
      </trkpt>
      <trkpt lat="30.2757287956774234771728515625" lon="120.20625949837267398834228515625">
        <ele>8.80000019073486328125</ele>
        <time>2026-07-27T12:06:29.000Z</time>
        <extensions>
          <ns3:TrackPointExtension>
            <ns3:hr>153</ns3:hr>
            <ns3:cad>86</ns3:cad>
          </ns3:TrackPointExtension>
        </extensions>
      </trkpt>
      <trkpt lat="30.27570717036724090576171875" lon="120.20624558441340923309326171875">
        <ele>8.80000019073486328125</ele>
        <time>2026-07-27T12:06:30.000Z</time>
        <extensions>
          <ns3:TrackPointExtension>
            <ns3:hr>153</ns3:hr>
            <ns3:cad>86</ns3:cad>
          </ns3:TrackPointExtension>
        </extensions>
      </trkpt>
      <trkpt lat="30.2756823599338531494140625" lon="120.20623049698770046234130859375">
        <ele>8.80000019073486328125</ele>
        <time>2026-07-27T12:06:31.000Z</time>
        <extensions>
          <ns3:TrackPointExtension>
            <ns3:hr>152</ns3:hr>
            <ns3:cad>86</ns3:cad>
          </ns3:TrackPointExtension>
        </extensions>
      </trkpt>
      <trkpt lat="30.27566299773752689361572265625" lon="120.20622546784579753875732421875">
        <ele>8.80000019073486328125</ele>
        <time>2026-07-27T12:06:32.000Z</time>
        <extensions>
          <ns3:TrackPointExtension>
            <ns3:hr>153</ns3:hr>
            <ns3:cad>86</ns3:cad>
          </ns3:TrackPointExtension>
        </extensions>
      </trkpt>
      <trkpt lat="30.27563466690480709075927734375" lon="120.2062143199145793914794921875">
        <ele>8.80000019073486328125</ele>
        <time>2026-07-27T12:06:33.000Z</time>
        <extensions>
          <ns3:TrackPointExtension>
            <ns3:hr>153</ns3:hr>
            <ns3:cad>86</ns3:cad>
          </ns3:TrackPointExtension>
        </extensions>
      </trkpt>
      <trkpt lat="30.27561706490814685821533203125" lon="120.20621054805815219879150390625">
        <ele>8.80000019073486328125</ele>
        <time>2026-07-27T12:06:34.000Z</time>
        <extensions>
          <ns3:TrackPointExtension>
            <ns3:hr>153</ns3:hr>
            <ns3:cad>86</ns3:cad>
          </ns3:TrackPointExtension>
        </extensions>
      </trkpt>
      <trkpt lat="30.2755936793982982635498046875" lon="120.20620577037334442138671875">
        <ele>8.80000019073486328125</ele>
        <time>2026-07-27T12:06:35.000Z</time>
        <extensions>
          <ns3:TrackPointExtension>
            <ns3:hr>153</ns3:hr>
            <ns3:cad>86</ns3:cad>
          </ns3:TrackPointExtension>
        </extensions>
      </trkpt>
      <trkpt lat="30.27557314373552799224853515625" lon="120.20620535127818584442138671875">
        <ele>8.80000019073486328125</ele>
        <time>2026-07-27T12:06:36.000Z</time>
        <extensions>
          <ns3:TrackPointExtension>
            <ns3:hr>153</ns3:hr>
            <ns3:cad>86</ns3:cad>
          </ns3:TrackPointExtension>
        </extensions>
      </trkpt>
      <trkpt lat="30.27555570937693119049072265625" lon="120.20621155388653278350830078125">
        <ele>8.6000003814697265625</ele>
        <time>2026-07-27T12:06:37.000Z</time>
        <extensions>
          <ns3:TrackPointExtension>
            <ns3:hr>152</ns3:hr>
            <ns3:cad>86</ns3:cad>
          </ns3:TrackPointExtension>
        </extensions>
      </trkpt>
      <trkpt lat="30.27553224004805088043212890625" lon="120.2062131464481353759765625">
        <ele>8.6000003814697265625</ele>
        <time>2026-07-27T12:06:38.000Z</time>
        <extensions>
          <ns3:TrackPointExtension>
            <ns3:hr>152</ns3:hr>
            <ns3:cad>86</ns3:cad>
          </ns3:TrackPointExtension>
        </extensions>
      </trkpt>
      <trkpt lat="30.2755172364413738250732421875" lon="120.20622312091290950775146484375">
        <ele>8.6000003814697265625</ele>
        <time>2026-07-27T12:06:39.000Z</time>
        <extensions>
          <ns3:TrackPointExtension>
            <ns3:hr>152</ns3:hr>
            <ns3:cad>86</ns3:cad>
          </ns3:TrackPointExtension>
        </extensions>
      </trkpt>
      <trkpt lat="30.27549083344638347625732421875" lon="120.20623133517801761627197265625">
        <ele>8.6000003814697265625</ele>
        <time>2026-07-27T12:06:40.000Z</time>
        <extensions>
          <ns3:TrackPointExtension>
            <ns3:hr>152</ns3:hr>
            <ns3:cad>86</ns3:cad>
          </ns3:TrackPointExtension>
        </extensions>
      </trkpt>
      <trkpt lat="30.27547490783035755157470703125" lon="120.206236951053142547607421875">
        <ele>8.6000003814697265625</ele>
        <time>2026-07-27T12:06:41.000Z</time>
        <extensions>
          <ns3:TrackPointExtension>
            <ns3:hr>152</ns3:hr>
            <ns3:cad>86</ns3:cad>
          </ns3:TrackPointExtension>
        </extensions>
      </trkpt>
      <trkpt lat="30.2754498459398746490478515625" lon="120.20624139346182346343994140625">
        <ele>8.6000003814697265625</ele>
        <time>2026-07-27T12:06:42.000Z</time>
        <extensions>
          <ns3:TrackPointExtension>
            <ns3:hr>151</ns3:hr>
            <ns3:cad>86</ns3:cad>
          </ns3:TrackPointExtension>
        </extensions>
      </trkpt>
      <trkpt lat="30.27543081901967525482177734375" lon="120.20623887889087200164794921875">
        <ele>8.6000003814697265625</ele>
        <time>2026-07-27T12:06:43.000Z</time>
        <extensions>
          <ns3:TrackPointExtension>
            <ns3:hr>152</ns3:hr>
            <ns3:cad>86</ns3:cad>
          </ns3:TrackPointExtension>
        </extensions>
      </trkpt>
      <trkpt lat="30.2754092775285243988037109375" lon="120.206242315471172332763671875">
        <ele>8.6000003814697265625</ele>
        <time>2026-07-27T12:06:44.000Z</time>
        <extensions>
          <ns3:TrackPointExtension>
            <ns3:hr>152</ns3:hr>
            <ns3:cad>86</ns3:cad>
          </ns3:TrackPointExtension>
        </extensions>
      </trkpt>
      <trkpt lat="30.27538773603737354278564453125" lon="120.20624340511858463287353515625">
        <ele>8.6000003814697265625</ele>
        <time>2026-07-27T12:06:45.000Z</time>
        <extensions>
          <ns3:TrackPointExtension>
            <ns3:hr>151</ns3:hr>
            <ns3:cad>86</ns3:cad>
          </ns3:TrackPointExtension>
        </extensions>
      </trkpt>
      <trkpt lat="30.27537130750715732574462890625" lon="120.206253044307231903076171875">
        <ele>8.6000003814697265625</ele>
        <time>2026-07-27T12:06:46.000Z</time>
        <extensions>
          <ns3:TrackPointExtension>
            <ns3:hr>152</ns3:hr>
            <ns3:cad>86</ns3:cad>
          </ns3:TrackPointExtension>
        </extensions>
      </trkpt>
      <trkpt lat="30.27534750290215015411376953125" lon="120.20625430159270763397216796875">
        <ele>8.3999996185302734375</ele>
        <time>2026-07-27T12:06:47.000Z</time>
        <extensions>
          <ns3:TrackPointExtension>
            <ns3:hr>152</ns3:hr>
            <ns3:cad>86</ns3:cad>
          </ns3:TrackPointExtension>
        </extensions>
      </trkpt>
      <trkpt lat="30.2753335051238536834716796875" lon="120.2062609232962131500244140625">
        <ele>8.3999996185302734375</ele>
        <time>2026-07-27T12:06:48.000Z</time>
        <extensions>
          <ns3:TrackPointExtension>
            <ns3:hr>151</ns3:hr>
            <ns3:cad>86</ns3:cad>
          </ns3:TrackPointExtension>
        </extensions>
      </trkpt>
      <trkpt lat="30.2753080241382122039794921875" lon="120.206257738173007965087890625">
        <ele>8.3999996185302734375</ele>
        <time>2026-07-27T12:06:49.000Z</time>
        <extensions>
          <ns3:TrackPointExtension>
            <ns3:hr>152</ns3:hr>
            <ns3:cad>86</ns3:cad>
          </ns3:TrackPointExtension>
        </extensions>
      </trkpt>
      <trkpt lat="30.275290422141551971435546875" lon="120.2062629349529743194580078125">
        <ele>8.3999996185302734375</ele>
        <time>2026-07-27T12:06:50.000Z</time>
        <extensions>
          <ns3:TrackPointExtension>
            <ns3:hr>152</ns3:hr>
            <ns3:cad>86</ns3:cad>
          </ns3:TrackPointExtension>
        </extensions>
      </trkpt>
      <trkpt lat="30.2752641029655933380126953125" lon="120.206263102591037750244140625">
        <ele>8.3999996185302734375</ele>
        <time>2026-07-27T12:06:51.000Z</time>
        <extensions>
          <ns3:TrackPointExtension>
            <ns3:hr>151</ns3:hr>
            <ns3:cad>86</ns3:cad>
          </ns3:TrackPointExtension>
        </extensions>
      </trkpt>
      <trkpt lat="30.27524356730282306671142578125" lon="120.2062614262104034423828125">
        <ele>8.3999996185302734375</ele>
        <time>2026-07-27T12:06:52.000Z</time>
        <extensions>
          <ns3:TrackPointExtension>
            <ns3:hr>151</ns3:hr>
            <ns3:cad>87</ns3:cad>
          </ns3:TrackPointExtension>
        </extensions>
      </trkpt>
      <trkpt lat="30.2752237021923065185546875" lon="120.20626343786716461181640625">
        <ele>8.3999996185302734375</ele>
        <time>2026-07-27T12:06:53.000Z</time>
        <extensions>
          <ns3:TrackPointExtension>
            <ns3:hr>151</ns3:hr>
            <ns3:cad>87</ns3:cad>
          </ns3:TrackPointExtension>
        </extensions>
      </trkpt>
      <trkpt lat="30.27519847266376018524169921875" lon="120.20626000128686428070068359375">
        <ele>8.3999996185302734375</ele>
        <time>2026-07-27T12:06:54.000Z</time>
        <extensions>
          <ns3:TrackPointExtension>
            <ns3:hr>151</ns3:hr>
            <ns3:cad>87</ns3:cad>
          </ns3:TrackPointExtension>
        </extensions>
      </trkpt>
      <trkpt lat="30.27517986483871936798095703125" lon="120.20626402460038661956787109375">
        <ele>8.3999996185302734375</ele>
        <time>2026-07-27T12:06:55.000Z</time>
        <extensions>
          <ns3:TrackPointExtension>
            <ns3:hr>152</ns3:hr>
            <ns3:cad>87</ns3:cad>
          </ns3:TrackPointExtension>
        </extensions>
      </trkpt>
      <trkpt lat="30.2751527912914752960205078125" lon="120.2062676288187503814697265625">
        <ele>8.3999996185302734375</ele>
        <time>2026-07-27T12:06:56.000Z</time>
        <extensions>
          <ns3:TrackPointExtension>
            <ns3:hr>151</ns3:hr>
            <ns3:cad>87</ns3:cad>
          </ns3:TrackPointExtension>
        </extensions>
      </trkpt>
      <trkpt lat="30.275136530399322509765625" lon="120.20627492107450962066650390625">
        <ele>8.3999996185302734375</ele>
        <time>2026-07-27T12:06:57.000Z</time>
        <extensions>
          <ns3:TrackPointExtension>
            <ns3:hr>151</ns3:hr>
            <ns3:cad>86</ns3:cad>
          </ns3:TrackPointExtension>
        </extensions>
      </trkpt>
      <trkpt lat="30.2751078642904758453369140625" lon="120.2062793634831905364990234375">
        <ele>8.6000003814697265625</ele>
        <time>2026-07-27T12:06:58.000Z</time>
        <extensions>
          <ns3:TrackPointExtension>
            <ns3:hr>152</ns3:hr>
            <ns3:cad>86</ns3:cad>
          </ns3:TrackPointExtension>
        </extensions>
      </trkpt>
      <trkpt lat="30.27508632279932498931884765625" lon="120.20627827383577823638916015625">
        <ele>8.6000003814697265625</ele>
        <time>2026-07-27T12:06:59.000Z</time>
        <extensions>
          <ns3:TrackPointExtension>
            <ns3:hr>151</ns3:hr>
            <ns3:cad>86</ns3:cad>
          </ns3:TrackPointExtension>
        </extensions>
      </trkpt>
      <trkpt lat="30.27506670914590358734130859375" lon="120.206283219158649444580078125">
        <ele>8.6000003814697265625</ele>
        <time>2026-07-27T12:07:00.000Z</time>
        <extensions>
          <ns3:TrackPointExtension>
            <ns3:hr>151</ns3:hr>
            <ns3:cad>86</ns3:cad>
          </ns3:TrackPointExtension>
        </extensions>
      </trkpt>
      <trkpt lat="30.275042988359928131103515625" lon="120.20628330297768115997314453125">
        <ele>8.6000003814697265625</ele>
        <time>2026-07-27T12:07:01.000Z</time>
        <extensions>
          <ns3:TrackPointExtension>
            <ns3:hr>151</ns3:hr>
            <ns3:cad>86</ns3:cad>
          </ns3:TrackPointExtension>
        </extensions>
      </trkpt>
      <trkpt lat="30.27502446435391902923583984375" lon="120.20629285834729671478271484375">
        <ele>8.6000003814697265625</ele>
        <time>2026-07-27T12:07:02.000Z</time>
        <extensions>
          <ns3:TrackPointExtension>
            <ns3:hr>151</ns3:hr>
            <ns3:cad>85</ns3:cad>
          </ns3:TrackPointExtension>
        </extensions>
      </trkpt>
      <trkpt lat="30.27499965392053127288818359375" lon="120.2062951214611530303955078125">
        <ele>8.3999996185302734375</ele>
        <time>2026-07-27T12:07:03.000Z</time>
        <extensions>
          <ns3:TrackPointExtension>
            <ns3:hr>151</ns3:hr>
            <ns3:cad>85</ns3:cad>
          </ns3:TrackPointExtension>
        </extensions>
      </trkpt>
      <trkpt lat="30.274982638657093048095703125" lon="120.20629604347050189971923828125">
        <ele>8.3999996185302734375</ele>
        <time>2026-07-27T12:07:04.000Z</time>
        <extensions>
          <ns3:TrackPointExtension>
            <ns3:hr>151</ns3:hr>
            <ns3:cad>84</ns3:cad>
          </ns3:TrackPointExtension>
        </extensions>
      </trkpt>
      <trkpt lat="30.2749583311378955841064453125" lon="120.2062944509088993072509765625">
        <ele>8.3999996185302734375</ele>
        <time>2026-07-27T12:07:05.000Z</time>
        <extensions>
          <ns3:TrackPointExtension>
            <ns3:hr>151</ns3:hr>
            <ns3:cad>84</ns3:cad>
          </ns3:TrackPointExtension>
        </extensions>
      </trkpt>
      <trkpt lat="30.27493511326611042022705078125" lon="120.20629252307116985321044921875">
        <ele>8.19999980926513671875</ele>
        <time>2026-07-27T12:07:06.000Z</time>
        <extensions>
          <ns3:TrackPointExtension>
            <ns3:hr>150</ns3:hr>
            <ns3:cad>84</ns3:cad>
          </ns3:TrackPointExtension>
        </extensions>
      </trkpt>
      <trkpt lat="30.27491591870784759521484375" lon="120.20629704929888248443603515625">
        <ele>8.19999980926513671875</ele>
        <time>2026-07-27T12:07:07.000Z</time>
        <extensions>
          <ns3:TrackPointExtension>
            <ns3:hr>151</ns3:hr>
            <ns3:cad>84</ns3:cad>
          </ns3:TrackPointExtension>
        </extensions>
      </trkpt>
      <trkpt lat="30.2748895995318889617919921875" lon="120.206299982964992523193359375">
        <ele>8.19999980926513671875</ele>
        <time>2026-07-27T12:07:08.000Z</time>
        <extensions>
          <ns3:TrackPointExtension>
            <ns3:hr>151</ns3:hr>
            <ns3:cad>85</ns3:cad>
          </ns3:TrackPointExtension>
        </extensions>
      </trkpt>
      <trkpt lat="30.27487099170684814453125" lon="120.20630367100238800048828125">
        <ele>8</ele>
        <time>2026-07-27T12:07:09.000Z</time>
        <extensions>
          <ns3:TrackPointExtension>
            <ns3:hr>151</ns3:hr>
            <ns3:cad>85</ns3:cad>
          </ns3:TrackPointExtension>
        </extensions>
      </trkpt>
      <trkpt lat="30.27484525926411151885986328125" lon="120.20631171762943267822265625">
        <ele>8</ele>
        <time>2026-07-27T12:07:10.000Z</time>
        <extensions>
          <ns3:TrackPointExtension>
            <ns3:hr>151</ns3:hr>
            <ns3:cad>86</ns3:cad>
          </ns3:TrackPointExtension>
        </extensions>
      </trkpt>
      <trkpt lat="30.27482698671519756317138671875" lon="120.20631884224712848663330078125">
        <ele>8.19999980926513671875</ele>
        <time>2026-07-27T12:07:11.000Z</time>
        <extensions>
          <ns3:TrackPointExtension>
            <ns3:hr>151</ns3:hr>
            <ns3:cad>86</ns3:cad>
          </ns3:TrackPointExtension>
        </extensions>
      </trkpt>
      <trkpt lat="30.274808965623378753662109375" lon="120.20632940344512462615966796875">
        <ele>8.19999980926513671875</ele>
        <time>2026-07-27T12:07:12.000Z</time>
        <extensions>
          <ns3:TrackPointExtension>
            <ns3:hr>151</ns3:hr>
            <ns3:cad>86</ns3:cad>
          </ns3:TrackPointExtension>
        </extensions>
      </trkpt>
      <trkpt lat="30.274786166846752166748046875" lon="120.2063405513763427734375">
        <ele>8.19999980926513671875</ele>
        <time>2026-07-27T12:07:13.000Z</time>
        <extensions>
          <ns3:TrackPointExtension>
            <ns3:hr>151</ns3:hr>
            <ns3:cad>86</ns3:cad>
          </ns3:TrackPointExtension>
        </extensions>
      </trkpt>
      <trkpt lat="30.2747719176113605499267578125" lon="120.20635605789721012115478515625">
        <ele>8.19999980926513671875</ele>
        <time>2026-07-27T12:07:14.000Z</time>
        <extensions>
          <ns3:TrackPointExtension>
            <ns3:hr>151</ns3:hr>
            <ns3:cad>86</ns3:cad>
          </ns3:TrackPointExtension>
        </extensions>
      </trkpt>
      <trkpt lat="30.27475205250084400177001953125" lon="120.2063725702464580535888671875">
        <ele>8.19999980926513671875</ele>
        <time>2026-07-27T12:07:15.000Z</time>
        <extensions>
          <ns3:TrackPointExtension>
            <ns3:hr>151</ns3:hr>
            <ns3:cad>86</ns3:cad>
          </ns3:TrackPointExtension>
        </extensions>
      </trkpt>
      <trkpt lat="30.2747390605509281158447265625" lon="120.20638874731957912445068359375">
        <ele>8</ele>
        <time>2026-07-27T12:07:16.000Z</time>
        <extensions>
          <ns3:TrackPointExtension>
            <ns3:hr>151</ns3:hr>
            <ns3:cad>86</ns3:cad>
          </ns3:TrackPointExtension>
        </extensions>
      </trkpt>
      <trkpt lat="30.27472221292555332183837890625" lon="120.20641104318201541900634765625">
        <ele>8</ele>
        <time>2026-07-27T12:07:17.000Z</time>
        <extensions>
          <ns3:TrackPointExtension>
            <ns3:hr>151</ns3:hr>
            <ns3:cad>86</ns3:cad>
          </ns3:TrackPointExtension>
        </extensions>
      </trkpt>
      <trkpt lat="30.27470947243273258209228515625" lon="120.2064332552254199981689453125">
        <ele>8</ele>
        <time>2026-07-27T12:07:18.000Z</time>
        <extensions>
          <ns3:TrackPointExtension>
            <ns3:hr>151</ns3:hr>
            <ns3:cad>86</ns3:cad>
          </ns3:TrackPointExtension>
        </extensions>
      </trkpt>
      <trkpt lat="30.27469824068248271942138671875" lon="120.20646116696298122406005859375">
        <ele>8.19999980926513671875</ele>
        <time>2026-07-27T12:07:19.000Z</time>
        <extensions>
          <ns3:TrackPointExtension>
            <ns3:hr>151</ns3:hr>
            <ns3:cad>85</ns3:cad>
          </ns3:TrackPointExtension>
        </extensions>
      </trkpt>
      <trkpt lat="30.27468767948448657989501953125" lon="120.2064875699579715728759765625">
        <ele>8.19999980926513671875</ele>
        <time>2026-07-27T12:07:20.000Z</time>
        <extensions>
          <ns3:TrackPointExtension>
            <ns3:hr>151</ns3:hr>
            <ns3:cad>85</ns3:cad>
          </ns3:TrackPointExtension>
        </extensions>
      </trkpt>
      <trkpt lat="30.27468047104775905609130859375" lon="120.20651229657232761383056640625">
        <ele>8.19999980926513671875</ele>
        <time>2026-07-27T12:07:21.000Z</time>
        <extensions>
          <ns3:TrackPointExtension>
            <ns3:hr>151</ns3:hr>
            <ns3:cad>85</ns3:cad>
          </ns3:TrackPointExtension>
        </extensions>
      </trkpt>
      <trkpt lat="30.27467720210552215576171875" lon="120.20654297433793544769287109375">
        <ele>8.19999980926513671875</ele>
        <time>2026-07-27T12:07:22.000Z</time>
        <extensions>
          <ns3:TrackPointExtension>
            <ns3:hr>151</ns3:hr>
            <ns3:cad>85</ns3:cad>
          </ns3:TrackPointExtension>
        </extensions>
      </trkpt>
      <trkpt lat="30.274678878486156463623046875" lon="120.20656325854361057281494140625">
        <ele>8.19999980926513671875</ele>
        <time>2026-07-27T12:07:23.000Z</time>
        <extensions>
          <ns3:TrackPointExtension>
            <ns3:hr>151</ns3:hr>
            <ns3:cad>85</ns3:cad>
          </ns3:TrackPointExtension>
        </extensions>
      </trkpt>
      <trkpt lat="30.2746740169823169708251953125" lon="120.2065874822437763214111328125">
        <ele>8.3999996185302734375</ele>
        <time>2026-07-27T12:07:24.000Z</time>
        <extensions>
          <ns3:TrackPointExtension>
            <ns3:hr>152</ns3:hr>
            <ns3:cad>85</ns3:cad>
          </ns3:TrackPointExtension>
        </extensions>
      </trkpt>
      <trkpt lat="30.27467007748782634735107421875" lon="120.20660734735429286956787109375">
        <ele>8.3999996185302734375</ele>
        <time>2026-07-27T12:07:25.000Z</time>
        <extensions>
          <ns3:TrackPointExtension>
            <ns3:hr>151</ns3:hr>
            <ns3:cad>85</ns3:cad>
          </ns3:TrackPointExtension>
        </extensions>
      </trkpt>
      <trkpt lat="30.27467250823974609375" lon="120.2066347561776638031005859375">
        <ele>8.6000003814697265625</ele>
        <time>2026-07-27T12:07:26.000Z</time>
        <extensions>
          <ns3:TrackPointExtension>
            <ns3:hr>151</ns3:hr>
            <ns3:cad>85</ns3:cad>
          </ns3:TrackPointExtension>
        </extensions>
      </trkpt>
      <trkpt lat="30.27467711828649044036865234375" lon="120.2066595666110515594482421875">
        <ele>8.80000019073486328125</ele>
        <time>2026-07-27T12:07:27.000Z</time>
        <extensions>
          <ns3:TrackPointExtension>
            <ns3:hr>151</ns3:hr>
            <ns3:cad>85</ns3:cad>
          </ns3:TrackPointExtension>
        </extensions>
      </trkpt>
      <trkpt lat="30.27468633837997913360595703125" lon="120.20667943172156810760498046875">
        <ele>8.80000019073486328125</ele>
        <time>2026-07-27T12:07:28.000Z</time>
        <extensions>
          <ns3:TrackPointExtension>
            <ns3:hr>152</ns3:hr>
            <ns3:cad>85</ns3:cad>
          </ns3:TrackPointExtension>
        </extensions>
      </trkpt>
      <trkpt lat="30.27470008470118045806884765625" lon="120.20671136677265167236328125">
        <ele>8.6000003814697265625</ele>
        <time>2026-07-27T12:07:29.000Z</time>
        <extensions>
          <ns3:TrackPointExtension>
            <ns3:hr>151</ns3:hr>
            <ns3:cad>85</ns3:cad>
          </ns3:TrackPointExtension>
        </extensions>
      </trkpt>
      <trkpt lat="30.274710394442081451416015625" lon="120.20672871731221675872802734375">
        <ele>8.6000003814697265625</ele>
        <time>2026-07-27T12:07:30.000Z</time>
        <extensions>
          <ns3:TrackPointExtension>
            <ns3:hr>151</ns3:hr>
            <ns3:cad>84</ns3:cad>
          </ns3:TrackPointExtension>
        </extensions>
      </trkpt>
      <trkpt lat="30.2747243084013462066650390625" lon="120.2067517675459384918212890625">
        <ele>8.6000003814697265625</ele>
        <time>2026-07-27T12:07:31.000Z</time>
        <extensions>
          <ns3:TrackPointExtension>
            <ns3:hr>151</ns3:hr>
            <ns3:cad>84</ns3:cad>
          </ns3:TrackPointExtension>
        </extensions>
      </trkpt>
      <trkpt lat="30.2747382223606109619140625" lon="120.20677381195127964019775390625">
        <ele>8.3999996185302734375</ele>
        <time>2026-07-27T12:07:32.000Z</time>
        <extensions>
          <ns3:TrackPointExtension>
            <ns3:hr>152</ns3:hr>
            <ns3:cad>84</ns3:cad>
          </ns3:TrackPointExtension>
        </extensions>
      </trkpt>
      <trkpt lat="30.27475775219500064849853515625" lon="120.2067889831960201263427734375">
        <ele>8.3999996185302734375</ele>
        <time>2026-07-27T12:07:33.000Z</time>
        <extensions>
          <ns3:TrackPointExtension>
            <ns3:hr>151</ns3:hr>
            <ns3:cad>84</ns3:cad>
          </ns3:TrackPointExtension>
        </extensions>
      </trkpt>
      <trkpt lat="30.2747782878577709197998046875" lon="120.20681119523942470550537109375">
        <ele>8.3999996185302734375</ele>
        <time>2026-07-27T12:07:34.000Z</time>
        <extensions>
          <ns3:TrackPointExtension>
            <ns3:hr>151</ns3:hr>
            <ns3:cad>84</ns3:cad>
          </ns3:TrackPointExtension>
        </extensions>
      </trkpt>
      <trkpt lat="30.27480100281536579132080078125" lon="120.20682209171354770660400390625">
        <ele>8.6000003814697265625</ele>
        <time>2026-07-27T12:07:35.000Z</time>
        <extensions>
          <ns3:TrackPointExtension>
            <ns3:hr>151</ns3:hr>
            <ns3:cad>85</ns3:cad>
          </ns3:TrackPointExtension>
        </extensions>
      </trkpt>
      <trkpt lat="30.27482614852488040924072265625" lon="120.20684103481471538543701171875">
        <ele>8.6000003814697265625</ele>
        <time>2026-07-27T12:07:36.000Z</time>
        <extensions>
          <ns3:TrackPointExtension>
            <ns3:hr>152</ns3:hr>
            <ns3:cad>85</ns3:cad>
          </ns3:TrackPointExtension>
        </extensions>
      </trkpt>
      <trkpt lat="30.2748455107212066650390625" lon="120.20684019662439823150634765625">
        <ele>8.6000003814697265625</ele>
        <time>2026-07-27T12:07:37.000Z</time>
        <extensions>
          <ns3:TrackPointExtension>
            <ns3:hr>151</ns3:hr>
            <ns3:cad>86</ns3:cad>
          </ns3:TrackPointExtension>
        </extensions>
      </trkpt>
      <trkpt lat="30.27487325482070446014404296875" lon="120.20684522576630115509033203125">
        <ele>8.6000003814697265625</ele>
        <time>2026-07-27T12:07:38.000Z</time>
        <extensions>
          <ns3:TrackPointExtension>
            <ns3:hr>151</ns3:hr>
            <ns3:cad>86</ns3:cad>
          </ns3:TrackPointExtension>
        </extensions>
      </trkpt>
      <trkpt lat="30.2748964726924896240234375" lon="120.20684857852756977081298828125">
        <ele>8.6000003814697265625</ele>
        <time>2026-07-27T12:07:39.000Z</time>
        <extensions>
          <ns3:TrackPointExtension>
            <ns3:hr>152</ns3:hr>
            <ns3:cad>86</ns3:cad>
          </ns3:TrackPointExtension>
        </extensions>
      </trkpt>
      <trkpt lat="30.27492438443005084991455078125" lon="120.20684815943241119384765625">
        <ele>8.6000003814697265625</ele>
        <time>2026-07-27T12:07:40.000Z</time>
        <extensions>
          <ns3:TrackPointExtension>
            <ns3:hr>151</ns3:hr>
            <ns3:cad>86</ns3:cad>
          </ns3:TrackPointExtension>
        </extensions>
      </trkpt>
      <trkpt lat="30.2749516256153583526611328125" lon="120.20684673450887203216552734375">
        <ele>8.6000003814697265625</ele>
        <time>2026-07-27T12:07:41.000Z</time>
        <extensions>
          <ns3:TrackPointExtension>
            <ns3:hr>151</ns3:hr>
            <ns3:cad>87</ns3:cad>
          </ns3:TrackPointExtension>
        </extensions>
      </trkpt>
      <trkpt lat="30.27497316710650920867919921875" lon="120.20684421993792057037353515625">
        <ele>8.6000003814697265625</ele>
        <time>2026-07-27T12:07:42.000Z</time>
        <extensions>
          <ns3:TrackPointExtension>
            <ns3:hr>151</ns3:hr>
            <ns3:cad>87</ns3:cad>
          </ns3:TrackPointExtension>
        </extensions>
      </trkpt>
      <trkpt lat="30.27499680407345294952392578125" lon="120.20684069953858852386474609375">
        <ele>8.6000003814697265625</ele>
        <time>2026-07-27T12:07:43.000Z</time>
        <extensions>
          <ns3:TrackPointExtension>
            <ns3:hr>152</ns3:hr>
            <ns3:cad>87</ns3:cad>
          </ns3:TrackPointExtension>
        </extensions>
      </trkpt>
      <trkpt lat="30.2750129811465740203857421875" lon="120.20683298818767070770263671875">
        <ele>8.6000003814697265625</ele>
        <time>2026-07-27T12:07:44.000Z</time>
        <extensions>
          <ns3:TrackPointExtension>
            <ns3:hr>151</ns3:hr>
            <ns3:cad>87</ns3:cad>
          </ns3:TrackPointExtension>
        </extensions>
      </trkpt>
      <trkpt lat="30.2750387974083423614501953125" lon="120.2068329043686389923095703125">
        <ele>8.6000003814697265625</ele>
        <time>2026-07-27T12:07:45.000Z</time>
        <extensions>
          <ns3:TrackPointExtension>
            <ns3:hr>151</ns3:hr>
            <ns3:cad>87</ns3:cad>
          </ns3:TrackPointExtension>
        </extensions>
      </trkpt>
      <trkpt lat="30.2750528790056705474853515625" lon="120.2068220078945159912109375">
        <ele>8.3999996185302734375</ele>
        <time>2026-07-27T12:07:46.000Z</time>
        <extensions>
          <ns3:TrackPointExtension>
            <ns3:hr>151</ns3:hr>
            <ns3:cad>87</ns3:cad>
          </ns3:TrackPointExtension>
        </extensions>
      </trkpt>
      <trkpt lat="30.27507844381034374237060546875" lon="120.20681689493358135223388671875">
        <ele>8.6000003814697265625</ele>
        <time>2026-07-27T12:07:47.000Z</time>
        <extensions>
          <ns3:TrackPointExtension>
            <ns3:hr>152</ns3:hr>
            <ns3:cad>86</ns3:cad>
          </ns3:TrackPointExtension>
        </extensions>
      </trkpt>
      <trkpt lat="30.2751014940440654754638671875" lon="120.20681220106780529022216796875">
        <ele>8.6000003814697265625</ele>
        <time>2026-07-27T12:07:48.000Z</time>
        <extensions>
          <ns3:TrackPointExtension>
            <ns3:hr>151</ns3:hr>
            <ns3:cad>86</ns3:cad>
          </ns3:TrackPointExtension>
        </extensions>
      </trkpt>
      <trkpt lat="30.27512454427778720855712890625" lon="120.206808932125568389892578125">
        <ele>8.3999996185302734375</ele>
        <time>2026-07-27T12:07:49.000Z</time>
        <extensions>
          <ns3:TrackPointExtension>
            <ns3:hr>151</ns3:hr>
            <ns3:cad>86</ns3:cad>
          </ns3:TrackPointExtension>
        </extensions>
      </trkpt>
      <trkpt lat="30.27514918707311153411865234375" lon="120.20681505091488361358642578125">
        <ele>8.6000003814697265625</ele>
        <time>2026-07-27T12:07:50.000Z</time>
        <extensions>
          <ns3:TrackPointExtension>
            <ns3:hr>151</ns3:hr>
            <ns3:cad>86</ns3:cad>
          </ns3:TrackPointExtension>
        </extensions>
      </trkpt>
      <trkpt lat="30.27516804635524749755859375" lon="120.206813625991344451904296875">
        <ele>8.6000003814697265625</ele>
        <time>2026-07-27T12:07:51.000Z</time>
        <extensions>
          <ns3:TrackPointExtension>
            <ns3:hr>150</ns3:hr>
            <ns3:cad>86</ns3:cad>
          </ns3:TrackPointExtension>
        </extensions>
      </trkpt>
      <trkpt lat="30.2751933597028255462646484375" lon="120.2068154700100421905517578125">
        <ele>8.6000003814697265625</ele>
        <time>2026-07-27T12:07:52.000Z</time>
        <extensions>
          <ns3:TrackPointExtension>
            <ns3:hr>150</ns3:hr>
            <ns3:cad>86</ns3:cad>
          </ns3:TrackPointExtension>
        </extensions>
      </trkpt>
      <trkpt lat="30.2752094529569149017333984375" lon="120.2068054117262363433837890625">
        <ele>8.6000003814697265625</ele>
        <time>2026-07-27T12:07:53.000Z</time>
        <extensions>
          <ns3:TrackPointExtension>
            <ns3:hr>150</ns3:hr>
            <ns3:cad>86</ns3:cad>
          </ns3:TrackPointExtension>
        </extensions>
      </trkpt>
      <trkpt lat="30.27523376047611236572265625" lon="120.20679929293692111968994140625">
        <ele>8.6000003814697265625</ele>
        <time>2026-07-27T12:07:54.000Z</time>
        <extensions>
          <ns3:TrackPointExtension>
            <ns3:hr>150</ns3:hr>
            <ns3:cad>86</ns3:cad>
          </ns3:TrackPointExtension>
        </extensions>
      </trkpt>
      <trkpt lat="30.27525513432919979095458984375" lon="120.206795521080493927001953125">
        <ele>8.6000003814697265625</ele>
        <time>2026-07-27T12:07:55.000Z</time>
        <extensions>
          <ns3:TrackPointExtension>
            <ns3:hr>150</ns3:hr>
            <ns3:cad>86</ns3:cad>
          </ns3:TrackPointExtension>
        </extensions>
      </trkpt>
      <trkpt lat="30.27527793310582637786865234375" lon="120.20678940229117870330810546875">
        <ele>8.6000003814697265625</ele>
        <time>2026-07-27T12:07:56.000Z</time>
        <extensions>
          <ns3:TrackPointExtension>
            <ns3:hr>150</ns3:hr>
            <ns3:cad>86</ns3:cad>
          </ns3:TrackPointExtension>
        </extensions>
      </trkpt>
      <trkpt lat="30.275300480425357818603515625" lon="120.20680063404142856597900390625">
        <ele>8.6000003814697265625</ele>
        <time>2026-07-27T12:07:57.000Z</time>
        <extensions>
          <ns3:TrackPointExtension>
            <ns3:hr>149</ns3:hr>
            <ns3:cad>86</ns3:cad>
          </ns3:TrackPointExtension>
        </extensions>
      </trkpt>
      <trkpt lat="30.27531380765140056610107421875" lon="120.20679761655628681182861328125">
        <ele>8.6000003814697265625</ele>
        <time>2026-07-27T12:07:58.000Z</time>
        <extensions>
          <ns3:TrackPointExtension>
            <ns3:hr>149</ns3:hr>
            <ns3:cad>86</ns3:cad>
          </ns3:TrackPointExtension>
        </extensions>
      </trkpt>
      <trkpt lat="30.2753363549709320068359375" lon="120.20679585635662078857421875">
        <ele>8.6000003814697265625</ele>
        <time>2026-07-27T12:07:59.000Z</time>
        <extensions>
          <ns3:TrackPointExtension>
            <ns3:hr>149</ns3:hr>
            <ns3:cad>85</ns3:cad>
          </ns3:TrackPointExtension>
        </extensions>
      </trkpt>
      <trkpt lat="30.27535554952919483184814453125" lon="120.20679141394793987274169921875">
        <ele>8.6000003814697265625</ele>
        <time>2026-07-27T12:08:00.000Z</time>
        <extensions>
          <ns3:TrackPointExtension>
            <ns3:hr>149</ns3:hr>
            <ns3:cad>85</ns3:cad>
          </ns3:TrackPointExtension>
        </extensions>
      </trkpt>
      <trkpt lat="30.2753712236881256103515625" lon="120.20678512752056121826171875">
        <ele>8.6000003814697265625</ele>
        <time>2026-07-27T12:08:01.000Z</time>
        <extensions>
          <ns3:TrackPointExtension>
            <ns3:hr>148</ns3:hr>
            <ns3:cad>85</ns3:cad>
          </ns3:TrackPointExtension>
        </extensions>
      </trkpt>
      <trkpt lat="30.27539377100765705108642578125" lon="120.2067911624908447265625">
        <ele>8.3999996185302734375</ele>
        <time>2026-07-27T12:08:02.000Z</time>
        <extensions>
          <ns3:TrackPointExtension>
            <ns3:hr>148</ns3:hr>
            <ns3:cad>84</ns3:cad>
          </ns3:TrackPointExtension>
        </extensions>
      </trkpt>
      <trkpt lat="30.2754076011478900909423828125" lon="120.2067926712334156036376953125">
        <ele>8.3999996185302734375</ele>
        <time>2026-07-27T12:08:03.000Z</time>
        <extensions>
          <ns3:TrackPointExtension>
            <ns3:hr>148</ns3:hr>
            <ns3:cad>82</ns3:cad>
          </ns3:TrackPointExtension>
        </extensions>
      </trkpt>
      <trkpt lat="30.27543299831449985504150390625" lon="120.2067963592708110809326171875">
        <ele>8.3999996185302734375</ele>
        <time>2026-07-27T12:08:04.000Z</time>
        <extensions>
          <ns3:TrackPointExtension>
            <ns3:hr>148</ns3:hr>
            <ns3:cad>82</ns3:cad>
          </ns3:TrackPointExtension>
        </extensions>
      </trkpt>
      <trkpt lat="30.27545277960598468780517578125" lon="120.20678906701505184173583984375">
        <ele>8.3999996185302734375</ele>
        <time>2026-07-27T12:08:05.000Z</time>
        <extensions>
          <ns3:TrackPointExtension>
            <ns3:hr>148</ns3:hr>
            <ns3:cad>85</ns3:cad>
          </ns3:TrackPointExtension>
        </extensions>
      </trkpt>
      <trkpt lat="30.27547909878194332122802734375" lon="120.20678705535829067230224609375">
        <ele>8.3999996185302734375</ele>
        <time>2026-07-27T12:08:06.000Z</time>
        <extensions>
          <ns3:TrackPointExtension>
            <ns3:hr>148</ns3:hr>
            <ns3:cad>86</ns3:cad>
          </ns3:TrackPointExtension>
        </extensions>
      </trkpt>
      <trkpt lat="30.27550407685339450836181640625" lon="120.20678588189184665679931640625">
        <ele>8.3999996185302734375</ele>
        <time>2026-07-27T12:08:07.000Z</time>
        <extensions>
          <ns3:TrackPointExtension>
            <ns3:hr>148</ns3:hr>
            <ns3:cad>86</ns3:cad>
          </ns3:TrackPointExtension>
        </extensions>
      </trkpt>
      <trkpt lat="30.2755256183445453643798828125" lon="120.206782110035419464111328125">
        <ele>8.3999996185302734375</ele>
        <time>2026-07-27T12:08:08.000Z</time>
        <extensions>
          <ns3:TrackPointExtension>
            <ns3:hr>148</ns3:hr>
            <ns3:cad>86</ns3:cad>
          </ns3:TrackPointExtension>
        </extensions>
      </trkpt>
      <trkpt lat="30.2755497582256793975830078125" lon="120.206784121692180633544921875">
        <ele>8.3999996185302734375</ele>
        <time>2026-07-27T12:08:09.000Z</time>
        <extensions>
          <ns3:TrackPointExtension>
            <ns3:hr>148</ns3:hr>
            <ns3:cad>86</ns3:cad>
          </ns3:TrackPointExtension>
        </extensions>
      </trkpt>
      <trkpt lat="30.27556501328945159912109375" lon="120.20677934400737285614013671875">
        <ele>8.3999996185302734375</ele>
        <time>2026-07-27T12:08:10.000Z</time>
        <extensions>
          <ns3:TrackPointExtension>
            <ns3:hr>148</ns3:hr>
            <ns3:cad>87</ns3:cad>
          </ns3:TrackPointExtension>
        </extensions>
      </trkpt>
      <trkpt lat="30.27559057809412479400634765625" lon="120.20678688772022724151611328125">
        <ele>8.6000003814697265625</ele>
        <time>2026-07-27T12:08:11.000Z</time>
        <extensions>
          <ns3:TrackPointExtension>
            <ns3:hr>147</ns3:hr>
            <ns3:cad>87</ns3:cad>
          </ns3:TrackPointExtension>
        </extensions>
      </trkpt>
      <trkpt lat="30.27560784481465816497802734375" lon="120.206780098378658294677734375">
        <ele>8.6000003814697265625</ele>
        <time>2026-07-27T12:08:12.000Z</time>
        <extensions>
          <ns3:TrackPointExtension>
            <ns3:hr>147</ns3:hr>
            <ns3:cad>87</ns3:cad>
          </ns3:TrackPointExtension>
        </extensions>
      </trkpt>
      <trkpt lat="30.27563148178160190582275390625" lon="120.20677867345511913299560546875">
        <ele>8.6000003814697265625</ele>
        <time>2026-07-27T12:08:13.000Z</time>
        <extensions>
          <ns3:TrackPointExtension>
            <ns3:hr>147</ns3:hr>
            <ns3:cad>86</ns3:cad>
          </ns3:TrackPointExtension>
        </extensions>
      </trkpt>
      <trkpt lat="30.275654532015323638916015625" lon="120.20677381195127964019775390625">
        <ele>8.6000003814697265625</ele>
        <time>2026-07-27T12:08:14.000Z</time>
        <extensions>
          <ns3:TrackPointExtension>
            <ns3:hr>147</ns3:hr>
            <ns3:cad>85</ns3:cad>
          </ns3:TrackPointExtension>
        </extensions>
      </trkpt>
      <trkpt lat="30.27567657642066478729248046875" lon="120.20676434040069580078125">
        <ele>8.3999996185302734375</ele>
        <time>2026-07-27T12:08:15.000Z</time>
        <extensions>
          <ns3:TrackPointExtension>
            <ns3:hr>147</ns3:hr>
            <ns3:cad>85</ns3:cad>
          </ns3:TrackPointExtension>
        </extensions>
      </trkpt>
      <trkpt lat="30.2757026441395282745361328125" lon="120.2067584730684757232666015625">
        <ele>8.3999996185302734375</ele>
        <time>2026-07-27T12:08:16.000Z</time>
        <extensions>
          <ns3:TrackPointExtension>
            <ns3:hr>147</ns3:hr>
            <ns3:cad>85</ns3:cad>
          </ns3:TrackPointExtension>
        </extensions>
      </trkpt>
      <trkpt lat="30.27571697719395160675048828125" lon="120.2067442238330841064453125">
        <ele>8.6000003814697265625</ele>
        <time>2026-07-27T12:08:17.000Z</time>
        <extensions>
          <ns3:TrackPointExtension>
            <ns3:hr>147</ns3:hr>
            <ns3:cad>86</ns3:cad>
          </ns3:TrackPointExtension>
        </extensions>
      </trkpt>
      <trkpt lat="30.27573860250413417816162109375" lon="120.2067293040454387664794921875">
        <ele>8.6000003814697265625</ele>
        <time>2026-07-27T12:08:18.000Z</time>
        <extensions>
          <ns3:TrackPointExtension>
            <ns3:hr>147</ns3:hr>
            <ns3:cad>86</ns3:cad>
          </ns3:TrackPointExtension>
        </extensions>
      </trkpt>
      <trkpt lat="30.2757505886256694793701171875" lon="120.2067128755152225494384765625">
        <ele>8.3999996185302734375</ele>
        <time>2026-07-27T12:08:19.000Z</time>
        <extensions>
          <ns3:TrackPointExtension>
            <ns3:hr>147</ns3:hr>
            <ns3:cad>86</ns3:cad>
          </ns3:TrackPointExtension>
        </extensions>
      </trkpt>
      <trkpt lat="30.27577078901231288909912109375" lon="120.20669401623308658599853515625">
        <ele>8.3999996185302734375</ele>
        <time>2026-07-27T12:08:20.000Z</time>
        <extensions>
          <ns3:TrackPointExtension>
            <ns3:hr>147</ns3:hr>
            <ns3:cad>86</ns3:cad>
          </ns3:TrackPointExtension>
        </extensions>
      </trkpt>
      <trkpt lat="30.275786630809307098388671875" lon="120.2066796831786632537841796875">
        <ele>8.3999996185302734375</ele>
        <time>2026-07-27T12:08:21.000Z</time>
        <extensions>
          <ns3:TrackPointExtension>
            <ns3:hr>147</ns3:hr>
            <ns3:cad>86</ns3:cad>
          </ns3:TrackPointExtension>
        </extensions>
      </trkpt>
      <trkpt lat="30.2758025564253330230712890625" lon="120.20665646530687808990478515625">
        <ele>8.3999996185302734375</ele>
        <time>2026-07-27T12:08:22.000Z</time>
        <extensions>
          <ns3:TrackPointExtension>
            <ns3:hr>147</ns3:hr>
            <ns3:cad>86</ns3:cad>
          </ns3:TrackPointExtension>
        </extensions>
      </trkpt>
      <trkpt lat="30.27581621892750263214111328125" lon="120.2066391147673130035400390625">
        <ele>8.3999996185302734375</ele>
        <time>2026-07-27T12:08:23.000Z</time>
        <extensions>
          <ns3:TrackPointExtension>
            <ns3:hr>148</ns3:hr>
            <ns3:cad>86</ns3:cad>
          </ns3:TrackPointExtension>
        </extensions>
      </trkpt>
      <trkpt lat="30.2758216671645641326904296875" lon="120.2066181600093841552734375">
        <ele>8.3999996185302734375</ele>
        <time>2026-07-27T12:08:24.000Z</time>
        <extensions>
          <ns3:TrackPointExtension>
            <ns3:hr>148</ns3:hr>
            <ns3:cad>86</ns3:cad>
          </ns3:TrackPointExtension>
        </extensions>
      </trkpt>
      <trkpt lat="30.2758347429335117340087890625" lon="120.20659393630921840667724609375">
        <ele>8.3999996185302734375</ele>
        <time>2026-07-27T12:08:25.000Z</time>
        <extensions>
          <ns3:TrackPointExtension>
            <ns3:hr>148</ns3:hr>
            <ns3:cad>86</ns3:cad>
          </ns3:TrackPointExtension>
        </extensions>
      </trkpt>
      <trkpt lat="30.275835581123828887939453125" lon="120.2065779268741607666015625">
        <ele>8.3999996185302734375</ele>
        <time>2026-07-27T12:08:26.000Z</time>
        <extensions>
          <ns3:TrackPointExtension>
            <ns3:hr>148</ns3:hr>
            <ns3:cad>86</ns3:cad>
          </ns3:TrackPointExtension>
        </extensions>
      </trkpt>
      <trkpt lat="30.2758459746837615966796875" lon="120.20655135624110698699951171875">
        <ele>8.3999996185302734375</ele>
        <time>2026-07-27T12:08:27.000Z</time>
        <extensions>
          <ns3:TrackPointExtension>
            <ns3:hr>149</ns3:hr>
            <ns3:cad>86</ns3:cad>
          </ns3:TrackPointExtension>
        </extensions>
      </trkpt>
      <trkpt lat="30.27584723196923732757568359375" lon="120.20653760991990566253662109375">
        <ele>8.19999980926513671875</ele>
        <time>2026-07-27T12:08:28.000Z</time>
        <extensions>
          <ns3:TrackPointExtension>
            <ns3:hr>149</ns3:hr>
            <ns3:cad>86</ns3:cad>
          </ns3:TrackPointExtension>
        </extensions>
      </trkpt>
      <trkpt lat="30.275851003825664520263671875" lon="120.206513889133930206298828125">
        <ele>8.3999996185302734375</ele>
        <time>2026-07-27T12:08:29.000Z</time>
        <extensions>
          <ns3:TrackPointExtension>
            <ns3:hr>149</ns3:hr>
            <ns3:cad>86</ns3:cad>
          </ns3:TrackPointExtension>
        </extensions>
      </trkpt>
      <trkpt lat="30.27585192583501338958740234375" lon="120.2064936049282550811767578125">
        <ele>8.3999996185302734375</ele>
        <time>2026-07-27T12:08:30.000Z</time>
        <extensions>
          <ns3:TrackPointExtension>
            <ns3:hr>149</ns3:hr>
            <ns3:cad>86</ns3:cad>
          </ns3:TrackPointExtension>
        </extensions>
      </trkpt>
      <trkpt lat="30.2758484892547130584716796875" lon="120.20647541619837284088134765625">
        <ele>8.19999980926513671875</ele>
        <time>2026-07-27T12:08:31.000Z</time>
        <extensions>
          <ns3:TrackPointExtension>
            <ns3:hr>149</ns3:hr>
            <ns3:cad>87</ns3:cad>
          </ns3:TrackPointExtension>
        </extensions>
      </trkpt>
      <trkpt lat="30.27584857307374477386474609375" lon="120.20645161159336566925048828125">
        <ele>8.19999980926513671875</ele>
        <time>2026-07-27T12:08:32.000Z</time>
        <extensions>
          <ns3:TrackPointExtension>
            <ns3:hr>149</ns3:hr>
            <ns3:cad>86</ns3:cad>
          </ns3:TrackPointExtension>
        </extensions>
      </trkpt>
      <trkpt lat="30.2758424542844295501708984375" lon="120.20643635652959346771240234375">
        <ele>8.19999980926513671875</ele>
        <time>2026-07-27T12:08:33.000Z</time>
        <extensions>
          <ns3:TrackPointExtension>
            <ns3:hr>149</ns3:hr>
            <ns3:cad>85</ns3:cad>
          </ns3:TrackPointExtension>
        </extensions>
      </trkpt>
      <trkpt lat="30.27583667077124118804931640625" lon="120.206409282982349395751953125">
        <ele>8.19999980926513671875</ele>
        <time>2026-07-27T12:08:34.000Z</time>
        <extensions>
          <ns3:TrackPointExtension>
            <ns3:hr>150</ns3:hr>
            <ns3:cad>85</ns3:cad>
          </ns3:TrackPointExtension>
        </extensions>
      </trkpt>
      <trkpt lat="30.2758283726871013641357421875" lon="120.206393860280513763427734375">
        <ele>8.19999980926513671875</ele>
        <time>2026-07-27T12:08:35.000Z</time>
        <extensions>
          <ns3:TrackPointExtension>
            <ns3:hr>149</ns3:hr>
            <ns3:cad>85</ns3:cad>
          </ns3:TrackPointExtension>
        </extensions>
      </trkpt>
      <trkpt lat="30.27581789530813694000244140625" lon="120.20636745728552341461181640625">
        <ele>8.19999980926513671875</ele>
        <time>2026-07-27T12:08:36.000Z</time>
        <extensions>
          <ns3:TrackPointExtension>
            <ns3:hr>149</ns3:hr>
            <ns3:cad>85</ns3:cad>
          </ns3:TrackPointExtension>
        </extensions>
      </trkpt>
      <trkpt lat="30.27581085450947284698486328125" lon="120.20635060966014862060546875">
        <ele>8.19999980926513671875</ele>
        <time>2026-07-27T12:08:37.000Z</time>
        <extensions>
          <ns3:TrackPointExtension>
            <ns3:hr>150</ns3:hr>
            <ns3:cad>86</ns3:cad>
          </ns3:TrackPointExtension>
        </extensions>
      </trkpt>
      <trkpt lat="30.27579702436923980712890625" lon="120.20633158273994922637939453125">
        <ele>8.19999980926513671875</ele>
        <time>2026-07-27T12:08:38.000Z</time>
        <extensions>
          <ns3:TrackPointExtension>
            <ns3:hr>149</ns3:hr>
            <ns3:cad>86</ns3:cad>
          </ns3:TrackPointExtension>
        </extensions>
      </trkpt>
      <trkpt lat="30.2757842838764190673828125" lon="120.2063092030584812164306640625">
        <ele>8.19999980926513671875</ele>
        <time>2026-07-27T12:08:39.000Z</time>
        <extensions>
          <ns3:TrackPointExtension>
            <ns3:hr>150</ns3:hr>
            <ns3:cad>86</ns3:cad>
          </ns3:TrackPointExtension>
        </extensions>
      </trkpt>
      <trkpt lat="30.275767855346202850341796875" lon="120.20629554055631160736083984375">
        <ele>8.19999980926513671875</ele>
        <time>2026-07-27T12:08:40.000Z</time>
        <extensions>
          <ns3:TrackPointExtension>
            <ns3:hr>150</ns3:hr>
            <ns3:cad>86</ns3:cad>
          </ns3:TrackPointExtension>
        </extensions>
      </trkpt>
      <trkpt lat="30.275745391845703125" lon="120.206272490322589874267578125">
        <ele>8.19999980926513671875</ele>
        <time>2026-07-27T12:08:41.000Z</time>
        <extensions>
          <ns3:TrackPointExtension>
            <ns3:hr>150</ns3:hr>
            <ns3:cad>86</ns3:cad>
          </ns3:TrackPointExtension>
        </extensions>
      </trkpt>
      <trkpt lat="30.27572787366807460784912109375" lon="120.2062656171619892120361328125">
        <ele>8.19999980926513671875</ele>
        <time>2026-07-27T12:08:42.000Z</time>
        <extensions>
          <ns3:TrackPointExtension>
            <ns3:hr>150</ns3:hr>
            <ns3:cad>86</ns3:cad>
          </ns3:TrackPointExtension>
        </extensions>
      </trkpt>
      <trkpt lat="30.2757029794156551361083984375" lon="120.20624927245080471038818359375">
        <ele>8.19999980926513671875</ele>
        <time>2026-07-27T12:08:43.000Z</time>
        <extensions>
          <ns3:TrackPointExtension>
            <ns3:hr>149</ns3:hr>
            <ns3:cad>87</ns3:cad>
          </ns3:TrackPointExtension>
        </extensions>
      </trkpt>
      <trkpt lat="30.2756862156093120574951171875" lon="120.20623653195798397064208984375">
        <ele>8.3999996185302734375</ele>
        <time>2026-07-27T12:08:44.000Z</time>
        <extensions>
          <ns3:TrackPointExtension>
            <ns3:hr>150</ns3:hr>
            <ns3:cad>87</ns3:cad>
          </ns3:TrackPointExtension>
        </extensions>
      </trkpt>
      <trkpt lat="30.2756657637655735015869140625" lon="120.20622789859771728515625">
        <ele>8.3999996185302734375</ele>
        <time>2026-07-27T12:08:45.000Z</time>
        <extensions>
          <ns3:TrackPointExtension>
            <ns3:hr>150</ns3:hr>
            <ns3:cad>87</ns3:cad>
          </ns3:TrackPointExtension>
        </extensions>
      </trkpt>
      <trkpt lat="30.2756456471979618072509765625" lon="120.20622127689421176910400390625">
        <ele>8.3999996185302734375</ele>
        <time>2026-07-27T12:08:46.000Z</time>
        <extensions>
          <ns3:TrackPointExtension>
            <ns3:hr>150</ns3:hr>
            <ns3:cad>86</ns3:cad>
          </ns3:TrackPointExtension>
        </extensions>
      </trkpt>
      <trkpt lat="30.2756255306303501129150390625" lon="120.20622177980840206146240234375">
        <ele>8.3999996185302734375</ele>
        <time>2026-07-27T12:08:47.000Z</time>
        <extensions>
          <ns3:TrackPointExtension>
            <ns3:hr>149</ns3:hr>
            <ns3:cad>86</ns3:cad>
          </ns3:TrackPointExtension>
        </extensions>
      </trkpt>
      <trkpt lat="30.27560197748243808746337890625" lon="120.20622060634195804595947265625">
        <ele>8.3999996185302734375</ele>
        <time>2026-07-27T12:08:48.000Z</time>
        <extensions>
          <ns3:TrackPointExtension>
            <ns3:hr>150</ns3:hr>
            <ns3:cad>86</ns3:cad>
          </ns3:TrackPointExtension>
        </extensions>
      </trkpt>
      <trkpt lat="30.2755846269428730010986328125" lon="120.206226222217082977294921875">
        <ele>8.3999996185302734375</ele>
        <time>2026-07-27T12:08:49.000Z</time>
        <extensions>
          <ns3:TrackPointExtension>
            <ns3:hr>150</ns3:hr>
            <ns3:cad>87</ns3:cad>
          </ns3:TrackPointExtension>
        </extensions>
      </trkpt>
      <trkpt lat="30.2755571343004703521728515625" lon="120.20622395910322666168212890625">
        <ele>8.3999996185302734375</ele>
        <time>2026-07-27T12:08:50.000Z</time>
        <extensions>
          <ns3:TrackPointExtension>
            <ns3:hr>150</ns3:hr>
            <ns3:cad>87</ns3:cad>
          </ns3:TrackPointExtension>
        </extensions>
      </trkpt>
      <trkpt lat="30.2755430527031421661376953125" lon="120.20623099990189075469970703125">
        <ele>8.19999980926513671875</ele>
        <time>2026-07-27T12:08:51.000Z</time>
        <extensions>
          <ns3:TrackPointExtension>
            <ns3:hr>150</ns3:hr>
            <ns3:cad>86</ns3:cad>
          </ns3:TrackPointExtension>
        </extensions>
      </trkpt>
      <trkpt lat="30.2755199186503887176513671875" lon="120.2062292397022247314453125">
        <ele>8.3999996185302734375</ele>
        <time>2026-07-27T12:08:52.000Z</time>
        <extensions>
          <ns3:TrackPointExtension>
            <ns3:hr>150</ns3:hr>
            <ns3:cad>86</ns3:cad>
          </ns3:TrackPointExtension>
        </extensions>
      </trkpt>
      <trkpt lat="30.2755018137395381927490234375" lon="120.20622856914997100830078125">
        <ele>8.3999996185302734375</ele>
        <time>2026-07-27T12:08:53.000Z</time>
        <extensions>
          <ns3:TrackPointExtension>
            <ns3:hr>150</ns3:hr>
            <ns3:cad>86</ns3:cad>
          </ns3:TrackPointExtension>
        </extensions>
      </trkpt>
      <trkpt lat="30.2754786796867847442626953125" lon="120.20622965879738330841064453125">
        <ele>8.19999980926513671875</ele>
        <time>2026-07-27T12:08:54.000Z</time>
        <extensions>
          <ns3:TrackPointExtension>
            <ns3:hr>149</ns3:hr>
            <ns3:cad>86</ns3:cad>
          </ns3:TrackPointExtension>
        </extensions>
      </trkpt>
      <trkpt lat="30.27545764110982418060302734375" lon="120.2062319219112396240234375">
        <ele>8.3999996185302734375</ele>
        <time>2026-07-27T12:08:55.000Z</time>
        <extensions>
          <ns3:TrackPointExtension>
            <ns3:hr>149</ns3:hr>
            <ns3:cad>87</ns3:cad>
          </ns3:TrackPointExtension>
        </extensions>
      </trkpt>
      <trkpt lat="30.27543626725673675537109375" lon="120.2062374539673328399658203125">
        <ele>8.3999996185302734375</ele>
        <time>2026-07-27T12:08:56.000Z</time>
        <extensions>
          <ns3:TrackPointExtension>
            <ns3:hr>149</ns3:hr>
            <ns3:cad>87</ns3:cad>
          </ns3:TrackPointExtension>
        </extensions>
      </trkpt>
      <trkpt lat="30.27541288174688816070556640625" lon="120.20624072290956974029541015625">
        <ele>8.3999996185302734375</ele>
        <time>2026-07-27T12:08:57.000Z</time>
        <extensions>
          <ns3:TrackPointExtension>
            <ns3:hr>149</ns3:hr>
            <ns3:cad>87</ns3:cad>
          </ns3:TrackPointExtension>
        </extensions>
      </trkpt>
      <trkpt lat="30.27539662085473537445068359375" lon="120.2062515355646610260009765625">
        <ele>8.3999996185302734375</ele>
        <time>2026-07-27T12:08:58.000Z</time>
        <extensions>
          <ns3:TrackPointExtension>
            <ns3:hr>149</ns3:hr>
            <ns3:cad>87</ns3:cad>
          </ns3:TrackPointExtension>
        </extensions>
      </trkpt>
      <trkpt lat="30.27537130750715732574462890625" lon="120.20625078119337558746337890625">
        <ele>8.3999996185302734375</ele>
        <time>2026-07-27T12:08:59.000Z</time>
        <extensions>
          <ns3:TrackPointExtension>
            <ns3:hr>148</ns3:hr>
            <ns3:cad>86</ns3:cad>
          </ns3:TrackPointExtension>
        </extensions>
      </trkpt>
      <trkpt lat="30.27535169385373592376708984375" lon="120.20625270903110504150390625">
        <ele>8.3999996185302734375</ele>
        <time>2026-07-27T12:09:00.000Z</time>
        <extensions>
          <ns3:TrackPointExtension>
            <ns3:hr>148</ns3:hr>
            <ns3:cad>86</ns3:cad>
          </ns3:TrackPointExtension>
        </extensions>
      </trkpt>
      <trkpt lat="30.27532705105841159820556640625" lon="120.2062512002885341644287109375">
        <ele>8.3999996185302734375</ele>
        <time>2026-07-27T12:09:01.000Z</time>
        <extensions>
          <ns3:TrackPointExtension>
            <ns3:hr>148</ns3:hr>
            <ns3:cad>86</ns3:cad>
          </ns3:TrackPointExtension>
        </extensions>
      </trkpt>
      <trkpt lat="30.27530626393854618072509765625" lon="120.20625279285013675689697265625">
        <ele>8.3999996185302734375</ele>
        <time>2026-07-27T12:09:02.000Z</time>
        <extensions>
          <ns3:TrackPointExtension>
            <ns3:hr>149</ns3:hr>
            <ns3:cad>86</ns3:cad>
          </ns3:TrackPointExtension>
        </extensions>
      </trkpt>
      <trkpt lat="30.2752872370183467864990234375" lon="120.20625807344913482666015625">
        <ele>8.3999996185302734375</ele>
        <time>2026-07-27T12:09:03.000Z</time>
        <extensions>
          <ns3:TrackPointExtension>
            <ns3:hr>148</ns3:hr>
            <ns3:cad>86</ns3:cad>
          </ns3:TrackPointExtension>
        </extensions>
      </trkpt>
      <trkpt lat="30.2752654440701007843017578125" lon="120.206259079277515411376953125">
        <ele>8.3999996185302734375</ele>
        <time>2026-07-27T12:09:04.000Z</time>
        <extensions>
          <ns3:TrackPointExtension>
            <ns3:hr>148</ns3:hr>
            <ns3:cad>86</ns3:cad>
          </ns3:TrackPointExtension>
        </extensions>
      </trkpt>
      <trkpt lat="30.27524893172085285186767578125" lon="120.20626519806683063507080078125">
        <ele>8.3999996185302734375</ele>
        <time>2026-07-27T12:09:05.000Z</time>
        <extensions>
          <ns3:TrackPointExtension>
            <ns3:hr>149</ns3:hr>
            <ns3:cad>86</ns3:cad>
          </ns3:TrackPointExtension>
        </extensions>
      </trkpt>
      <trkpt lat="30.27522445656359195709228515625" lon="120.206262432038784027099609375">
        <ele>8.3999996185302734375</ele>
        <time>2026-07-27T12:09:06.000Z</time>
        <extensions>
          <ns3:TrackPointExtension>
            <ns3:hr>148</ns3:hr>
            <ns3:cad>86</ns3:cad>
          </ns3:TrackPointExtension>
        </extensions>
      </trkpt>
      <trkpt lat="30.27520693838596343994140625" lon="120.2062639407813549041748046875">
        <ele>8.3999996185302734375</ele>
        <time>2026-07-27T12:09:07.000Z</time>
        <extensions>
          <ns3:TrackPointExtension>
            <ns3:hr>148</ns3:hr>
            <ns3:cad>86</ns3:cad>
          </ns3:TrackPointExtension>
        </extensions>
      </trkpt>
      <trkpt lat="30.275183133780956268310546875" lon="120.2062652818858623504638671875">
        <ele>8.3999996185302734375</ele>
        <time>2026-07-27T12:09:08.000Z</time>
        <extensions>
          <ns3:TrackPointExtension>
            <ns3:hr>149</ns3:hr>
            <ns3:cad>86</ns3:cad>
          </ns3:TrackPointExtension>
        </extensions>
      </trkpt>
      <trkpt lat="30.275162346661090850830078125" lon="120.20626452751457691192626953125">
        <ele>8.3999996185302734375</ele>
        <time>2026-07-27T12:09:09.000Z</time>
        <extensions>
          <ns3:TrackPointExtension>
            <ns3:hr>148</ns3:hr>
            <ns3:cad>86</ns3:cad>
          </ns3:TrackPointExtension>
        </extensions>
      </trkpt>
      <trkpt lat="30.2751460857689380645751953125" lon="120.20627005957067012786865234375">
        <ele>8.3999996185302734375</ele>
        <time>2026-07-27T12:09:10.000Z</time>
        <extensions>
          <ns3:TrackPointExtension>
            <ns3:hr>148</ns3:hr>
            <ns3:cad>86</ns3:cad>
          </ns3:TrackPointExtension>
        </extensions>
      </trkpt>
      <trkpt lat="30.275123454630374908447265625" lon="120.2062733285129070281982421875">
        <ele>8.6000003814697265625</ele>
        <time>2026-07-27T12:09:11.000Z</time>
        <extensions>
          <ns3:TrackPointExtension>
            <ns3:hr>148</ns3:hr>
            <ns3:cad>86</ns3:cad>
          </ns3:TrackPointExtension>
        </extensions>
      </trkpt>
      <trkpt lat="30.27510811574757099151611328125" lon="120.2062775194644927978515625">
        <ele>8.6000003814697265625</ele>
        <time>2026-07-27T12:09:12.000Z</time>
        <extensions>
          <ns3:TrackPointExtension>
            <ns3:hr>149</ns3:hr>
            <ns3:cad>86</ns3:cad>
          </ns3:TrackPointExtension>
        </extensions>
      </trkpt>
      <trkpt lat="30.27508623898029327392578125" lon="120.20628011785447597503662109375">
        <ele>8.6000003814697265625</ele>
        <time>2026-07-27T12:09:13.000Z</time>
        <extensions>
          <ns3:TrackPointExtension>
            <ns3:hr>148</ns3:hr>
            <ns3:cad>86</ns3:cad>
          </ns3:TrackPointExtension>
        </extensions>
      </trkpt>
      <trkpt lat="30.27506737969815731048583984375" lon="120.20628682337701320648193359375">
        <ele>8.6000003814697265625</ele>
        <time>2026-07-27T12:09:14.000Z</time>
        <extensions>
          <ns3:TrackPointExtension>
            <ns3:hr>147</ns3:hr>
            <ns3:cad>85</ns3:cad>
          </ns3:TrackPointExtension>
        </extensions>
      </trkpt>
      <trkpt lat="30.2750451676547527313232421875" lon="120.20629218779504299163818359375">
        <ele>8.6000003814697265625</ele>
        <time>2026-07-27T12:09:15.000Z</time>
        <extensions>
          <ns3:TrackPointExtension>
            <ns3:hr>147</ns3:hr>
            <ns3:cad>85</ns3:cad>
          </ns3:TrackPointExtension>
        </extensions>
      </trkpt>
      <trkpt lat="30.27501960285007953643798828125" lon="120.20629218779504299163818359375">
        <ele>8.6000003814697265625</ele>
        <time>2026-07-27T12:09:16.000Z</time>
        <extensions>
          <ns3:TrackPointExtension>
            <ns3:hr>147</ns3:hr>
            <ns3:cad>85</ns3:cad>
          </ns3:TrackPointExtension>
        </extensions>
      </trkpt>
      <trkpt lat="30.2749999053776264190673828125" lon="120.2062961272895336151123046875">
        <ele>8.6000003814697265625</ele>
        <time>2026-07-27T12:09:17.000Z</time>
        <extensions>
          <ns3:TrackPointExtension>
            <ns3:hr>148</ns3:hr>
            <ns3:cad>85</ns3:cad>
          </ns3:TrackPointExtension>
        </extensions>
      </trkpt>
      <trkpt lat="30.27497232891619205474853515625" lon="120.20629520528018474578857421875">
        <ele>8.3999996185302734375</ele>
        <time>2026-07-27T12:09:18.000Z</time>
        <extensions>
          <ns3:TrackPointExtension>
            <ns3:hr>148</ns3:hr>
            <ns3:cad>85</ns3:cad>
          </ns3:TrackPointExtension>
        </extensions>
      </trkpt>
      <trkpt lat="30.27495271526277065277099609375" lon="120.2062957920134067535400390625">
        <ele>8.3999996185302734375</ele>
        <time>2026-07-27T12:09:19.000Z</time>
        <extensions>
          <ns3:TrackPointExtension>
            <ns3:hr>148</ns3:hr>
            <ns3:cad>85</ns3:cad>
          </ns3:TrackPointExtension>
        </extensions>
      </trkpt>
      <trkpt lat="30.27492673136293888092041015625" lon="120.20629294216632843017578125">
        <ele>8.3999996185302734375</ele>
        <time>2026-07-27T12:09:20.000Z</time>
        <extensions>
          <ns3:TrackPointExtension>
            <ns3:hr>148</ns3:hr>
            <ns3:cad>86</ns3:cad>
          </ns3:TrackPointExtension>
        </extensions>
      </trkpt>
      <trkpt lat="30.274907536804676055908203125" lon="120.20629160106182098388671875">
        <ele>8.3999996185302734375</ele>
        <time>2026-07-27T12:09:21.000Z</time>
        <extensions>
          <ns3:TrackPointExtension>
            <ns3:hr>148</ns3:hr>
            <ns3:cad>86</ns3:cad>
          </ns3:TrackPointExtension>
        </extensions>
      </trkpt>
      <trkpt lat="30.2748842351138591766357421875" lon="120.20629118196666240692138671875">
        <ele>8.3999996185302734375</ele>
        <time>2026-07-27T12:09:22.000Z</time>
        <extensions>
          <ns3:TrackPointExtension>
            <ns3:hr>147</ns3:hr>
            <ns3:cad>86</ns3:cad>
          </ns3:TrackPointExtension>
        </extensions>
      </trkpt>
      <trkpt lat="30.2748617716133594512939453125" lon="120.206294618546962738037109375">
        <ele>8.3999996185302734375</ele>
        <time>2026-07-27T12:09:23.000Z</time>
        <extensions>
          <ns3:TrackPointExtension>
            <ns3:hr>148</ns3:hr>
            <ns3:cad>86</ns3:cad>
          </ns3:TrackPointExtension>
        </extensions>
      </trkpt>
      <trkpt lat="30.27484492398798465728759765625" lon="120.20630392245948314666748046875">
        <ele>8.3999996185302734375</ele>
        <time>2026-07-27T12:09:24.000Z</time>
        <extensions>
          <ns3:TrackPointExtension>
            <ns3:hr>148</ns3:hr>
            <ns3:cad>85</ns3:cad>
          </ns3:TrackPointExtension>
        </extensions>
      </trkpt>
      <trkpt lat="30.27481642551720142364501953125" lon="120.20631280727684497833251953125">
        <ele>8.3999996185302734375</ele>
        <time>2026-07-27T12:09:25.000Z</time>
        <extensions>
          <ns3:TrackPointExtension>
            <ns3:hr>147</ns3:hr>
            <ns3:cad>85</ns3:cad>
          </ns3:TrackPointExtension>
        </extensions>
      </trkpt>
      <trkpt lat="30.27480234391987323760986328125" lon="120.206325463950634002685546875">
        <ele>8.3999996185302734375</ele>
        <time>2026-07-27T12:09:26.000Z</time>
        <extensions>
          <ns3:TrackPointExtension>
            <ns3:hr>148</ns3:hr>
            <ns3:cad>85</ns3:cad>
          </ns3:TrackPointExtension>
        </extensions>
      </trkpt>
      <trkpt lat="30.2747799642384052276611328125" lon="120.20633778534829616546630859375">
        <ele>8.3999996185302734375</ele>
        <time>2026-07-27T12:09:27.000Z</time>
        <extensions>
          <ns3:TrackPointExtension>
            <ns3:hr>148</ns3:hr>
            <ns3:cad>85</ns3:cad>
          </ns3:TrackPointExtension>
        </extensions>
      </trkpt>
      <trkpt lat="30.2747595123946666717529296875" lon="120.2063517831265926361083984375">
        <ele>8.3999996185302734375</ele>
        <time>2026-07-27T12:09:28.000Z</time>
        <extensions>
          <ns3:TrackPointExtension>
            <ns3:hr>147</ns3:hr>
            <ns3:cad>84</ns3:cad>
          </ns3:TrackPointExtension>
        </extensions>
      </trkpt>
      <trkpt lat="30.27474685572087764739990234375" lon="120.206370390951633453369140625">
        <ele>8.3999996185302734375</ele>
        <time>2026-07-27T12:09:29.000Z</time>
        <extensions>
          <ns3:TrackPointExtension>
            <ns3:hr>148</ns3:hr>
            <ns3:cad>84</ns3:cad>
          </ns3:TrackPointExtension>
        </extensions>
      </trkpt>
      <trkpt lat="30.27472808025777339935302734375" lon="120.2063910104334354400634765625">
        <ele>8.3999996185302734375</ele>
        <time>2026-07-27T12:09:30.000Z</time>
        <extensions>
          <ns3:TrackPointExtension>
            <ns3:hr>148</ns3:hr>
            <ns3:cad>84</ns3:cad>
          </ns3:TrackPointExtension>
        </extensions>
      </trkpt>
      <trkpt lat="30.274718105792999267578125" lon="120.20640836097300052642822265625">
        <ele>8.3999996185302734375</ele>
        <time>2026-07-27T12:09:31.000Z</time>
        <extensions>
          <ns3:TrackPointExtension>
            <ns3:hr>148</ns3:hr>
            <ns3:cad>84</ns3:cad>
          </ns3:TrackPointExtension>
        </extensions>
      </trkpt>
      <trkpt lat="30.2747011743485927581787109375" lon="120.20643317140638828277587890625">
        <ele>8.3999996185302734375</ele>
        <time>2026-07-27T12:09:32.000Z</time>
        <extensions>
          <ns3:TrackPointExtension>
            <ns3:hr>148</ns3:hr>
            <ns3:cad>84</ns3:cad>
          </ns3:TrackPointExtension>
        </extensions>
      </trkpt>
      <trkpt lat="30.27469622902572154998779296875" lon="120.2064523659646511077880859375">
        <ele>8.3999996185302734375</ele>
        <time>2026-07-27T12:09:33.000Z</time>
        <extensions>
          <ns3:TrackPointExtension>
            <ns3:hr>148</ns3:hr>
            <ns3:cad>84</ns3:cad>
          </ns3:TrackPointExtension>
        </extensions>
      </trkpt>
      <trkpt lat="30.2746884338557720184326171875" lon="120.20647860132157802581787109375">
        <ele>8.3999996185302734375</ele>
        <time>2026-07-27T12:09:34.000Z</time>
        <extensions>
          <ns3:TrackPointExtension>
            <ns3:hr>148</ns3:hr>
            <ns3:cad>85</ns3:cad>
          </ns3:TrackPointExtension>
        </extensions>
      </trkpt>
      <trkpt lat="30.27467896230518817901611328125" lon="120.20650140009820461273193359375">
        <ele>8.3999996185302734375</ele>
        <time>2026-07-27T12:09:35.000Z</time>
        <extensions>
          <ns3:TrackPointExtension>
            <ns3:hr>148</ns3:hr>
            <ns3:cad>85</ns3:cad>
          </ns3:TrackPointExtension>
        </extensions>
      </trkpt>
      <trkpt lat="30.27467309497296810150146484375" lon="120.20652939565479755401611328125">
        <ele>8.3999996185302734375</ele>
        <time>2026-07-27T12:09:36.000Z</time>
        <extensions>
          <ns3:TrackPointExtension>
            <ns3:hr>148</ns3:hr>
            <ns3:cad>85</ns3:cad>
          </ns3:TrackPointExtension>
        </extensions>
      </trkpt>
      <trkpt lat="30.2746652998030185699462890625" lon="120.206562168896198272705078125">
        <ele>8.3999996185302734375</ele>
        <time>2026-07-27T12:09:37.000Z</time>
        <extensions>
          <ns3:TrackPointExtension>
            <ns3:hr>148</ns3:hr>
            <ns3:cad>85</ns3:cad>
          </ns3:TrackPointExtension>
        </extensions>
      </trkpt>
      <trkpt lat="30.2746642939746379852294921875" lon="120.20658538676798343658447265625">
        <ele>8.3999996185302734375</ele>
        <time>2026-07-27T12:09:38.000Z</time>
        <extensions>
          <ns3:TrackPointExtension>
            <ns3:hr>148</ns3:hr>
            <ns3:cad>85</ns3:cad>
          </ns3:TrackPointExtension>
        </extensions>
      </trkpt>
      <trkpt lat="30.27465951628983020782470703125" lon="120.20661958493292331695556640625">
        <ele>8.3999996185302734375</ele>
        <time>2026-07-27T12:09:39.000Z</time>
        <extensions>
          <ns3:TrackPointExtension>
            <ns3:hr>149</ns3:hr>
            <ns3:cad>85</ns3:cad>
          </ns3:TrackPointExtension>
        </extensions>
      </trkpt>
      <trkpt lat="30.27466504834592342376708984375" lon="120.20664255134761333465576171875">
        <ele>8.3999996185302734375</ele>
        <time>2026-07-27T12:09:40.000Z</time>
        <extensions>
          <ns3:TrackPointExtension>
            <ns3:hr>149</ns3:hr>
            <ns3:cad>86</ns3:cad>
          </ns3:TrackPointExtension>
        </extensions>
      </trkpt>
      <trkpt lat="30.27467242442071437835693359375" lon="120.20666669122874736785888671875">
        <ele>8.3999996185302734375</ele>
        <time>2026-07-27T12:09:41.000Z</time>
        <extensions>
          <ns3:TrackPointExtension>
            <ns3:hr>149</ns3:hr>
            <ns3:cad>86</ns3:cad>
          </ns3:TrackPointExtension>
        </extensions>
      </trkpt>
      <trkpt lat="30.27468399144709110260009765625" lon="120.2066904120147228240966796875">
        <ele>8.3999996185302734375</ele>
        <time>2026-07-27T12:09:42.000Z</time>
        <extensions>
          <ns3:TrackPointExtension>
            <ns3:hr>148</ns3:hr>
            <ns3:cad>85</ns3:cad>
          </ns3:TrackPointExtension>
        </extensions>
      </trkpt>
      <trkpt lat="30.274695642292499542236328125" lon="120.20670256577432155609130859375">
        <ele>8.3999996185302734375</ele>
        <time>2026-07-27T12:09:43.000Z</time>
        <extensions>
          <ns3:TrackPointExtension>
            <ns3:hr>149</ns3:hr>
            <ns3:cad>85</ns3:cad>
          </ns3:TrackPointExtension>
        </extensions>
      </trkpt>
      <trkpt lat="30.27471098117530345916748046875" lon="120.20673416554927825927734375">
        <ele>8.19999980926513671875</ele>
        <time>2026-07-27T12:09:44.000Z</time>
        <extensions>
          <ns3:TrackPointExtension>
            <ns3:hr>149</ns3:hr>
            <ns3:cad>85</ns3:cad>
          </ns3:TrackPointExtension>
        </extensions>
      </trkpt>
      <trkpt lat="30.27472372166812419891357421875" lon="120.20674263127148151397705078125">
        <ele>8.3999996185302734375</ele>
        <time>2026-07-27T12:09:45.000Z</time>
        <extensions>
          <ns3:TrackPointExtension>
            <ns3:hr>149</ns3:hr>
            <ns3:cad>85</ns3:cad>
          </ns3:TrackPointExtension>
        </extensions>
      </trkpt>
      <trkpt lat="30.27473897673189640045166015625" lon="120.20676408894360065460205078125">
        <ele>8.3999996185302734375</ele>
        <time>2026-07-27T12:09:46.000Z</time>
        <extensions>
          <ns3:TrackPointExtension>
            <ns3:hr>149</ns3:hr>
            <ns3:cad>85</ns3:cad>
          </ns3:TrackPointExtension>
        </extensions>
      </trkpt>
      <trkpt lat="30.27475356124341487884521484375" lon="120.206784121692180633544921875">
        <ele>8.19999980926513671875</ele>
        <time>2026-07-27T12:09:47.000Z</time>
        <extensions>
          <ns3:TrackPointExtension>
            <ns3:hr>149</ns3:hr>
            <ns3:cad>85</ns3:cad>
          </ns3:TrackPointExtension>
        </extensions>
      </trkpt>
      <trkpt lat="30.2747759409248828887939453125" lon="120.20679577253758907318115234375">
        <ele>8.19999980926513671875</ele>
        <time>2026-07-27T12:09:48.000Z</time>
        <extensions>
          <ns3:TrackPointExtension>
            <ns3:hr>149</ns3:hr>
            <ns3:cad>85</ns3:cad>
          </ns3:TrackPointExtension>
        </extensions>
      </trkpt>
      <trkpt lat="30.27480133809149265289306640625" lon="120.20681454800069332122802734375">
        <ele>8.19999980926513671875</ele>
        <time>2026-07-27T12:09:49.000Z</time>
        <extensions>
          <ns3:TrackPointExtension>
            <ns3:hr>148</ns3:hr>
            <ns3:cad>85</ns3:cad>
          </ns3:TrackPointExtension>
        </extensions>
      </trkpt>
      <trkpt lat="30.27482447214424610137939453125" lon="120.20681672729551792144775390625">
        <ele>8.19999980926513671875</ele>
        <time>2026-07-27T12:09:50.000Z</time>
        <extensions>
          <ns3:TrackPointExtension>
            <ns3:hr>148</ns3:hr>
            <ns3:cad>85</ns3:cad>
          </ns3:TrackPointExtension>
        </extensions>
      </trkpt>
      <trkpt lat="30.27485330589115619659423828125" lon="120.2068327367305755615234375">
        <ele>8.19999980926513671875</ele>
        <time>2026-07-27T12:09:51.000Z</time>
        <extensions>
          <ns3:TrackPointExtension>
            <ns3:hr>148</ns3:hr>
            <ns3:cad>86</ns3:cad>
          </ns3:TrackPointExtension>
        </extensions>
      </trkpt>
      <trkpt lat="30.27486889623105525970458984375" lon="120.20683349110186100006103515625">
        <ele>8.19999980926513671875</ele>
        <time>2026-07-27T12:09:52.000Z</time>
        <extensions>
          <ns3:TrackPointExtension>
            <ns3:hr>148</ns3:hr>
            <ns3:cad>86</ns3:cad>
          </ns3:TrackPointExtension>
        </extensions>
      </trkpt>
      <trkpt lat="30.27489471249282360076904296875" lon="120.2068372629582881927490234375">
        <ele>8.19999980926513671875</ele>
        <time>2026-07-27T12:09:53.000Z</time>
        <extensions>
          <ns3:TrackPointExtension>
            <ns3:hr>148</ns3:hr>
            <ns3:cad>86</ns3:cad>
          </ns3:TrackPointExtension>
        </extensions>
      </trkpt>
      <trkpt lat="30.2749140746891498565673828125" lon="120.2068379335105419158935546875">
        <ele>8.3999996185302734375</ele>
        <time>2026-07-27T12:09:54.000Z</time>
        <extensions>
          <ns3:TrackPointExtension>
            <ns3:hr>148</ns3:hr>
            <ns3:cad>86</ns3:cad>
          </ns3:TrackPointExtension>
        </extensions>
      </trkpt>
      <trkpt lat="30.27493310160934925079345703125" lon="120.2068318985402584075927734375">
        <ele>8.19999980926513671875</ele>
        <time>2026-07-27T12:09:55.000Z</time>
        <extensions>
          <ns3:TrackPointExtension>
            <ns3:hr>148</ns3:hr>
            <ns3:cad>86</ns3:cad>
          </ns3:TrackPointExtension>
        </extensions>
      </trkpt>
      <trkpt lat="30.2749559842050075531005859375" lon="120.2068375982344150543212890625">
        <ele>8.19999980926513671875</ele>
        <time>2026-07-27T12:09:56.000Z</time>
        <extensions>
          <ns3:TrackPointExtension>
            <ns3:hr>148</ns3:hr>
            <ns3:cad>86</ns3:cad>
          </ns3:TrackPointExtension>
        </extensions>
      </trkpt>
      <trkpt lat="30.27497082017362117767333984375" lon="120.206830389797687530517578125">
        <ele>8.19999980926513671875</ele>
        <time>2026-07-27T12:09:57.000Z</time>
        <extensions>
          <ns3:TrackPointExtension>
            <ns3:hr>147</ns3:hr>
            <ns3:cad>86</ns3:cad>
          </ns3:TrackPointExtension>
        </extensions>
      </trkpt>
      <trkpt lat="30.2749935351312160491943359375" lon="120.20682661794126033782958984375">
        <ele>8.3999996185302734375</ele>
        <time>2026-07-27T12:09:58.000Z</time>
        <extensions>
          <ns3:TrackPointExtension>
            <ns3:hr>147</ns3:hr>
            <ns3:cad>86</ns3:cad>
          </ns3:TrackPointExtension>
        </extensions>
      </trkpt>
      <trkpt lat="30.2750092931091785430908203125" lon="120.206818990409374237060546875">
        <ele>8.19999980926513671875</ele>
        <time>2026-07-27T12:09:59.000Z</time>
        <extensions>
          <ns3:TrackPointExtension>
            <ns3:hr>147</ns3:hr>
            <ns3:cad>86</ns3:cad>
          </ns3:TrackPointExtension>
        </extensions>
      </trkpt>
      <trkpt lat="30.27502982877194881439208984375" lon="120.20681052468717098236083984375">
        <ele>8.19999980926513671875</ele>
        <time>2026-07-27T12:10:00.000Z</time>
        <extensions>
          <ns3:TrackPointExtension>
            <ns3:hr>148</ns3:hr>
            <ns3:cad>86</ns3:cad>
          </ns3:TrackPointExtension>
        </extensions>
      </trkpt>
      <trkpt lat="30.27504793368279933929443359375" lon="120.20680633373558521270751953125">
        <ele>8.19999980926513671875</ele>
        <time>2026-07-27T12:10:01.000Z</time>
        <extensions>
          <ns3:TrackPointExtension>
            <ns3:hr>147</ns3:hr>
            <ns3:cad>86</ns3:cad>
          </ns3:TrackPointExtension>
        </extensions>
      </trkpt>
      <trkpt lat="30.27506503276526927947998046875" lon="120.20679979585111141204833984375">
        <ele>8.19999980926513671875</ele>
        <time>2026-07-27T12:10:02.000Z</time>
        <extensions>
          <ns3:TrackPointExtension>
            <ns3:hr>147</ns3:hr>
            <ns3:cad>85</ns3:cad>
          </ns3:TrackPointExtension>
        </extensions>
      </trkpt>
      <trkpt lat="30.2750869095325469970703125" lon="120.20680666901171207427978515625">
        <ele>8.19999980926513671875</ele>
        <time>2026-07-27T12:10:03.000Z</time>
        <extensions>
          <ns3:TrackPointExtension>
            <ns3:hr>148</ns3:hr>
            <ns3:cad>85</ns3:cad>
          </ns3:TrackPointExtension>
        </extensions>
      </trkpt>
      <trkpt lat="30.27510157786309719085693359375" lon="120.2068030647933483123779296875">
        <ele>8.19999980926513671875</ele>
        <time>2026-07-27T12:10:04.000Z</time>
        <extensions>
          <ns3:TrackPointExtension>
            <ns3:hr>147</ns3:hr>
            <ns3:cad>85</ns3:cad>
          </ns3:TrackPointExtension>
        </extensions>
      </trkpt>
      <trkpt lat="30.2751259692013263702392578125" lon="120.206807591021060943603515625">
        <ele>8.19999980926513671875</ele>
        <time>2026-07-27T12:10:05.000Z</time>
        <extensions>
          <ns3:TrackPointExtension>
            <ns3:hr>148</ns3:hr>
            <ns3:cad>86</ns3:cad>
          </ns3:TrackPointExtension>
        </extensions>
      </trkpt>
      <trkpt lat="30.27514248155057430267333984375" lon="120.20680767484009265899658203125">
        <ele>8.19999980926513671875</ele>
        <time>2026-07-27T12:10:06.000Z</time>
        <extensions>
          <ns3:TrackPointExtension>
            <ns3:hr>148</ns3:hr>
            <ns3:cad>86</ns3:cad>
          </ns3:TrackPointExtension>
        </extensions>
      </trkpt>
      <trkpt lat="30.275166369974613189697265625" lon="120.2068080939352512359619140625">
        <ele>8.19999980926513671875</ele>
        <time>2026-07-27T12:10:07.000Z</time>
        <extensions>
          <ns3:TrackPointExtension>
            <ns3:hr>148</ns3:hr>
            <ns3:cad>86</ns3:cad>
          </ns3:TrackPointExtension>
        </extensions>
      </trkpt>
      <trkpt lat="30.27518774382770061492919921875" lon="120.206809602677822113037109375">
        <ele>8.3999996185302734375</ele>
        <time>2026-07-27T12:10:08.000Z</time>
        <extensions>
          <ns3:TrackPointExtension>
            <ns3:hr>148</ns3:hr>
            <ns3:cad>86</ns3:cad>
          </ns3:TrackPointExtension>
        </extensions>
      </trkpt>
      <trkpt lat="30.27520702220499515533447265625" lon="120.20680381916463375091552734375">
        <ele>8.3999996185302734375</ele>
        <time>2026-07-27T12:10:09.000Z</time>
        <extensions>
          <ns3:TrackPointExtension>
            <ns3:hr>148</ns3:hr>
            <ns3:cad>86</ns3:cad>
          </ns3:TrackPointExtension>
        </extensions>
      </trkpt>
      <trkpt lat="30.275232084095478057861328125" lon="120.20681169815361499786376953125">
        <ele>8.3999996185302734375</ele>
        <time>2026-07-27T12:10:10.000Z</time>
        <extensions>
          <ns3:TrackPointExtension>
            <ns3:hr>148</ns3:hr>
            <ns3:cad>86</ns3:cad>
          </ns3:TrackPointExtension>
        </extensions>
      </trkpt>
      <trkpt lat="30.275243483483791351318359375" lon="120.206806920468807220458984375">
        <ele>8.3999996185302734375</ele>
        <time>2026-07-27T12:10:11.000Z</time>
        <extensions>
          <ns3:TrackPointExtension>
            <ns3:hr>149</ns3:hr>
            <ns3:cad>86</ns3:cad>
          </ns3:TrackPointExtension>
        </extensions>
      </trkpt>
      <trkpt lat="30.275263600051403045654296875" lon="120.20680583082139492034912109375">
        <ele>8.3999996185302734375</ele>
        <time>2026-07-27T12:10:12.000Z</time>
        <extensions>
          <ns3:TrackPointExtension>
            <ns3:hr>149</ns3:hr>
            <ns3:cad>85</ns3:cad>
          </ns3:TrackPointExtension>
        </extensions>
      </trkpt>
      <trkpt lat="30.27528078295290470123291015625" lon="120.20680465735495090484619140625">
        <ele>8.19999980926513671875</ele>
        <time>2026-07-27T12:10:13.000Z</time>
        <extensions>
          <ns3:TrackPointExtension>
            <ns3:hr>149</ns3:hr>
            <ns3:cad>85</ns3:cad>
          </ns3:TrackPointExtension>
        </extensions>
      </trkpt>
      <trkpt lat="30.275303162634372711181640625" lon="120.20680566318333148956298828125">
        <ele>8.19999980926513671875</ele>
        <time>2026-07-27T12:10:14.000Z</time>
        <extensions>
          <ns3:TrackPointExtension>
            <ns3:hr>149</ns3:hr>
            <ns3:cad>85</ns3:cad>
          </ns3:TrackPointExtension>
        </extensions>
      </trkpt>
      <trkpt lat="30.27532520703971385955810546875" lon="120.206806249916553497314453125">
        <ele>8.19999980926513671875</ele>
        <time>2026-07-27T12:10:15.000Z</time>
        <extensions>
          <ns3:TrackPointExtension>
            <ns3:hr>149</ns3:hr>
            <ns3:cad>85</ns3:cad>
          </ns3:TrackPointExtension>
        </extensions>
      </trkpt>
      <trkpt lat="30.2753445692360401153564453125" lon="120.20679996348917484283447265625">
        <ele>8.19999980926513671875</ele>
        <time>2026-07-27T12:10:16.000Z</time>
        <extensions>
          <ns3:TrackPointExtension>
            <ns3:hr>150</ns3:hr>
            <ns3:cad>85</ns3:cad>
          </ns3:TrackPointExtension>
        </extensions>
      </trkpt>
      <trkpt lat="30.2753685414791107177734375" lon="120.20680348388850688934326171875">
        <ele>8.19999980926513671875</ele>
        <time>2026-07-27T12:10:17.000Z</time>
        <extensions>
          <ns3:TrackPointExtension>
            <ns3:hr>150</ns3:hr>
            <ns3:cad>85</ns3:cad>
          </ns3:TrackPointExtension>
        </extensions>
      </trkpt>
      <trkpt lat="30.27538840658962726593017578125" lon="120.20680063404142856597900390625">
        <ele>8.19999980926513671875</ele>
        <time>2026-07-27T12:10:18.000Z</time>
        <extensions>
          <ns3:TrackPointExtension>
            <ns3:hr>150</ns3:hr>
            <ns3:cad>86</ns3:cad>
          </ns3:TrackPointExtension>
        </extensions>
      </trkpt>
      <trkpt lat="30.27541338466107845306396484375" lon="120.20680080167949199676513671875">
        <ele>8.19999980926513671875</ele>
        <time>2026-07-27T12:10:19.000Z</time>
        <extensions>
          <ns3:TrackPointExtension>
            <ns3:hr>150</ns3:hr>
            <ns3:cad>86</ns3:cad>
          </ns3:TrackPointExtension>
        </extensions>
      </trkpt>
      <trkpt lat="30.27543224394321441650390625" lon="120.20679342560470104217529296875">
        <ele>8.19999980926513671875</ele>
        <time>2026-07-27T12:10:20.000Z</time>
        <extensions>
          <ns3:TrackPointExtension>
            <ns3:hr>151</ns3:hr>
            <ns3:cad>87</ns3:cad>
          </ns3:TrackPointExtension>
        </extensions>
      </trkpt>
      <trkpt lat="30.27545831166207790374755859375" lon="120.20679241977632045745849609375">
        <ele>8.19999980926513671875</ele>
        <time>2026-07-27T12:10:21.000Z</time>
        <extensions>
          <ns3:TrackPointExtension>
            <ns3:hr>151</ns3:hr>
            <ns3:cad>87</ns3:cad>
          </ns3:TrackPointExtension>
        </extensions>
      </trkpt>
      <trkpt lat="30.275475494563579559326171875" lon="120.2067903243005275726318359375">
        <ele>8.3999996185302734375</ele>
        <time>2026-07-27T12:10:22.000Z</time>
        <extensions>
          <ns3:TrackPointExtension>
            <ns3:hr>151</ns3:hr>
            <ns3:cad>87</ns3:cad>
          </ns3:TrackPointExtension>
        </extensions>
      </trkpt>
      <trkpt lat="30.27549971826374530792236328125" lon="120.20678772591054439544677734375">
        <ele>8.19999980926513671875</ele>
        <time>2026-07-27T12:10:23.000Z</time>
        <extensions>
          <ns3:TrackPointExtension>
            <ns3:hr>151</ns3:hr>
            <ns3:cad>87</ns3:cad>
          </ns3:TrackPointExtension>
        </extensions>
      </trkpt>
      <trkpt lat="30.27552117593586444854736328125" lon="120.20678780972957611083984375">
        <ele>8.19999980926513671875</ele>
        <time>2026-07-27T12:10:24.000Z</time>
        <extensions>
          <ns3:TrackPointExtension>
            <ns3:hr>151</ns3:hr>
            <ns3:cad>87</ns3:cad>
          </ns3:TrackPointExtension>
        </extensions>
      </trkpt>
      <trkpt lat="30.27554347179830074310302734375" lon="120.2067832835018634796142578125">
        <ele>8.19999980926513671875</ele>
        <time>2026-07-27T12:10:25.000Z</time>
        <extensions>
          <ns3:TrackPointExtension>
            <ns3:hr>152</ns3:hr>
            <ns3:cad>87</ns3:cad>
          </ns3:TrackPointExtension>
        </extensions>
      </trkpt>
      <trkpt lat="30.2755695395171642303466796875" lon="120.20678655244410037994384765625">
        <ele>8.19999980926513671875</ele>
        <time>2026-07-27T12:10:26.000Z</time>
        <extensions>
          <ns3:TrackPointExtension>
            <ns3:hr>152</ns3:hr>
            <ns3:cad>86</ns3:cad>
          </ns3:TrackPointExtension>
        </extensions>
      </trkpt>
      <trkpt lat="30.27558940462768077850341796875" lon="120.20678504370152950286865234375">
        <ele>8.19999980926513671875</ele>
        <time>2026-07-27T12:10:27.000Z</time>
        <extensions>
          <ns3:TrackPointExtension>
            <ns3:hr>152</ns3:hr>
            <ns3:cad>86</ns3:cad>
          </ns3:TrackPointExtension>
        </extensions>
      </trkpt>
      <trkpt lat="30.27561371214687824249267578125" lon="120.2067832835018634796142578125">
        <ele>8.19999980926513671875</ele>
        <time>2026-07-27T12:10:28.000Z</time>
        <extensions>
          <ns3:TrackPointExtension>
            <ns3:hr>152</ns3:hr>
            <ns3:cad>86</ns3:cad>
          </ns3:TrackPointExtension>
        </extensions>
      </trkpt>
      <trkpt lat="30.27563273906707763671875" lon="120.20677465014159679412841796875">
        <ele>8.19999980926513671875</ele>
        <time>2026-07-27T12:10:29.000Z</time>
        <extensions>
          <ns3:TrackPointExtension>
            <ns3:hr>151</ns3:hr>
            <ns3:cad>87</ns3:cad>
          </ns3:TrackPointExtension>
        </extensions>
      </trkpt>
      <trkpt lat="30.27566182427108287811279296875" lon="120.20677012391388416290283203125">
        <ele>8.19999980926513671875</ele>
        <time>2026-07-27T12:10:30.000Z</time>
        <extensions>
          <ns3:TrackPointExtension>
            <ns3:hr>152</ns3:hr>
            <ns3:cad>87</ns3:cad>
          </ns3:TrackPointExtension>
        </extensions>
      </trkpt>
      <trkpt lat="30.27568412013351917266845703125" lon="120.20675989799201488494873046875">
        <ele>8.19999980926513671875</ele>
        <time>2026-07-27T12:10:31.000Z</time>
        <extensions>
          <ns3:TrackPointExtension>
            <ns3:hr>151</ns3:hr>
            <ns3:cad>88</ns3:cad>
          </ns3:TrackPointExtension>
        </extensions>
      </trkpt>
      <trkpt lat="30.27570624835789203643798828125" lon="120.20674732513725757598876953125">
        <ele>8.19999980926513671875</ele>
        <time>2026-07-27T12:10:32.000Z</time>
        <extensions>
          <ns3:TrackPointExtension>
            <ns3:hr>151</ns3:hr>
            <ns3:cad>88</ns3:cad>
          </ns3:TrackPointExtension>
        </extensions>
      </trkpt>
      <trkpt lat="30.2757279574871063232421875" lon="120.20673609338700771331787109375">
        <ele>8.19999980926513671875</ele>
        <time>2026-07-27T12:10:33.000Z</time>
        <extensions>
          <ns3:TrackPointExtension>
            <ns3:hr>151</ns3:hr>
            <ns3:cad>88</ns3:cad>
          </ns3:TrackPointExtension>
        </extensions>
      </trkpt>
      <trkpt lat="30.27574731968343257904052734375" lon="120.2067227661609649658203125">
        <ele>8.19999980926513671875</ele>
        <time>2026-07-27T12:10:34.000Z</time>
        <extensions>
          <ns3:TrackPointExtension>
            <ns3:hr>151</ns3:hr>
            <ns3:cad>87</ns3:cad>
          </ns3:TrackPointExtension>
        </extensions>
      </trkpt>
      <trkpt lat="30.27576978318393230438232421875" lon="120.2067098580300807952880859375">
        <ele>8.19999980926513671875</ele>
        <time>2026-07-27T12:10:35.000Z</time>
        <extensions>
          <ns3:TrackPointExtension>
            <ns3:hr>151</ns3:hr>
            <ns3:cad>87</ns3:cad>
          </ns3:TrackPointExtension>
        </extensions>
      </trkpt>
      <trkpt lat="30.27578067965805530548095703125" lon="120.206694267690181732177734375">
        <ele>8.19999980926513671875</ele>
        <time>2026-07-27T12:10:36.000Z</time>
        <extensions>
          <ns3:TrackPointExtension>
            <ns3:hr>151</ns3:hr>
            <ns3:cad>87</ns3:cad>
          </ns3:TrackPointExtension>
        </extensions>
      </trkpt>
      <trkpt lat="30.27579710818827152252197265625" lon="120.20667339675128459930419921875">
        <ele>8.19999980926513671875</ele>
        <time>2026-07-27T12:10:37.000Z</time>
        <extensions>
          <ns3:TrackPointExtension>
            <ns3:hr>151</ns3:hr>
            <ns3:cad>87</ns3:cad>
          </ns3:TrackPointExtension>
        </extensions>
      </trkpt>
      <trkpt lat="30.27580163441598415374755859375" lon="120.20665713585913181304931640625">
        <ele>8</ele>
        <time>2026-07-27T12:10:38.000Z</time>
        <extensions>
          <ns3:TrackPointExtension>
            <ns3:hr>151</ns3:hr>
            <ns3:cad>87</ns3:cad>
          </ns3:TrackPointExtension>
        </extensions>
      </trkpt>
      <trkpt lat="30.27581454254686832427978515625" lon="120.20662796683609485626220703125">
        <ele>8</ele>
        <time>2026-07-27T12:10:39.000Z</time>
        <extensions>
          <ns3:TrackPointExtension>
            <ns3:hr>151</ns3:hr>
            <ns3:cad>86</ns3:cad>
          </ns3:TrackPointExtension>
        </extensions>
      </trkpt>
      <trkpt lat="30.27581848204135894775390625" lon="120.20661287941038608551025390625">
        <ele>8</ele>
        <time>2026-07-27T12:10:40.000Z</time>
        <extensions>
          <ns3:TrackPointExtension>
            <ns3:hr>151</ns3:hr>
            <ns3:cad>86</ns3:cad>
          </ns3:TrackPointExtension>
        </extensions>
      </trkpt>
      <trkpt lat="30.27582694776356220245361328125" lon="120.20658639259636402130126953125">
        <ele>8</ele>
        <time>2026-07-27T12:10:41.000Z</time>
        <extensions>
          <ns3:TrackPointExtension>
            <ns3:hr>151</ns3:hr>
            <ns3:cad>87</ns3:cad>
          </ns3:TrackPointExtension>
        </extensions>
      </trkpt>
      <trkpt lat="30.27583298273384571075439453125" lon="120.206563510000705718994140625">
        <ele>8.19999980926513671875</ele>
        <time>2026-07-27T12:10:42.000Z</time>
        <extensions>
          <ns3:TrackPointExtension>
            <ns3:hr>151</ns3:hr>
            <ns3:cad>87</ns3:cad>
          </ns3:TrackPointExtension>
        </extensions>
      </trkpt>
      <trkpt lat="30.27583817951381206512451171875" lon="120.20653794519603252410888671875">
        <ele>8.19999980926513671875</ele>
        <time>2026-07-27T12:10:43.000Z</time>
        <extensions>
          <ns3:TrackPointExtension>
            <ns3:hr>151</ns3:hr>
            <ns3:cad>87</ns3:cad>
          </ns3:TrackPointExtension>
        </extensions>
      </trkpt>
      <trkpt lat="30.2758468128740787506103515625" lon="120.20651062019169330596923828125">
        <ele>8.19999980926513671875</ele>
        <time>2026-07-27T12:10:44.000Z</time>
        <extensions>
          <ns3:TrackPointExtension>
            <ns3:hr>151</ns3:hr>
            <ns3:cad>87</ns3:cad>
          </ns3:TrackPointExtension>
        </extensions>
      </trkpt>
      <trkpt lat="30.275844968855381011962890625" lon="120.20649083890020847320556640625">
        <ele>8.19999980926513671875</ele>
        <time>2026-07-27T12:10:45.000Z</time>
        <extensions>
          <ns3:TrackPointExtension>
            <ns3:hr>151</ns3:hr>
            <ns3:cad>87</ns3:cad>
          </ns3:TrackPointExtension>
        </extensions>
      </trkpt>
      <trkpt lat="30.275840945541858673095703125" lon="120.20646192133426666259765625">
        <ele>8.19999980926513671875</ele>
        <time>2026-07-27T12:10:46.000Z</time>
        <extensions>
          <ns3:TrackPointExtension>
            <ns3:hr>151</ns3:hr>
            <ns3:cad>87</ns3:cad>
          </ns3:TrackPointExtension>
        </extensions>
      </trkpt>
      <trkpt lat="30.2758352458477020263671875" lon="120.20644716918468475341796875">
        <ele>8.19999980926513671875</ele>
        <time>2026-07-27T12:10:47.000Z</time>
        <extensions>
          <ns3:TrackPointExtension>
            <ns3:hr>151</ns3:hr>
            <ns3:cad>86</ns3:cad>
          </ns3:TrackPointExtension>
        </extensions>
      </trkpt>
      <trkpt lat="30.27582711540162563323974609375" lon="120.20641908980906009674072265625">
        <ele>8</ele>
        <time>2026-07-27T12:10:48.000Z</time>
        <extensions>
          <ns3:TrackPointExtension>
            <ns3:hr>151</ns3:hr>
            <ns3:cad>86</ns3:cad>
          </ns3:TrackPointExtension>
        </extensions>
      </trkpt>
      <trkpt lat="30.27581756003201007843017578125" lon="120.20640425384044647216796875">
        <ele>8</ele>
        <time>2026-07-27T12:10:49.000Z</time>
        <extensions>
          <ns3:TrackPointExtension>
            <ns3:hr>150</ns3:hr>
            <ns3:cad>86</ns3:cad>
          </ns3:TrackPointExtension>
        </extensions>
      </trkpt>
      <trkpt lat="30.27580649591982364654541015625" lon="120.20638271234929561614990234375">
        <ele>8</ele>
        <time>2026-07-27T12:10:50.000Z</time>
        <extensions>
          <ns3:TrackPointExtension>
            <ns3:hr>151</ns3:hr>
            <ns3:cad>86</ns3:cad>
          </ns3:TrackPointExtension>
        </extensions>
      </trkpt>
      <trkpt lat="30.2758003771305084228515625" lon="120.206355638802051544189453125">
        <ele>8.19999980926513671875</ele>
        <time>2026-07-27T12:10:51.000Z</time>
        <extensions>
          <ns3:TrackPointExtension>
            <ns3:hr>150</ns3:hr>
            <ns3:cad>86</ns3:cad>
          </ns3:TrackPointExtension>
        </extensions>
      </trkpt>
      <trkpt lat="30.2757874689996242523193359375" lon="120.20633518695831298828125">
        <ele>8.19999980926513671875</ele>
        <time>2026-07-27T12:10:52.000Z</time>
        <extensions>
          <ns3:TrackPointExtension>
            <ns3:hr>150</ns3:hr>
            <ns3:cad>86</ns3:cad>
          </ns3:TrackPointExtension>
        </extensions>
      </trkpt>
      <trkpt lat="30.2757747285068035125732421875" lon="120.20630828104913234710693359375">
        <ele>8.19999980926513671875</ele>
        <time>2026-07-27T12:10:53.000Z</time>
        <extensions>
          <ns3:TrackPointExtension>
            <ns3:hr>150</ns3:hr>
            <ns3:cad>86</ns3:cad>
          </ns3:TrackPointExtension>
        </extensions>
      </trkpt>
      <trkpt lat="30.275759808719158172607421875" lon="120.20629562437534332275390625">
        <ele>8.19999980926513671875</ele>
        <time>2026-07-27T12:10:54.000Z</time>
        <extensions>
          <ns3:TrackPointExtension>
            <ns3:hr>150</ns3:hr>
            <ns3:cad>86</ns3:cad>
          </ns3:TrackPointExtension>
        </extensions>
      </trkpt>
      <trkpt lat="30.27573935687541961669921875" lon="120.206275172531604766845703125">
        <ele>8.19999980926513671875</ele>
        <time>2026-07-27T12:10:55.000Z</time>
        <extensions>
          <ns3:TrackPointExtension>
            <ns3:hr>150</ns3:hr>
            <ns3:cad>86</ns3:cad>
          </ns3:TrackPointExtension>
        </extensions>
      </trkpt>
      <trkpt lat="30.275724269449710845947265625" lon="120.2062595821917057037353515625">
        <ele>8.19999980926513671875</ele>
        <time>2026-07-27T12:10:56.000Z</time>
        <extensions>
          <ns3:TrackPointExtension>
            <ns3:hr>150</ns3:hr>
            <ns3:cad>86</ns3:cad>
          </ns3:TrackPointExtension>
        </extensions>
      </trkpt>
      <trkpt lat="30.2757033146917819976806640625" lon="120.2062455005943775177001953125">
        <ele>8.19999980926513671875</ele>
        <time>2026-07-27T12:10:57.000Z</time>
        <extensions>
          <ns3:TrackPointExtension>
            <ns3:hr>150</ns3:hr>
            <ns3:cad>86</ns3:cad>
          </ns3:TrackPointExtension>
        </extensions>
      </trkpt>
      <trkpt lat="30.2756850421428680419921875" lon="120.20623468793928623199462890625">
        <ele>8.19999980926513671875</ele>
        <time>2026-07-27T12:10:58.000Z</time>
        <extensions>
          <ns3:TrackPointExtension>
            <ns3:hr>149</ns3:hr>
            <ns3:cad>86</ns3:cad>
          </ns3:TrackPointExtension>
        </extensions>
      </trkpt>
      <trkpt lat="30.27566702105104923248291015625" lon="120.20622965879738330841064453125">
        <ele>8.19999980926513671875</ele>
        <time>2026-07-27T12:10:59.000Z</time>
        <extensions>
          <ns3:TrackPointExtension>
            <ns3:hr>149</ns3:hr>
            <ns3:cad>86</ns3:cad>
          </ns3:TrackPointExtension>
        </extensions>
      </trkpt>
      <trkpt lat="30.27564346790313720703125" lon="120.2062240429222583770751953125">
        <ele>8.19999980926513671875</ele>
        <time>2026-07-27T12:11:00.000Z</time>
        <extensions>
          <ns3:TrackPointExtension>
            <ns3:hr>149</ns3:hr>
            <ns3:cad>86</ns3:cad>
          </ns3:TrackPointExtension>
        </extensions>
      </trkpt>
      <trkpt lat="30.2756265364587306976318359375" lon="120.2062284015119075775146484375">
        <ele>8.19999980926513671875</ele>
        <time>2026-07-27T12:11:01.000Z</time>
        <extensions>
          <ns3:TrackPointExtension>
            <ns3:hr>149</ns3:hr>
            <ns3:cad>86</ns3:cad>
          </ns3:TrackPointExtension>
        </extensions>
      </trkpt>
      <trkpt lat="30.27559678070247173309326171875" lon="120.2062240429222583770751953125">
        <ele>8.19999980926513671875</ele>
        <time>2026-07-27T12:11:02.000Z</time>
        <extensions>
          <ns3:TrackPointExtension>
            <ns3:hr>149</ns3:hr>
            <ns3:cad>86</ns3:cad>
          </ns3:TrackPointExtension>
        </extensions>
      </trkpt>
      <trkpt lat="30.27558068744838237762451171875" lon="120.20622496493160724639892578125">
        <ele>8.19999980926513671875</ele>
        <time>2026-07-27T12:11:03.000Z</time>
        <extensions>
          <ns3:TrackPointExtension>
            <ns3:hr>149</ns3:hr>
            <ns3:cad>86</ns3:cad>
          </ns3:TrackPointExtension>
        </extensions>
      </trkpt>
      <trkpt lat="30.27555470354855060577392578125" lon="120.20622479729354381561279296875">
        <ele>8.19999980926513671875</ele>
        <time>2026-07-27T12:11:04.000Z</time>
        <extensions>
          <ns3:TrackPointExtension>
            <ns3:hr>149</ns3:hr>
            <ns3:cad>86</ns3:cad>
          </ns3:TrackPointExtension>
        </extensions>
      </trkpt>
      <trkpt lat="30.27553274296224117279052734375" lon="120.20622798241674900054931640625">
        <ele>8.19999980926513671875</ele>
        <time>2026-07-27T12:11:05.000Z</time>
        <extensions>
          <ns3:TrackPointExtension>
            <ns3:hr>149</ns3:hr>
            <ns3:cad>85</ns3:cad>
          </ns3:TrackPointExtension>
        </extensions>
      </trkpt>
      <trkpt lat="30.2755122072994709014892578125" lon="120.20623167045414447784423828125">
        <ele>8.19999980926513671875</ele>
        <time>2026-07-27T12:11:06.000Z</time>
        <extensions>
          <ns3:TrackPointExtension>
            <ns3:hr>149</ns3:hr>
            <ns3:cad>85</ns3:cad>
          </ns3:TrackPointExtension>
        </extensions>
      </trkpt>
      <trkpt lat="30.27548815123736858367919921875" lon="120.2062334306538105010986328125">
        <ele>8.19999980926513671875</ele>
        <time>2026-07-27T12:11:07.000Z</time>
        <extensions>
          <ns3:TrackPointExtension>
            <ns3:hr>149</ns3:hr>
            <ns3:cad>85</ns3:cad>
          </ns3:TrackPointExtension>
        </extensions>
      </trkpt>
      <trkpt lat="30.27547038160264492034912109375" lon="120.20624306984245777130126953125">
        <ele>8.19999980926513671875</ele>
        <time>2026-07-27T12:11:08.000Z</time>
        <extensions>
          <ns3:TrackPointExtension>
            <ns3:hr>149</ns3:hr>
            <ns3:cad>86</ns3:cad>
          </ns3:TrackPointExtension>
        </extensions>
      </trkpt>
      <trkpt lat="30.2754444815218448638916015625" lon="120.20624021999537944793701171875">
        <ele>8.19999980926513671875</ele>
        <time>2026-07-27T12:11:09.000Z</time>
        <extensions>
          <ns3:TrackPointExtension>
            <ns3:hr>149</ns3:hr>
            <ns3:cad>86</ns3:cad>
          </ns3:TrackPointExtension>
        </extensions>
      </trkpt>
      <trkpt lat="30.2754273824393749237060546875" lon="120.20624332129955291748046875">
        <ele>8.19999980926513671875</ele>
        <time>2026-07-27T12:11:10.000Z</time>
        <extensions>
          <ns3:TrackPointExtension>
            <ns3:hr>149</ns3:hr>
            <ns3:cad>86</ns3:cad>
          </ns3:TrackPointExtension>
        </extensions>
      </trkpt>
      <trkpt lat="30.27540315873920917510986328125" lon="120.20624491386115550994873046875">
        <ele>8.19999980926513671875</ele>
        <time>2026-07-27T12:11:11.000Z</time>
        <extensions>
          <ns3:TrackPointExtension>
            <ns3:hr>150</ns3:hr>
            <ns3:cad>86</ns3:cad>
          </ns3:TrackPointExtension>
        </extensions>
      </trkpt>
      <trkpt lat="30.27538086287677288055419921875" lon="120.20624508149921894073486328125">
        <ele>8.19999980926513671875</ele>
        <time>2026-07-27T12:11:12.000Z</time>
        <extensions>
          <ns3:TrackPointExtension>
            <ns3:hr>149</ns3:hr>
            <ns3:cad>85</ns3:cad>
          </ns3:TrackPointExtension>
        </extensions>
      </trkpt>
      <trkpt lat="30.27536124922335147857666015625" lon="120.20624876953661441802978515625">
        <ele>8.19999980926513671875</ele>
        <time>2026-07-27T12:11:13.000Z</time>
        <extensions>
          <ns3:TrackPointExtension>
            <ns3:hr>149</ns3:hr>
            <ns3:cad>85</ns3:cad>
          </ns3:TrackPointExtension>
        </extensions>
      </trkpt>
      <trkpt lat="30.27533710934221744537353515625" lon="120.206249691545963287353515625">
        <ele>8.19999980926513671875</ele>
        <time>2026-07-27T12:11:14.000Z</time>
        <extensions>
          <ns3:TrackPointExtension>
            <ns3:hr>149</ns3:hr>
            <ns3:cad>85</ns3:cad>
          </ns3:TrackPointExtension>
        </extensions>
      </trkpt>
      <trkpt lat="30.2753194235265254974365234375" lon="120.2062595821917057037353515625">
        <ele>8.19999980926513671875</ele>
        <time>2026-07-27T12:11:15.000Z</time>
        <extensions>
          <ns3:TrackPointExtension>
            <ns3:hr>150</ns3:hr>
            <ns3:cad>85</ns3:cad>
          </ns3:TrackPointExtension>
        </extensions>
      </trkpt>
      <trkpt lat="30.27529402635991573333740234375" lon="120.20625673234462738037109375">
        <ele>8.3999996185302734375</ele>
        <time>2026-07-27T12:11:16.000Z</time>
        <extensions>
          <ns3:TrackPointExtension>
            <ns3:hr>149</ns3:hr>
            <ns3:cad>85</ns3:cad>
          </ns3:TrackPointExtension>
        </extensions>
      </trkpt>
      <trkpt lat="30.2752778492867946624755859375" lon="120.20625681616365909576416015625">
        <ele>8.19999980926513671875</ele>
        <time>2026-07-27T12:11:17.000Z</time>
        <extensions>
          <ns3:TrackPointExtension>
            <ns3:hr>150</ns3:hr>
            <ns3:cad>87</ns3:cad>
          </ns3:TrackPointExtension>
        </extensions>
      </trkpt>
      <trkpt lat="30.2752520330250263214111328125" lon="120.2062572352588176727294921875">
        <ele>8.19999980926513671875</ele>
        <time>2026-07-27T12:11:18.000Z</time>
        <extensions>
          <ns3:TrackPointExtension>
            <ns3:hr>150</ns3:hr>
            <ns3:cad>87</ns3:cad>
          </ns3:TrackPointExtension>
        </extensions>
      </trkpt>
      <trkpt lat="30.27523300610482692718505859375" lon="120.2062585763633251190185546875">
        <ele>8.19999980926513671875</ele>
        <time>2026-07-27T12:11:19.000Z</time>
        <extensions>
          <ns3:TrackPointExtension>
            <ns3:hr>150</ns3:hr>
            <ns3:cad>87</ns3:cad>
          </ns3:TrackPointExtension>
        </extensions>
      </trkpt>
      <trkpt lat="30.27521473355591297149658203125" lon="120.20626503042876720428466796875">
        <ele>8.19999980926513671875</ele>
        <time>2026-07-27T12:11:20.000Z</time>
        <extensions>
          <ns3:TrackPointExtension>
            <ns3:hr>149</ns3:hr>
            <ns3:cad>86</ns3:cad>
          </ns3:TrackPointExtension>
        </extensions>
      </trkpt>
      <trkpt lat="30.2751920185983180999755859375" lon="120.2062733285129070281982421875">
        <ele>8.19999980926513671875</ele>
        <time>2026-07-27T12:11:21.000Z</time>
        <extensions>
          <ns3:TrackPointExtension>
            <ns3:hr>150</ns3:hr>
            <ns3:cad>86</ns3:cad>
          </ns3:TrackPointExtension>
        </extensions>
      </trkpt>
      <trkpt lat="30.2751769311726093292236328125" lon="120.20627860911190509796142578125">
        <ele>8.3999996185302734375</ele>
        <time>2026-07-27T12:11:22.000Z</time>
        <extensions>
          <ns3:TrackPointExtension>
            <ns3:hr>150</ns3:hr>
            <ns3:cad>86</ns3:cad>
          </ns3:TrackPointExtension>
        </extensions>
      </trkpt>
      <trkpt lat="30.275147259235382080078125" lon="120.2062780223786830902099609375">
        <ele>8.3999996185302734375</ele>
        <time>2026-07-27T12:11:23.000Z</time>
        <extensions>
          <ns3:TrackPointExtension>
            <ns3:hr>150</ns3:hr>
            <ns3:cad>87</ns3:cad>
          </ns3:TrackPointExtension>
        </extensions>
      </trkpt>
      <trkpt lat="30.27513108216226100921630859375" lon="120.20628414116799831390380859375">
        <ele>8.19999980926513671875</ele>
        <time>2026-07-27T12:11:24.000Z</time>
        <extensions>
          <ns3:TrackPointExtension>
            <ns3:hr>149</ns3:hr>
            <ns3:cad>86</ns3:cad>
          </ns3:TrackPointExtension>
        </extensions>
      </trkpt>
      <trkpt lat="30.2751045115292072296142578125" lon="120.2062882483005523681640625">
        <ele>8.19999980926513671875</ele>
        <time>2026-07-27T12:11:25.000Z</time>
        <extensions>
          <ns3:TrackPointExtension>
            <ns3:hr>150</ns3:hr>
            <ns3:cad>86</ns3:cad>
          </ns3:TrackPointExtension>
        </extensions>
      </trkpt>
      <trkpt lat="30.2750800363719463348388671875" lon="120.20628632046282291412353515625">
        <ele>8.19999980926513671875</ele>
        <time>2026-07-27T12:11:26.000Z</time>
        <extensions>
          <ns3:TrackPointExtension>
            <ns3:hr>150</ns3:hr>
            <ns3:cad>86</ns3:cad>
          </ns3:TrackPointExtension>
        </extensions>
      </trkpt>
      <trkpt lat="30.27506209909915924072265625" lon="120.20629302598536014556884765625">
        <ele>8.19999980926513671875</ele>
        <time>2026-07-27T12:11:27.000Z</time>
        <extensions>
          <ns3:TrackPointExtension>
            <ns3:hr>150</ns3:hr>
            <ns3:cad>85</ns3:cad>
          </ns3:TrackPointExtension>
        </extensions>
      </trkpt>
      <trkpt lat="30.2750374563038349151611328125" lon="120.20629537291824817657470703125">
        <ele>8.19999980926513671875</ele>
        <time>2026-07-27T12:11:28.000Z</time>
        <extensions>
          <ns3:TrackPointExtension>
            <ns3:hr>149</ns3:hr>
            <ns3:cad>85</ns3:cad>
          </ns3:TrackPointExtension>
        </extensions>
      </trkpt>
      <trkpt lat="30.27502052485942840576171875" lon="120.2062971331179141998291015625">
        <ele>8.19999980926513671875</ele>
        <time>2026-07-27T12:11:29.000Z</time>
        <extensions>
          <ns3:TrackPointExtension>
            <ns3:hr>150</ns3:hr>
            <ns3:cad>85</ns3:cad>
          </ns3:TrackPointExtension>
        </extensions>
      </trkpt>
      <trkpt lat="30.27500250376760959625244140625" lon="120.2062964625656604766845703125">
        <ele>8.19999980926513671875</ele>
        <time>2026-07-27T12:11:30.000Z</time>
        <extensions>
          <ns3:TrackPointExtension>
            <ns3:hr>150</ns3:hr>
            <ns3:cad>85</ns3:cad>
          </ns3:TrackPointExtension>
        </extensions>
      </trkpt>
      <trkpt lat="30.27497987262904644012451171875" lon="120.20629453472793102264404296875">
        <ele>8.19999980926513671875</ele>
        <time>2026-07-27T12:11:31.000Z</time>
        <extensions>
          <ns3:TrackPointExtension>
            <ns3:hr>150</ns3:hr>
            <ns3:cad>85</ns3:cad>
          </ns3:TrackPointExtension>
        </extensions>
      </trkpt>
      <trkpt lat="30.274966545403003692626953125" lon="120.2062964625656604766845703125">
        <ele>8.19999980926513671875</ele>
        <time>2026-07-27T12:11:32.000Z</time>
        <extensions>
          <ns3:TrackPointExtension>
            <ns3:hr>150</ns3:hr>
            <ns3:cad>85</ns3:cad>
          </ns3:TrackPointExtension>
        </extensions>
      </trkpt>
      <trkpt lat="30.274951122701168060302734375" lon="120.20630098879337310791015625">
        <ele>8.19999980926513671875</ele>
        <time>2026-07-27T12:11:33.000Z</time>
        <extensions>
          <ns3:TrackPointExtension>
            <ns3:hr>150</ns3:hr>
            <ns3:cad>85</ns3:cad>
          </ns3:TrackPointExtension>
        </extensions>
      </trkpt>
      <trkpt lat="30.27493142522871494293212890625" lon="120.2062991447746753692626953125">
        <ele>8.19999980926513671875</ele>
        <time>2026-07-27T12:11:34.000Z</time>
        <extensions>
          <ns3:TrackPointExtension>
            <ns3:hr>150</ns3:hr>
            <ns3:cad>84</ns3:cad>
          </ns3:TrackPointExtension>
        </extensions>
      </trkpt>
      <trkpt lat="30.27491214685142040252685546875" lon="120.2063014917075634002685546875">
        <ele>8.19999980926513671875</ele>
        <time>2026-07-27T12:11:35.000Z</time>
        <extensions>
          <ns3:TrackPointExtension>
            <ns3:hr>150</ns3:hr>
            <ns3:cad>83</ns3:cad>
          </ns3:TrackPointExtension>
        </extensions>
      </trkpt>
      <trkpt lat="30.274888761341571807861328125" lon="120.2063016593456268310546875">
        <ele>8.19999980926513671875</ele>
        <time>2026-07-27T12:11:36.000Z</time>
        <extensions>
          <ns3:TrackPointExtension>
            <ns3:hr>150</ns3:hr>
            <ns3:cad>81</ns3:cad>
          </ns3:TrackPointExtension>
        </extensions>
      </trkpt>
      <trkpt lat="30.2748698182404041290283203125" lon="120.2063081972301006317138671875">
        <ele>8</ele>
        <time>2026-07-27T12:11:37.000Z</time>
        <extensions>
          <ns3:TrackPointExtension>
            <ns3:hr>149</ns3:hr>
            <ns3:cad>81</ns3:cad>
          </ns3:TrackPointExtension>
        </extensions>
      </trkpt>
      <trkpt lat="30.27484509162604808807373046875" lon="120.20631398074328899383544921875">
        <ele>8</ele>
        <time>2026-07-27T12:11:38.000Z</time>
        <extensions>
          <ns3:TrackPointExtension>
            <ns3:hr>150</ns3:hr>
            <ns3:cad>81</ns3:cad>
          </ns3:TrackPointExtension>
        </extensions>
      </trkpt>
      <trkpt lat="30.27482665143907070159912109375" lon="120.20632336847484111785888671875">
        <ele>8</ele>
        <time>2026-07-27T12:11:39.000Z</time>
        <extensions>
          <ns3:TrackPointExtension>
            <ns3:hr>150</ns3:hr>
            <ns3:cad>82</ns3:cad>
          </ns3:TrackPointExtension>
        </extensions>
      </trkpt>
      <trkpt lat="30.274804942309856414794921875" lon="120.20633342675864696502685546875">
        <ele>8</ele>
        <time>2026-07-27T12:11:40.000Z</time>
        <extensions>
          <ns3:TrackPointExtension>
            <ns3:hr>150</ns3:hr>
            <ns3:cad>83</ns3:cad>
          </ns3:TrackPointExtension>
        </extensions>
      </trkpt>
      <trkpt lat="30.274780802428722381591796875" lon="120.20634650252759456634521484375">
        <ele>8.19999980926513671875</ele>
        <time>2026-07-27T12:11:41.000Z</time>
        <extensions>
          <ns3:TrackPointExtension>
            <ns3:hr>150</ns3:hr>
            <ns3:cad>85</ns3:cad>
          </ns3:TrackPointExtension>
        </extensions>
      </trkpt>
      <trkpt lat="30.2747645415365695953369140625" lon="120.20636226050555706024169921875">
        <ele>8.19999980926513671875</ele>
        <time>2026-07-27T12:11:42.000Z</time>
        <extensions>
          <ns3:TrackPointExtension>
            <ns3:hr>149</ns3:hr>
            <ns3:cad>85</ns3:cad>
          </ns3:TrackPointExtension>
        </extensions>
      </trkpt>
      <trkpt lat="30.27474559843540191650390625" lon="120.20637919194996356964111328125">
        <ele>8.19999980926513671875</ele>
        <time>2026-07-27T12:11:43.000Z</time>
        <extensions>
          <ns3:TrackPointExtension>
            <ns3:hr>150</ns3:hr>
            <ns3:cad>85</ns3:cad>
          </ns3:TrackPointExtension>
        </extensions>
      </trkpt>
      <trkpt lat="30.27473059482872486114501953125" lon="120.20639830268919467926025390625">
        <ele>8.19999980926513671875</ele>
        <time>2026-07-27T12:11:44.000Z</time>
        <extensions>
          <ns3:TrackPointExtension>
            <ns3:hr>150</ns3:hr>
            <ns3:cad>85</ns3:cad>
          </ns3:TrackPointExtension>
        </extensions>
      </trkpt>
      <trkpt lat="30.27471198700368404388427734375" lon="120.2064218558371067047119140625">
        <ele>8.19999980926513671875</ele>
        <time>2026-07-27T12:11:45.000Z</time>
        <extensions>
          <ns3:TrackPointExtension>
            <ns3:hr>149</ns3:hr>
            <ns3:cad>85</ns3:cad>
          </ns3:TrackPointExtension>
        </extensions>
      </trkpt>
      <trkpt lat="30.27470679022371768951416015625" lon="120.20644607953727245330810546875">
        <ele>8.19999980926513671875</ele>
        <time>2026-07-27T12:11:46.000Z</time>
        <extensions>
          <ns3:TrackPointExtension>
            <ns3:hr>150</ns3:hr>
            <ns3:cad>85</ns3:cad>
          </ns3:TrackPointExtension>
        </extensions>
      </trkpt>
      <trkpt lat="30.2746961452066898345947265625" lon="120.2064698003232479095458984375">
        <ele>8.19999980926513671875</ele>
        <time>2026-07-27T12:11:47.000Z</time>
        <extensions>
          <ns3:TrackPointExtension>
            <ns3:hr>149</ns3:hr>
            <ns3:cad>85</ns3:cad>
          </ns3:TrackPointExtension>
        </extensions>
      </trkpt>
      <trkpt lat="30.27468399144709110260009765625" lon="120.20649050362408161163330078125">
        <ele>8.19999980926513671875</ele>
        <time>2026-07-27T12:11:48.000Z</time>
        <extensions>
          <ns3:TrackPointExtension>
            <ns3:hr>149</ns3:hr>
            <ns3:cad>86</ns3:cad>
          </ns3:TrackPointExtension>
        </extensions>
      </trkpt>
      <trkpt lat="30.27467728592455387115478515625" lon="120.20651732571423053741455078125">
        <ele>8</ele>
        <time>2026-07-27T12:11:49.000Z</time>
        <extensions>
          <ns3:TrackPointExtension>
            <ns3:hr>149</ns3:hr>
            <ns3:cad>86</ns3:cad>
          </ns3:TrackPointExtension>
        </extensions>
      </trkpt>
      <trkpt lat="30.27467208914458751678466796875" lon="120.2065475843846797943115234375">
        <ele>8</ele>
        <time>2026-07-27T12:11:50.000Z</time>
        <extensions>
          <ns3:TrackPointExtension>
            <ns3:hr>149</ns3:hr>
            <ns3:cad>86</ns3:cad>
          </ns3:TrackPointExtension>
        </extensions>
      </trkpt>
      <trkpt lat="30.27467192150652408599853515625" lon="120.20657147280871868133544921875">
        <ele>8.19999980926513671875</ele>
        <time>2026-07-27T12:11:51.000Z</time>
        <extensions>
          <ns3:TrackPointExtension>
            <ns3:hr>149</ns3:hr>
            <ns3:cad>86</ns3:cad>
          </ns3:TrackPointExtension>
        </extensions>
      </trkpt>
      <trkpt lat="30.27467183768749237060546875" lon="120.2066042460501194000244140625">
        <ele>8.19999980926513671875</ele>
        <time>2026-07-27T12:11:52.000Z</time>
        <extensions>
          <ns3:TrackPointExtension>
            <ns3:hr>149</ns3:hr>
            <ns3:cad>86</ns3:cad>
          </ns3:TrackPointExtension>
        </extensions>
      </trkpt>
      <trkpt lat="30.274672172963619232177734375" lon="120.20662142895162105560302734375">
        <ele>8.19999980926513671875</ele>
        <time>2026-07-27T12:11:53.000Z</time>
        <extensions>
          <ns3:TrackPointExtension>
            <ns3:hr>149</ns3:hr>
            <ns3:cad>86</ns3:cad>
          </ns3:TrackPointExtension>
        </extensions>
      </trkpt>
      <trkpt lat="30.274674855172634124755859375" lon="120.2066558785736560821533203125">
        <ele>8.19999980926513671875</ele>
        <time>2026-07-27T12:11:54.000Z</time>
        <extensions>
          <ns3:TrackPointExtension>
            <ns3:hr>149</ns3:hr>
            <ns3:cad>85</ns3:cad>
          </ns3:TrackPointExtension>
        </extensions>
      </trkpt>
      <trkpt lat="30.2746790461242198944091796875" lon="120.20667758770287036895751953125">
        <ele>8.19999980926513671875</ele>
        <time>2026-07-27T12:11:55.000Z</time>
        <extensions>
          <ns3:TrackPointExtension>
            <ns3:hr>149</ns3:hr>
            <ns3:cad>85</ns3:cad>
          </ns3:TrackPointExtension>
        </extensions>
      </trkpt>
      <trkpt lat="30.27469019405543804168701171875" lon="120.2067054994404315948486328125">
        <ele>8.19999980926513671875</ele>
        <time>2026-07-27T12:11:56.000Z</time>
        <extensions>
          <ns3:TrackPointExtension>
            <ns3:hr>148</ns3:hr>
            <ns3:cad>85</ns3:cad>
          </ns3:TrackPointExtension>
        </extensions>
      </trkpt>
      <trkpt lat="30.27470536530017852783203125" lon="120.2067262865602970123291015625">
        <ele>8.19999980926513671875</ele>
        <time>2026-07-27T12:11:57.000Z</time>
        <extensions>
          <ns3:TrackPointExtension>
            <ns3:hr>148</ns3:hr>
            <ns3:cad>86</ns3:cad>
          </ns3:TrackPointExtension>
        </extensions>
      </trkpt>
      <trkpt lat="30.2747256495058536529541015625" lon="120.20674346946179866790771484375">
        <ele>8.19999980926513671875</ele>
        <time>2026-07-27T12:11:58.000Z</time>
        <extensions>
          <ns3:TrackPointExtension>
            <ns3:hr>148</ns3:hr>
            <ns3:cad>86</ns3:cad>
          </ns3:TrackPointExtension>
        </extensions>
      </trkpt>
      <trkpt lat="30.27474769391119480133056640625" lon="120.20677247084677219390869140625">
        <ele>8.19999980926513671875</ele>
        <time>2026-07-27T12:11:59.000Z</time>
        <extensions>
          <ns3:TrackPointExtension>
            <ns3:hr>149</ns3:hr>
            <ns3:cad>87</ns3:cad>
          </ns3:TrackPointExtension>
        </extensions>
      </trkpt>
      <trkpt lat="30.27476797811686992645263671875" lon="120.20678672008216381072998046875">
        <ele>8.19999980926513671875</ele>
        <time>2026-07-27T12:12:00.000Z</time>
        <extensions>
          <ns3:TrackPointExtension>
            <ns3:hr>148</ns3:hr>
            <ns3:cad>87</ns3:cad>
          </ns3:TrackPointExtension>
        </extensions>
      </trkpt>
      <trkpt lat="30.27479329146444797515869140625" lon="120.2068087644875049591064453125">
        <ele>8.19999980926513671875</ele>
        <time>2026-07-27T12:12:01.000Z</time>
        <extensions>
          <ns3:TrackPointExtension>
            <ns3:hr>148</ns3:hr>
            <ns3:cad>87</ns3:cad>
          </ns3:TrackPointExtension>
        </extensions>
      </trkpt>
      <trkpt lat="30.274812318384647369384765625" lon="120.20681354217231273651123046875">
        <ele>8.19999980926513671875</ele>
        <time>2026-07-27T12:12:02.000Z</time>
        <extensions>
          <ns3:TrackPointExtension>
            <ns3:hr>149</ns3:hr>
            <ns3:cad>87</ns3:cad>
          </ns3:TrackPointExtension>
        </extensions>
      </trkpt>
      <trkpt lat="30.2748413197696208953857421875" lon="120.206826031208038330078125">
        <ele>8.19999980926513671875</ele>
        <time>2026-07-27T12:12:03.000Z</time>
        <extensions>
          <ns3:TrackPointExtension>
            <ns3:hr>149</ns3:hr>
            <ns3:cad>87</ns3:cad>
          </ns3:TrackPointExtension>
        </extensions>
      </trkpt>
      <trkpt lat="30.27485900558531284332275390625" lon="120.206832401454448699951171875">
        <ele>8.19999980926513671875</ele>
        <time>2026-07-27T12:12:04.000Z</time>
        <extensions>
          <ns3:TrackPointExtension>
            <ns3:hr>149</ns3:hr>
            <ns3:cad>87</ns3:cad>
          </ns3:TrackPointExtension>
        </extensions>
      </trkpt>
      <trkpt lat="30.27488582767546176910400390625" lon="120.20683516748249530792236328125">
        <ele>8.19999980926513671875</ele>
        <time>2026-07-27T12:12:05.000Z</time>
        <extensions>
          <ns3:TrackPointExtension>
            <ns3:hr>149</ns3:hr>
            <ns3:cad>87</ns3:cad>
          </ns3:TrackPointExtension>
        </extensions>
      </trkpt>
      <trkpt lat="30.274908877909183502197265625" lon="120.2068399451673030853271484375">
        <ele>8.19999980926513671875</ele>
        <time>2026-07-27T12:12:06.000Z</time>
        <extensions>
          <ns3:TrackPointExtension>
            <ns3:hr>149</ns3:hr>
            <ns3:cad>87</ns3:cad>
          </ns3:TrackPointExtension>
        </extensions>
      </trkpt>
      <trkpt lat="30.2749305032193660736083984375" lon="120.206835083663463592529296875">
        <ele>8.19999980926513671875</ele>
        <time>2026-07-27T12:12:07.000Z</time>
        <extensions>
          <ns3:TrackPointExtension>
            <ns3:hr>149</ns3:hr>
            <ns3:cad>86</ns3:cad>
          </ns3:TrackPointExtension>
        </extensions>
      </trkpt>
      <trkpt lat="30.27495606802403926849365234375" lon="120.20684069953858852386474609375">
        <ele>8.19999980926513671875</ele>
        <time>2026-07-27T12:12:08.000Z</time>
        <extensions>
          <ns3:TrackPointExtension>
            <ns3:hr>149</ns3:hr>
            <ns3:cad>86</ns3:cad>
          </ns3:TrackPointExtension>
        </extensions>
      </trkpt>
      <trkpt lat="30.2749717421829700469970703125" lon="120.20683214999735355377197265625">
        <ele>8.19999980926513671875</ele>
        <time>2026-07-27T12:12:09.000Z</time>
        <extensions>
          <ns3:TrackPointExtension>
            <ns3:hr>149</ns3:hr>
            <ns3:cad>86</ns3:cad>
          </ns3:TrackPointExtension>
        </extensions>
      </trkpt>
      <trkpt lat="30.2749982289969921112060546875" lon="120.20683072507381439208984375">
        <ele>8.19999980926513671875</ele>
        <time>2026-07-27T12:12:10.000Z</time>
        <extensions>
          <ns3:TrackPointExtension>
            <ns3:hr>149</ns3:hr>
            <ns3:cad>87</ns3:cad>
          </ns3:TrackPointExtension>
        </extensions>
      </trkpt>
      <trkpt lat="30.275016166269779205322265625" lon="120.20682259462773799896240234375">
        <ele>8.19999980926513671875</ele>
        <time>2026-07-27T12:12:11.000Z</time>
        <extensions>
          <ns3:TrackPointExtension>
            <ns3:hr>150</ns3:hr>
            <ns3:cad>87</ns3:cad>
          </ns3:TrackPointExtension>
        </extensions>
      </trkpt>
      <trkpt lat="30.275039635598659515380859375" lon="120.2068188227713108062744140625">
        <ele>8.19999980926513671875</ele>
        <time>2026-07-27T12:12:12.000Z</time>
        <extensions>
          <ns3:TrackPointExtension>
            <ns3:hr>150</ns3:hr>
            <ns3:cad>87</ns3:cad>
          </ns3:TrackPointExtension>
        </extensions>
      </trkpt>
      <trkpt lat="30.275061763823032379150390625" lon="120.2068168111145496368408203125">
        <ele>8.19999980926513671875</ele>
        <time>2026-07-27T12:12:13.000Z</time>
        <extensions>
          <ns3:TrackPointExtension>
            <ns3:hr>150</ns3:hr>
            <ns3:cad>86</ns3:cad>
          </ns3:TrackPointExtension>
        </extensions>
      </trkpt>
      <trkpt lat="30.27508012019097805023193359375" lon="120.20680951885879039764404296875">
        <ele>8.19999980926513671875</ele>
        <time>2026-07-27T12:12:14.000Z</time>
        <extensions>
          <ns3:TrackPointExtension>
            <ns3:hr>150</ns3:hr>
            <ns3:cad>86</ns3:cad>
          </ns3:TrackPointExtension>
        </extensions>
      </trkpt>
      <trkpt lat="30.27510275132954120635986328125" lon="120.206807591021060943603515625">
        <ele>8</ele>
        <time>2026-07-27T12:12:15.000Z</time>
        <extensions>
          <ns3:TrackPointExtension>
            <ns3:hr>151</ns3:hr>
            <ns3:cad>86</ns3:cad>
          </ns3:TrackPointExtension>
        </extensions>
      </trkpt>
      <trkpt lat="30.2751155756413936614990234375" lon="120.2068017236888408660888671875">
        <ele>8</ele>
        <time>2026-07-27T12:12:16.000Z</time>
        <extensions>
          <ns3:TrackPointExtension>
            <ns3:hr>151</ns3:hr>
            <ns3:cad>86</ns3:cad>
          </ns3:TrackPointExtension>
        </extensions>
      </trkpt>
      <trkpt lat="30.27513921260833740234375" lon="120.2068050764501094818115234375">
        <ele>8</ele>
        <time>2026-07-27T12:12:17.000Z</time>
        <extensions>
          <ns3:TrackPointExtension>
            <ns3:hr>152</ns3:hr>
            <ns3:cad>86</ns3:cad>
          </ns3:TrackPointExtension>
        </extensions>
      </trkpt>
      <trkpt lat="30.27515220455825328826904296875" lon="120.20679987967014312744140625">
        <ele>8</ele>
        <time>2026-07-27T12:12:18.000Z</time>
        <extensions>
          <ns3:TrackPointExtension>
            <ns3:hr>152</ns3:hr>
            <ns3:cad>86</ns3:cad>
          </ns3:TrackPointExtension>
        </extensions>
      </trkpt>
      <trkpt lat="30.27517617680132389068603515625" lon="120.20679778419435024261474609375">
        <ele>8</ele>
        <time>2026-07-27T12:12:19.000Z</time>
        <extensions>
          <ns3:TrackPointExtension>
            <ns3:hr>152</ns3:hr>
            <ns3:cad>86</ns3:cad>
          </ns3:TrackPointExtension>
        </extensions>
      </trkpt>
      <trkpt lat="30.27519629336893558502197265625" lon="120.20679778419435024261474609375">
        <ele>8</ele>
        <time>2026-07-27T12:12:20.000Z</time>
        <extensions>
          <ns3:TrackPointExtension>
            <ns3:hr>153</ns3:hr>
            <ns3:cad>86</ns3:cad>
          </ns3:TrackPointExtension>
        </extensions>
      </trkpt>
      <trkpt lat="30.27521925978362560272216796875" lon="120.206795521080493927001953125">
        <ele>8</ele>
        <time>2026-07-27T12:12:21.000Z</time>
        <extensions>
          <ns3:TrackPointExtension>
            <ns3:hr>153</ns3:hr>
            <ns3:cad>86</ns3:cad>
          </ns3:TrackPointExtension>
        </extensions>
      </trkpt>
      <trkpt lat="30.2752413041889667510986328125" lon="120.20679946057498455047607421875">
        <ele>8.19999980926513671875</ele>
        <time>2026-07-27T12:12:22.000Z</time>
        <extensions>
          <ns3:TrackPointExtension>
            <ns3:hr>153</ns3:hr>
            <ns3:cad>86</ns3:cad>
          </ns3:TrackPointExtension>
        </extensions>
      </trkpt>
      <trkpt lat="30.275258906185626983642578125" lon="120.2067943476140499114990234375">
        <ele>8.19999980926513671875</ele>
        <time>2026-07-27T12:12:23.000Z</time>
        <extensions>
          <ns3:TrackPointExtension>
            <ns3:hr>153</ns3:hr>
            <ns3:cad>87</ns3:cad>
          </ns3:TrackPointExtension>
        </extensions>
      </trkpt>
      <trkpt lat="30.27528128586709499359130859375" lon="120.2068054117262363433837890625">
        <ele>8</ele>
        <time>2026-07-27T12:12:24.000Z</time>
        <extensions>
          <ns3:TrackPointExtension>
            <ns3:hr>152</ns3:hr>
            <ns3:cad>87</ns3:cad>
          </ns3:TrackPointExtension>
        </extensions>
      </trkpt>
      <trkpt lat="30.27529947459697723388671875" lon="120.2068037353456020355224609375">
        <ele>8</ele>
        <time>2026-07-27T12:12:25.000Z</time>
        <extensions>
          <ns3:TrackPointExtension>
            <ns3:hr>153</ns3:hr>
            <ns3:cad>87</ns3:cad>
          </ns3:TrackPointExtension>
        </extensions>
      </trkpt>
      <trkpt lat="30.2753244526684284210205078125" lon="120.2068054117262363433837890625">
        <ele>8.19999980926513671875</ele>
        <time>2026-07-27T12:12:26.000Z</time>
        <extensions>
          <ns3:TrackPointExtension>
            <ns3:hr>153</ns3:hr>
            <ns3:cad>87</ns3:cad>
          </ns3:TrackPointExtension>
        </extensions>
      </trkpt>
      <trkpt lat="30.27534465305507183074951171875" lon="120.20680046640336513519287109375">
        <ele>8</ele>
        <time>2026-07-27T12:12:27.000Z</time>
        <extensions>
          <ns3:TrackPointExtension>
            <ns3:hr>153</ns3:hr>
            <ns3:cad>86</ns3:cad>
          </ns3:TrackPointExtension>
        </extensions>
      </trkpt>
      <trkpt lat="30.27537030167877674102783203125" lon="120.2067973650991916656494140625">
        <ele>8</ele>
        <time>2026-07-27T12:12:28.000Z</time>
        <extensions>
          <ns3:TrackPointExtension>
            <ns3:hr>153</ns3:hr>
            <ns3:cad>86</ns3:cad>
          </ns3:TrackPointExtension>
        </extensions>
      </trkpt>
      <trkpt lat="30.27539880014955997467041015625" lon="120.2067966945469379425048828125">
        <ele>8</ele>
        <time>2026-07-27T12:12:29.000Z</time>
        <extensions>
          <ns3:TrackPointExtension>
            <ns3:hr>153</ns3:hr>
            <ns3:cad>86</ns3:cad>
          </ns3:TrackPointExtension>
        </extensions>
      </trkpt>
      <trkpt lat="30.275423526763916015625" lon="120.20679392851889133453369140625">
        <ele>8</ele>
        <time>2026-07-27T12:12:30.000Z</time>
        <extensions>
          <ns3:TrackPointExtension>
            <ns3:hr>153</ns3:hr>
            <ns3:cad>86</ns3:cad>
          </ns3:TrackPointExtension>
        </extensions>
      </trkpt>
      <trkpt lat="30.2754478342831134796142578125" lon="120.206797532737255096435546875">
        <ele>8</ele>
        <time>2026-07-27T12:12:31.000Z</time>
        <extensions>
          <ns3:TrackPointExtension>
            <ns3:hr>153</ns3:hr>
            <ns3:cad>86</ns3:cad>
          </ns3:TrackPointExtension>
        </extensions>
      </trkpt>
      <trkpt lat="30.2754669450223445892333984375" lon="120.20679275505244731903076171875">
        <ele>8</ele>
        <time>2026-07-27T12:12:32.000Z</time>
        <extensions>
          <ns3:TrackPointExtension>
            <ns3:hr>153</ns3:hr>
            <ns3:cad>86</ns3:cad>
          </ns3:TrackPointExtension>
        </extensions>
      </trkpt>
      <trkpt lat="30.27549033053219318389892578125" lon="120.20679728128015995025634765625">
        <ele>8</ele>
        <time>2026-07-27T12:12:33.000Z</time>
        <extensions>
          <ns3:TrackPointExtension>
            <ns3:hr>153</ns3:hr>
            <ns3:cad>86</ns3:cad>
          </ns3:TrackPointExtension>
        </extensions>
      </trkpt>
      <trkpt lat="30.275505669414997100830078125" lon="120.2067886479198932647705078125">
        <ele>8</ele>
        <time>2026-07-27T12:12:34.000Z</time>
        <extensions>
          <ns3:TrackPointExtension>
            <ns3:hr>153</ns3:hr>
            <ns3:cad>87</ns3:cad>
          </ns3:TrackPointExtension>
        </extensions>
      </trkpt>
      <trkpt lat="30.27553190477192401885986328125" lon="120.2067883126437664031982421875">
        <ele>8</ele>
        <time>2026-07-27T12:12:35.000Z</time>
        <extensions>
          <ns3:TrackPointExtension>
            <ns3:hr>153</ns3:hr>
            <ns3:cad>87</ns3:cad>
          </ns3:TrackPointExtension>
        </extensions>
      </trkpt>
      <trkpt lat="30.2755536139011383056640625" lon="120.2067852951586246490478515625">
        <ele>8</ele>
        <time>2026-07-27T12:12:36.000Z</time>
        <extensions>
          <ns3:TrackPointExtension>
            <ns3:hr>154</ns3:hr>
            <ns3:cad>87</ns3:cad>
          </ns3:TrackPointExtension>
        </extensions>
      </trkpt>
      <trkpt lat="30.2755792625248432159423828125" lon="120.20678403787314891815185546875">
        <ele>8</ele>
        <time>2026-07-27T12:12:37.000Z</time>
        <extensions>
          <ns3:TrackPointExtension>
            <ns3:hr>153</ns3:hr>
            <ns3:cad>87</ns3:cad>
          </ns3:TrackPointExtension>
        </extensions>
      </trkpt>
      <trkpt lat="30.2756030671298503875732421875" lon="120.2067832835018634796142578125">
        <ele>8</ele>
        <time>2026-07-27T12:12:38.000Z</time>
        <extensions>
          <ns3:TrackPointExtension>
            <ns3:hr>153</ns3:hr>
            <ns3:cad>87</ns3:cad>
          </ns3:TrackPointExtension>
        </extensions>
      </trkpt>
      <trkpt lat="30.2756272070109844207763671875" lon="120.206780098378658294677734375">
        <ele>8</ele>
        <time>2026-07-27T12:12:39.000Z</time>
        <extensions>
          <ns3:TrackPointExtension>
            <ns3:hr>154</ns3:hr>
            <ns3:cad>87</ns3:cad>
          </ns3:TrackPointExtension>
        </extensions>
      </trkpt>
      <trkpt lat="30.27565176598727703094482421875" lon="120.2067775838077068328857421875">
        <ele>8</ele>
        <time>2026-07-27T12:12:40.000Z</time>
        <extensions>
          <ns3:TrackPointExtension>
            <ns3:hr>153</ns3:hr>
            <ns3:cad>87</ns3:cad>
          </ns3:TrackPointExtension>
        </extensions>
      </trkpt>
      <trkpt lat="30.27567456476390361785888671875" lon="120.2067697048187255859375">
        <ele>8</ele>
        <time>2026-07-27T12:12:41.000Z</time>
        <extensions>
          <ns3:TrackPointExtension>
            <ns3:hr>153</ns3:hr>
            <ns3:cad>87</ns3:cad>
          </ns3:TrackPointExtension>
        </extensions>
      </trkpt>
      <trkpt lat="30.275698788464069366455078125" lon="120.206764005124568939208984375">
        <ele>8</ele>
        <time>2026-07-27T12:12:42.000Z</time>
        <extensions>
          <ns3:TrackPointExtension>
            <ns3:hr>153</ns3:hr>
            <ns3:cad>86</ns3:cad>
          </ns3:TrackPointExtension>
        </extensions>
      </trkpt>
      <trkpt lat="30.27571965940296649932861328125" lon="120.20675268955528736114501953125">
        <ele>8</ele>
        <time>2026-07-27T12:12:43.000Z</time>
        <extensions>
          <ns3:TrackPointExtension>
            <ns3:hr>154</ns3:hr>
            <ns3:cad>86</ns3:cad>
          </ns3:TrackPointExtension>
        </extensions>
      </trkpt>
      <trkpt lat="30.27574212290346622467041015625" lon="120.2067423798143863677978515625">
        <ele>8</ele>
        <time>2026-07-27T12:12:44.000Z</time>
        <extensions>
          <ns3:TrackPointExtension>
            <ns3:hr>153</ns3:hr>
            <ns3:cad>87</ns3:cad>
          </ns3:TrackPointExtension>
        </extensions>
      </trkpt>
      <trkpt lat="30.27575167827308177947998046875" lon="120.2067239396274089813232421875">
        <ele>8</ele>
        <time>2026-07-27T12:12:45.000Z</time>
        <extensions>
          <ns3:TrackPointExtension>
            <ns3:hr>153</ns3:hr>
            <ns3:cad>88</ns3:cad>
          </ns3:TrackPointExtension>
        </extensions>
      </trkpt>
      <trkpt lat="30.27577112428843975067138671875" lon="120.20670063793659210205078125">
        <ele>8</ele>
        <time>2026-07-27T12:12:46.000Z</time>
        <extensions>
          <ns3:TrackPointExtension>
            <ns3:hr>153</ns3:hr>
            <ns3:cad>88</ns3:cad>
          </ns3:TrackPointExtension>
        </extensions>
      </trkpt>
      <trkpt lat="30.2757797576487064361572265625" lon="120.2066796831786632537841796875">
        <ele>8</ele>
        <time>2026-07-27T12:12:47.000Z</time>
        <extensions>
          <ns3:TrackPointExtension>
            <ns3:hr>152</ns3:hr>
            <ns3:cad>88</ns3:cad>
          </ns3:TrackPointExtension>
        </extensions>
      </trkpt>
      <trkpt lat="30.275796353816986083984375" lon="120.20665361545979976654052734375">
        <ele>7.80000019073486328125</ele>
        <time>2026-07-27T12:12:48.000Z</time>
        <extensions>
          <ns3:TrackPointExtension>
            <ns3:hr>152</ns3:hr>
            <ns3:cad>87</ns3:cad>
          </ns3:TrackPointExtension>
        </extensions>
      </trkpt>
      <trkpt lat="30.2758055739104747772216796875" lon="120.2066371031105518341064453125">
        <ele>8</ele>
        <time>2026-07-27T12:12:49.000Z</time>
        <extensions>
          <ns3:TrackPointExtension>
            <ns3:hr>152</ns3:hr>
            <ns3:cad>87</ns3:cad>
          </ns3:TrackPointExtension>
        </extensions>
      </trkpt>
      <trkpt lat="30.27581789530813694000244140625" lon="120.20661271177232265472412109375">
        <ele>8</ele>
        <time>2026-07-27T12:12:50.000Z</time>
        <extensions>
          <ns3:TrackPointExtension>
            <ns3:hr>152</ns3:hr>
            <ns3:cad>87</ns3:cad>
          </ns3:TrackPointExtension>
        </extensions>
      </trkpt>
      <trkpt lat="30.27582921087741851806640625" lon="120.20659527741372585296630859375">
        <ele>8</ele>
        <time>2026-07-27T12:12:51.000Z</time>
        <extensions>
          <ns3:TrackPointExtension>
            <ns3:hr>152</ns3:hr>
            <ns3:cad>87</ns3:cad>
          </ns3:TrackPointExtension>
        </extensions>
      </trkpt>
      <trkpt lat="30.27583482675254344940185546875" lon="120.2065750770270824432373046875">
        <ele>8</ele>
        <time>2026-07-27T12:12:52.000Z</time>
        <extensions>
          <ns3:TrackPointExtension>
            <ns3:hr>152</ns3:hr>
            <ns3:cad>88</ns3:cad>
          </ns3:TrackPointExtension>
        </extensions>
      </trkpt>
      <trkpt lat="30.2758434601128101348876953125" lon="120.20655571483075618743896484375">
        <ele>8</ele>
        <time>2026-07-27T12:12:53.000Z</time>
        <extensions>
          <ns3:TrackPointExtension>
            <ns3:hr>152</ns3:hr>
            <ns3:cad>88</ns3:cad>
          </ns3:TrackPointExtension>
        </extensions>
      </trkpt>
      <trkpt lat="30.27584287337958812713623046875" lon="120.20653660409152507781982421875">
        <ele>8</ele>
        <time>2026-07-27T12:12:54.000Z</time>
        <extensions>
          <ns3:TrackPointExtension>
            <ns3:hr>152</ns3:hr>
            <ns3:cad>88</ns3:cad>
          </ns3:TrackPointExtension>
        </extensions>
      </trkpt>
      <trkpt lat="30.2758501656353473663330078125" lon="120.206508524715900421142578125">
        <ele>8</ele>
        <time>2026-07-27T12:12:55.000Z</time>
        <extensions>
          <ns3:TrackPointExtension>
            <ns3:hr>152</ns3:hr>
            <ns3:cad>87</ns3:cad>
          </ns3:TrackPointExtension>
        </extensions>
      </trkpt>
      <trkpt lat="30.27585159055888652801513671875" lon="120.20648765377700328826904296875">
        <ele>8</ele>
        <time>2026-07-27T12:12:56.000Z</time>
        <extensions>
          <ns3:TrackPointExtension>
            <ns3:hr>152</ns3:hr>
            <ns3:cad>87</ns3:cad>
          </ns3:TrackPointExtension>
        </extensions>
      </trkpt>
      <trkpt lat="30.275849662721157073974609375" lon="120.20645831711590290069580078125">
        <ele>8</ele>
        <time>2026-07-27T12:12:57.000Z</time>
        <extensions>
          <ns3:TrackPointExtension>
            <ns3:hr>152</ns3:hr>
            <ns3:cad>86</ns3:cad>
          </ns3:TrackPointExtension>
        </extensions>
      </trkpt>
      <trkpt lat="30.275838933885097503662109375" lon="120.20644004456698894500732421875">
        <ele>8</ele>
        <time>2026-07-27T12:12:58.000Z</time>
        <extensions>
          <ns3:TrackPointExtension>
            <ns3:hr>152</ns3:hr>
            <ns3:cad>86</ns3:cad>
          </ns3:TrackPointExtension>
        </extensions>
      </trkpt>
      <trkpt lat="30.27582895942032337188720703125" lon="120.20641540177166461944580078125">
        <ele>7.80000019073486328125</ele>
        <time>2026-07-27T12:12:59.000Z</time>
        <extensions>
          <ns3:TrackPointExtension>
            <ns3:hr>152</ns3:hr>
            <ns3:cad>86</ns3:cad>
          </ns3:TrackPointExtension>
        </extensions>
      </trkpt>
      <trkpt lat="30.275823175907135009765625" lon="120.20639310590922832489013671875">
        <ele>7.80000019073486328125</ele>
        <time>2026-07-27T12:13:00.000Z</time>
        <extensions>
          <ns3:TrackPointExtension>
            <ns3:hr>152</ns3:hr>
            <ns3:cad>86</ns3:cad>
          </ns3:TrackPointExtension>
        </extensions>
      </trkpt>
      <trkpt lat="30.27581202797591686248779296875" lon="120.2063740789890289306640625">
        <ele>7.80000019073486328125</ele>
        <time>2026-07-27T12:13:01.000Z</time>
        <extensions>
          <ns3:TrackPointExtension>
            <ns3:hr>152</ns3:hr>
            <ns3:cad>86</ns3:cad>
          </ns3:TrackPointExtension>
        </extensions>
      </trkpt>
      <trkpt lat="30.27580532245337963104248046875" lon="120.20634817890822887420654296875">
        <ele>7.80000019073486328125</ele>
        <time>2026-07-27T12:13:02.000Z</time>
        <extensions>
          <ns3:TrackPointExtension>
            <ns3:hr>152</ns3:hr>
            <ns3:cad>86</ns3:cad>
          </ns3:TrackPointExtension>
        </extensions>
      </trkpt>
      <trkpt lat="30.27579509653151035308837890625" lon="120.2063363604247570037841796875">
        <ele>7.80000019073486328125</ele>
        <time>2026-07-27T12:13:03.000Z</time>
        <extensions>
          <ns3:TrackPointExtension>
            <ns3:hr>152</ns3:hr>
            <ns3:cad>86</ns3:cad>
          </ns3:TrackPointExtension>
        </extensions>
      </trkpt>
      <trkpt lat="30.275780595839023590087890625" lon="120.20631347782909870147705078125">
        <ele>8</ele>
        <time>2026-07-27T12:13:04.000Z</time>
        <extensions>
          <ns3:TrackPointExtension>
            <ns3:hr>152</ns3:hr>
            <ns3:cad>86</ns3:cad>
          </ns3:TrackPointExtension>
        </extensions>
      </trkpt>
      <trkpt lat="30.27576693333685398101806640625" lon="120.2062984742224216461181640625">
        <ele>7.80000019073486328125</ele>
        <time>2026-07-27T12:13:05.000Z</time>
        <extensions>
          <ns3:TrackPointExtension>
            <ns3:hr>152</ns3:hr>
            <ns3:cad>86</ns3:cad>
          </ns3:TrackPointExtension>
        </extensions>
      </trkpt>
      <trkpt lat="30.2757495827972888946533203125" lon="120.20627684891223907470703125">
        <ele>8</ele>
        <time>2026-07-27T12:13:06.000Z</time>
        <extensions>
          <ns3:TrackPointExtension>
            <ns3:hr>152</ns3:hr>
            <ns3:cad>86</ns3:cad>
          </ns3:TrackPointExtension>
        </extensions>
      </trkpt>
      <trkpt lat="30.2757344953715801239013671875" lon="120.2062612585723400115966796875">
        <ele>7.80000019073486328125</ele>
        <time>2026-07-27T12:13:07.000Z</time>
        <extensions>
          <ns3:TrackPointExtension>
            <ns3:hr>152</ns3:hr>
            <ns3:cad>86</ns3:cad>
          </ns3:TrackPointExtension>
        </extensions>
      </trkpt>
      <trkpt lat="30.27571362443268299102783203125" lon="120.20624474622309207916259765625">
        <ele>7.80000019073486328125</ele>
        <time>2026-07-27T12:13:08.000Z</time>
        <extensions>
          <ns3:TrackPointExtension>
            <ns3:hr>152</ns3:hr>
            <ns3:cad>86</ns3:cad>
          </ns3:TrackPointExtension>
        </extensions>
      </trkpt>
      <trkpt lat="30.27569468133151531219482421875" lon="120.20623301155865192413330078125">
        <ele>7.80000019073486328125</ele>
        <time>2026-07-27T12:13:09.000Z</time>
        <extensions>
          <ns3:TrackPointExtension>
            <ns3:hr>152</ns3:hr>
            <ns3:cad>86</ns3:cad>
          </ns3:TrackPointExtension>
        </extensions>
      </trkpt>
      <trkpt lat="30.2756731398403644561767578125" lon="120.20622714422643184661865234375">
        <ele>7.80000019073486328125</ele>
        <time>2026-07-27T12:13:10.000Z</time>
        <extensions>
          <ns3:TrackPointExtension>
            <ns3:hr>152</ns3:hr>
            <ns3:cad>87</ns3:cad>
          </ns3:TrackPointExtension>
        </extensions>
      </trkpt>
      <trkpt lat="30.27565008960664272308349609375" lon="120.206220187246799468994140625">
        <ele>7.80000019073486328125</ele>
        <time>2026-07-27T12:13:11.000Z</time>
        <extensions>
          <ns3:TrackPointExtension>
            <ns3:hr>151</ns3:hr>
            <ns3:cad>87</ns3:cad>
          </ns3:TrackPointExtension>
        </extensions>
      </trkpt>
      <trkpt lat="30.27562913484871387481689453125" lon="120.20622588694095611572265625">
        <ele>7.80000019073486328125</ele>
        <time>2026-07-27T12:13:12.000Z</time>
        <extensions>
          <ns3:TrackPointExtension>
            <ns3:hr>152</ns3:hr>
            <ns3:cad>87</ns3:cad>
          </ns3:TrackPointExtension>
        </extensions>
      </trkpt>
      <trkpt lat="30.2755963616073131561279296875" lon="120.20622362382709980010986328125">
        <ele>7.80000019073486328125</ele>
        <time>2026-07-27T12:13:13.000Z</time>
        <extensions>
          <ns3:TrackPointExtension>
            <ns3:hr>152</ns3:hr>
            <ns3:cad>87</ns3:cad>
          </ns3:TrackPointExtension>
        </extensions>
      </trkpt>
      <trkpt lat="30.27557842433452606201171875" lon="120.20623183809220790863037109375">
        <ele>7.80000019073486328125</ele>
        <time>2026-07-27T12:13:14.000Z</time>
        <extensions>
          <ns3:TrackPointExtension>
            <ns3:hr>152</ns3:hr>
            <ns3:cad>87</ns3:cad>
          </ns3:TrackPointExtension>
        </extensions>
      </trkpt>
      <trkpt lat="30.275545231997966766357421875" lon="120.20623183809220790863037109375">
        <ele>7.80000019073486328125</ele>
        <time>2026-07-27T12:13:15.000Z</time>
        <extensions>
          <ns3:TrackPointExtension>
            <ns3:hr>152</ns3:hr>
            <ns3:cad>87</ns3:cad>
          </ns3:TrackPointExtension>
        </extensions>
      </trkpt>
      <trkpt lat="30.275525785982608795166015625" lon="120.20623334683477878570556640625">
        <ele>8</ele>
        <time>2026-07-27T12:13:16.000Z</time>
        <extensions>
          <ns3:TrackPointExtension>
            <ns3:hr>151</ns3:hr>
            <ns3:cad>87</ns3:cad>
          </ns3:TrackPointExtension>
        </extensions>
      </trkpt>
      <trkpt lat="30.275500304996967315673828125" lon="120.20623066462576389312744140625">
        <ele>8</ele>
        <time>2026-07-27T12:13:17.000Z</time>
        <extensions>
          <ns3:TrackPointExtension>
            <ns3:hr>152</ns3:hr>
            <ns3:cad>87</ns3:cad>
          </ns3:TrackPointExtension>
        </extensions>
      </trkpt>
      <trkpt lat="30.27548077516257762908935546875" lon="120.2062324248254299163818359375">
        <ele>8</ele>
        <time>2026-07-27T12:13:18.000Z</time>
        <extensions>
          <ns3:TrackPointExtension>
            <ns3:hr>152</ns3:hr>
            <ns3:cad>87</ns3:cad>
          </ns3:TrackPointExtension>
        </extensions>
      </trkpt>
      <trkpt lat="30.2754548750817775726318359375" lon="120.20623334683477878570556640625">
        <ele>8</ele>
        <time>2026-07-27T12:13:19.000Z</time>
        <extensions>
          <ns3:TrackPointExtension>
            <ns3:hr>152</ns3:hr>
            <ns3:cad>87</ns3:cad>
          </ns3:TrackPointExtension>
        </extensions>
      </trkpt>
      <trkpt lat="30.27543098665773868560791015625" lon="120.20623284392058849334716796875">
        <ele>8</ele>
        <time>2026-07-27T12:13:20.000Z</time>
        <extensions>
          <ns3:TrackPointExtension>
            <ns3:hr>151</ns3:hr>
            <ns3:cad>87</ns3:cad>
          </ns3:TrackPointExtension>
        </extensions>
      </trkpt>
      <trkpt lat="30.27540869079530239105224609375" lon="120.20623653195798397064208984375">
        <ele>8</ele>
        <time>2026-07-27T12:13:21.000Z</time>
        <extensions>
          <ns3:TrackPointExtension>
            <ns3:hr>152</ns3:hr>
            <ns3:cad>87</ns3:cad>
          </ns3:TrackPointExtension>
        </extensions>
      </trkpt>
      <trkpt lat="30.27538203634321689605712890625" lon="120.206239633262157440185546875">
        <ele>8</ele>
        <time>2026-07-27T12:13:22.000Z</time>
        <extensions>
          <ns3:TrackPointExtension>
            <ns3:hr>152</ns3:hr>
            <ns3:cad>87</ns3:cad>
          </ns3:TrackPointExtension>
        </extensions>
      </trkpt>
      <trkpt lat="30.2753606624901294708251953125" lon="120.20624868571758270263671875">
        <ele>8</ele>
        <time>2026-07-27T12:13:23.000Z</time>
        <extensions>
          <ns3:TrackPointExtension>
            <ns3:hr>152</ns3:hr>
            <ns3:cad>87</ns3:cad>
          </ns3:TrackPointExtension>
        </extensions>
      </trkpt>
      <trkpt lat="30.2753283083438873291015625" lon="120.2062465064227581024169921875">
        <ele>8</ele>
        <time>2026-07-27T12:13:24.000Z</time>
        <extensions>
          <ns3:TrackPointExtension>
            <ns3:hr>151</ns3:hr>
            <ns3:cad>87</ns3:cad>
          </ns3:TrackPointExtension>
        </extensions>
      </trkpt>
      <trkpt lat="30.27531154453754425048828125" lon="120.20625379867851734161376953125">
        <ele>8</ele>
        <time>2026-07-27T12:13:25.000Z</time>
        <extensions>
          <ns3:TrackPointExtension>
            <ns3:hr>152</ns3:hr>
            <ns3:cad>87</ns3:cad>
          </ns3:TrackPointExtension>
        </extensions>
      </trkpt>
      <trkpt lat="30.2752827107906341552734375" lon="120.20625379867851734161376953125">
        <ele>8.19999980926513671875</ele>
        <time>2026-07-27T12:13:26.000Z</time>
        <extensions>
          <ns3:TrackPointExtension>
            <ns3:hr>152</ns3:hr>
            <ns3:cad>87</ns3:cad>
          </ns3:TrackPointExtension>
        </extensions>
      </trkpt>
      <trkpt lat="30.27525781653821468353271484375" lon="120.20625379867851734161376953125">
        <ele>8.19999980926513671875</ele>
        <time>2026-07-27T12:13:27.000Z</time>
        <extensions>
          <ns3:TrackPointExtension>
            <ns3:hr>152</ns3:hr>
            <ns3:cad>87</ns3:cad>
          </ns3:TrackPointExtension>
        </extensions>
      </trkpt>
      <trkpt lat="30.2752356044948101043701171875" lon="120.206257067620754241943359375">
        <ele>8.19999980926513671875</ele>
        <time>2026-07-27T12:13:28.000Z</time>
        <extensions>
          <ns3:TrackPointExtension>
            <ns3:hr>153</ns3:hr>
            <ns3:cad>87</ns3:cad>
          </ns3:TrackPointExtension>
        </extensions>
      </trkpt>
      <trkpt lat="30.27521154843270778656005859375" lon="120.2062595821917057037353515625">
        <ele>8.19999980926513671875</ele>
        <time>2026-07-27T12:13:29.000Z</time>
        <extensions>
          <ns3:TrackPointExtension>
            <ns3:hr>153</ns3:hr>
            <ns3:cad>87</ns3:cad>
          </ns3:TrackPointExtension>
        </extensions>
      </trkpt>
      <trkpt lat="30.27519159950315952301025390625" lon="120.20626486279070377349853515625">
        <ele>8</ele>
        <time>2026-07-27T12:13:30.000Z</time>
        <extensions>
          <ns3:TrackPointExtension>
            <ns3:hr>153</ns3:hr>
            <ns3:cad>87</ns3:cad>
          </ns3:TrackPointExtension>
        </extensions>
      </trkpt>
      <trkpt lat="30.27516578324139118194580078125" lon="120.20626788027584552764892578125">
        <ele>8</ele>
        <time>2026-07-27T12:13:31.000Z</time>
        <extensions>
          <ns3:TrackPointExtension>
            <ns3:hr>153</ns3:hr>
            <ns3:cad>87</ns3:cad>
          </ns3:TrackPointExtension>
        </extensions>
      </trkpt>
      <trkpt lat="30.275145582854747772216796875" lon="120.2062813751399517059326171875">
        <ele>8</ele>
        <time>2026-07-27T12:13:32.000Z</time>
        <extensions>
          <ns3:TrackPointExtension>
            <ns3:hr>153</ns3:hr>
            <ns3:cad>87</ns3:cad>
          </ns3:TrackPointExtension>
        </extensions>
      </trkpt>
      <trkpt lat="30.27511884458363056182861328125" lon="120.206286907196044921875">
        <ele>8</ele>
        <time>2026-07-27T12:13:33.000Z</time>
        <extensions>
          <ns3:TrackPointExtension>
            <ns3:hr>153</ns3:hr>
            <ns3:cad>87</ns3:cad>
          </ns3:TrackPointExtension>
        </extensions>
      </trkpt>
      <trkpt lat="30.27509671635925769805908203125" lon="120.2062900923192501068115234375">
        <ele>8.19999980926513671875</ele>
        <time>2026-07-27T12:13:34.000Z</time>
        <extensions>
          <ns3:TrackPointExtension>
            <ns3:hr>154</ns3:hr>
            <ns3:cad>87</ns3:cad>
          </ns3:TrackPointExtension>
        </extensions>
      </trkpt>
      <trkpt lat="30.27506888844072818756103515625" lon="120.20628665573894977569580078125">
        <ele>8.19999980926513671875</ele>
        <time>2026-07-27T12:13:35.000Z</time>
        <extensions>
          <ns3:TrackPointExtension>
            <ns3:hr>154</ns3:hr>
            <ns3:cad>87</ns3:cad>
          </ns3:TrackPointExtension>
        </extensions>
      </trkpt>
      <trkpt lat="30.27504642494022846221923828125" lon="120.2062882483005523681640625">
        <ele>8.19999980926513671875</ele>
        <time>2026-07-27T12:13:36.000Z</time>
        <extensions>
          <ns3:TrackPointExtension>
            <ns3:hr>154</ns3:hr>
            <ns3:cad>87</ns3:cad>
          </ns3:TrackPointExtension>
        </extensions>
      </trkpt>
      <trkpt lat="30.27502060867846012115478515625" lon="120.20629025995731353759765625">
        <ele>8.19999980926513671875</ele>
        <time>2026-07-27T12:13:37.000Z</time>
        <extensions>
          <ns3:TrackPointExtension>
            <ns3:hr>154</ns3:hr>
            <ns3:cad>87</ns3:cad>
          </ns3:TrackPointExtension>
        </extensions>
      </trkpt>
      <trkpt lat="30.27499596588313579559326171875" lon="120.2062894217669963836669921875">
        <ele>8.19999980926513671875</ele>
        <time>2026-07-27T12:13:38.000Z</time>
        <extensions>
          <ns3:TrackPointExtension>
            <ns3:hr>154</ns3:hr>
            <ns3:cad>87</ns3:cad>
          </ns3:TrackPointExtension>
        </extensions>
      </trkpt>
      <trkpt lat="30.274974592030048370361328125" lon="120.20629554055631160736083984375">
        <ele>8.19999980926513671875</ele>
        <time>2026-07-27T12:13:39.000Z</time>
        <extensions>
          <ns3:TrackPointExtension>
            <ns3:hr>155</ns3:hr>
            <ns3:cad>87</ns3:cad>
          </ns3:TrackPointExtension>
        </extensions>
      </trkpt>
      <trkpt lat="30.27494936250150203704833984375" lon="120.20629025995731353759765625">
        <ele>8.19999980926513671875</ele>
        <time>2026-07-27T12:13:40.000Z</time>
        <extensions>
          <ns3:TrackPointExtension>
            <ns3:hr>155</ns3:hr>
            <ns3:cad>86</ns3:cad>
          </ns3:TrackPointExtension>
        </extensions>
      </trkpt>
      <trkpt lat="30.27493201196193695068359375" lon="120.20629654638469219207763671875">
        <ele>8.19999980926513671875</ele>
        <time>2026-07-27T12:13:41.000Z</time>
        <extensions>
          <ns3:TrackPointExtension>
            <ns3:hr>155</ns3:hr>
            <ns3:cad>86</ns3:cad>
          </ns3:TrackPointExtension>
        </extensions>
      </trkpt>
      <trkpt lat="30.27490125037729740142822265625" lon="120.2062971331179141998291015625">
        <ele>8.19999980926513671875</ele>
        <time>2026-07-27T12:13:42.000Z</time>
        <extensions>
          <ns3:TrackPointExtension>
            <ns3:hr>155</ns3:hr>
            <ns3:cad>86</ns3:cad>
          </ns3:TrackPointExtension>
        </extensions>
      </trkpt>
      <trkpt lat="30.2748825587332248687744140625" lon="120.206293947994709014892578125">
        <ele>8.19999980926513671875</ele>
        <time>2026-07-27T12:13:43.000Z</time>
        <extensions>
          <ns3:TrackPointExtension>
            <ns3:hr>155</ns3:hr>
            <ns3:cad>86</ns3:cad>
          </ns3:TrackPointExtension>
        </extensions>
      </trkpt>
      <trkpt lat="30.27485934086143970489501953125" lon="120.20629235543310642242431640625">
        <ele>8.19999980926513671875</ele>
        <time>2026-07-27T12:13:44.000Z</time>
        <extensions>
          <ns3:TrackPointExtension>
            <ns3:hr>155</ns3:hr>
            <ns3:cad>87</ns3:cad>
          </ns3:TrackPointExtension>
        </extensions>
      </trkpt>
      <trkpt lat="30.2748399786651134490966796875" lon="120.2062954567372798919677734375">
        <ele>8</ele>
        <time>2026-07-27T12:13:45.000Z</time>
        <extensions>
          <ns3:TrackPointExtension>
            <ns3:hr>155</ns3:hr>
            <ns3:cad>87</ns3:cad>
          </ns3:TrackPointExtension>
        </extensions>
      </trkpt>
      <trkpt lat="30.27481894008815288543701171875" lon="120.20630375482141971588134765625">
        <ele>8</ele>
        <time>2026-07-27T12:13:46.000Z</time>
        <extensions>
          <ns3:TrackPointExtension>
            <ns3:hr>155</ns3:hr>
            <ns3:cad>87</ns3:cad>
          </ns3:TrackPointExtension>
        </extensions>
      </trkpt>
      <trkpt lat="30.27479588985443115234375" lon="120.20631414838135242462158203125">
        <ele>8</ele>
        <time>2026-07-27T12:13:47.000Z</time>
        <extensions>
          <ns3:TrackPointExtension>
            <ns3:hr>155</ns3:hr>
            <ns3:cad>87</ns3:cad>
          </ns3:TrackPointExtension>
        </extensions>
      </trkpt>
      <trkpt lat="30.27478222735226154327392578125" lon="120.2063350193202495574951171875">
        <ele>8</ele>
        <time>2026-07-27T12:13:48.000Z</time>
        <extensions>
          <ns3:TrackPointExtension>
            <ns3:hr>155</ns3:hr>
            <ns3:cad>87</ns3:cad>
          </ns3:TrackPointExtension>
        </extensions>
      </trkpt>
      <trkpt lat="30.27476043440401554107666015625" lon="120.20635572262108325958251953125">
        <ele>8</ele>
        <time>2026-07-27T12:13:49.000Z</time>
        <extensions>
          <ns3:TrackPointExtension>
            <ns3:hr>155</ns3:hr>
            <ns3:cad>86</ns3:cad>
          </ns3:TrackPointExtension>
        </extensions>
      </trkpt>
      <trkpt lat="30.27474903501570224761962890625" lon="120.2063762582838535308837890625">
        <ele>8</ele>
        <time>2026-07-27T12:13:50.000Z</time>
        <extensions>
          <ns3:TrackPointExtension>
            <ns3:hr>155</ns3:hr>
            <ns3:cad>87</ns3:cad>
          </ns3:TrackPointExtension>
        </extensions>
      </trkpt>
      <trkpt lat="30.27472707442939281463623046875" lon="120.20639888942241668701171875">
        <ele>8</ele>
        <time>2026-07-27T12:13:51.000Z</time>
        <extensions>
          <ns3:TrackPointExtension>
            <ns3:hr>155</ns3:hr>
            <ns3:cad>87</ns3:cad>
          </ns3:TrackPointExtension>
        </extensions>
      </trkpt>
      <trkpt lat="30.27470394037663936614990234375" lon="120.2064178325235843658447265625">
        <ele>8</ele>
        <time>2026-07-27T12:13:52.000Z</time>
        <extensions>
          <ns3:TrackPointExtension>
            <ns3:hr>155</ns3:hr>
            <ns3:cad>86</ns3:cad>
          </ns3:TrackPointExtension>
        </extensions>
      </trkpt>
      <trkpt lat="30.27469119988381862640380859375" lon="120.20643954165279865264892578125">
        <ele>8</ele>
        <time>2026-07-27T12:13:53.000Z</time>
        <extensions>
          <ns3:TrackPointExtension>
            <ns3:hr>154</ns3:hr>
            <ns3:cad>86</ns3:cad>
          </ns3:TrackPointExtension>
        </extensions>
      </trkpt>
      <trkpt lat="30.2746770344674587249755859375" lon="120.2064652740955352783203125">
        <ele>8.19999980926513671875</ele>
        <time>2026-07-27T12:13:54.000Z</time>
        <extensions>
          <ns3:TrackPointExtension>
            <ns3:hr>155</ns3:hr>
            <ns3:cad>86</ns3:cad>
          </ns3:TrackPointExtension>
        </extensions>
      </trkpt>
      <trkpt lat="30.2746773697435855865478515625" lon="120.206489749252796173095703125">
        <ele>8</ele>
        <time>2026-07-27T12:13:55.000Z</time>
        <extensions>
          <ns3:TrackPointExtension>
            <ns3:hr>155</ns3:hr>
            <ns3:cad>86</ns3:cad>
          </ns3:TrackPointExtension>
        </extensions>
      </trkpt>
      <trkpt lat="30.2746760286390781402587890625" lon="120.2065204270184040069580078125">
        <ele>8</ele>
        <time>2026-07-27T12:13:56.000Z</time>
        <extensions>
          <ns3:TrackPointExtension>
            <ns3:hr>155</ns3:hr>
            <ns3:cad>86</ns3:cad>
          </ns3:TrackPointExtension>
        </extensions>
      </trkpt>
      <trkpt lat="30.27467359788715839385986328125" lon="120.20653492771089076995849609375">
        <ele>8.19999980926513671875</ele>
        <time>2026-07-27T12:13:57.000Z</time>
        <extensions>
          <ns3:TrackPointExtension>
            <ns3:hr>154</ns3:hr>
            <ns3:cad>86</ns3:cad>
          </ns3:TrackPointExtension>
        </extensions>
      </trkpt>
      <trkpt lat="30.2746733464300632476806640625" lon="120.20653543062508106231689453125">
        <ele>8.19999980926513671875</ele>
        <time>2026-07-27T12:13:58.000Z</time>
        <extensions>
          <ns3:TrackPointExtension>
            <ns3:hr>155</ns3:hr>
            <ns3:cad>86</ns3:cad>
          </ns3:TrackPointExtension>
        </extensions>
      </trkpt>
      <trkpt lat="30.274670831859111785888671875" lon="120.20654775202274322509765625">
        <ele>8.19999980926513671875</ele>
        <time>2026-07-27T12:13:59.000Z</time>
        <extensions>
          <ns3:TrackPointExtension>
            <ns3:hr>155</ns3:hr>
            <ns3:cad>0</ns3:cad>
          </ns3:TrackPointExtension>
        </extensions>
      </trkpt>
      <trkpt lat="30.27467544190585613250732421875" lon="120.20657231099903583526611328125">
        <ele>8.19999980926513671875</ele>
        <time>2026-07-27T12:14:00.000Z</time>
        <extensions>
          <ns3:TrackPointExtension>
            <ns3:hr>154</ns3:hr>
            <ns3:cad>0</ns3:cad>
          </ns3:TrackPointExtension>
        </extensions>
      </trkpt>
      <trkpt lat="30.27467912994325160980224609375" lon="120.20659863017499446868896484375">
        <ele>8.3999996185302734375</ele>
        <time>2026-07-27T12:14:01.000Z</time>
        <extensions>
          <ns3:TrackPointExtension>
            <ns3:hr>155</ns3:hr>
            <ns3:cad>0</ns3:cad>
          </ns3:TrackPointExtension>
        </extensions>
      </trkpt>
      <trkpt lat="30.27468633837997913360595703125" lon="120.2066193334758281707763671875">
        <ele>8.19999980926513671875</ele>
        <time>2026-07-27T12:14:02.000Z</time>
        <extensions>
          <ns3:TrackPointExtension>
            <ns3:hr>155</ns3:hr>
            <ns3:cad>0</ns3:cad>
          </ns3:TrackPointExtension>
        </extensions>
      </trkpt>
      <trkpt lat="30.2746921218931674957275390625" lon="120.206654034554958343505859375">
        <ele>8.19999980926513671875</ele>
        <time>2026-07-27T12:14:03.000Z</time>
        <extensions>
          <ns3:TrackPointExtension>
            <ns3:hr>155</ns3:hr>
            <ns3:cad>0</ns3:cad>
          </ns3:TrackPointExtension>
        </extensions>
      </trkpt>
      <trkpt lat="30.2747021801769733428955078125" lon="120.20667247474193572998046875">
        <ele>8.19999980926513671875</ele>
        <time>2026-07-27T12:14:04.000Z</time>
        <extensions>
          <ns3:TrackPointExtension>
            <ns3:hr>154</ns3:hr>
            <ns3:cad>0</ns3:cad>
          </ns3:TrackPointExtension>
        </extensions>
      </trkpt>
      <trkpt lat="30.27471550740301609039306640625" lon="120.20670994184911251068115234375">
        <ele>8.19999980926513671875</ele>
        <time>2026-07-27T12:14:05.000Z</time>
        <extensions>
          <ns3:TrackPointExtension>
            <ns3:hr>155</ns3:hr>
            <ns3:cad>85</ns3:cad>
          </ns3:TrackPointExtension>
        </extensions>
      </trkpt>
      <trkpt lat="30.274728499352931976318359375" lon="120.2067236043512821197509765625">
        <ele>8.19999980926513671875</ele>
        <time>2026-07-27T12:14:06.000Z</time>
        <extensions>
          <ns3:TrackPointExtension>
            <ns3:hr>155</ns3:hr>
            <ns3:cad>86</ns3:cad>
          </ns3:TrackPointExtension>
        </extensions>
      </trkpt>
      <trkpt lat="30.2747462689876556396484375" lon="120.2067477442324161529541015625">
        <ele>8.19999980926513671875</ele>
        <time>2026-07-27T12:14:07.000Z</time>
        <extensions>
          <ns3:TrackPointExtension>
            <ns3:hr>155</ns3:hr>
            <ns3:cad>86</ns3:cad>
          </ns3:TrackPointExtension>
        </extensions>
      </trkpt>
      <trkpt lat="30.27476076968014240264892578125" lon="120.20676241256296634674072265625">
        <ele>8.19999980926513671875</ele>
        <time>2026-07-27T12:14:08.000Z</time>
        <extensions>
          <ns3:TrackPointExtension>
            <ns3:hr>155</ns3:hr>
            <ns3:cad>87</ns3:cad>
          </ns3:TrackPointExtension>
        </extensions>
      </trkpt>
      <trkpt lat="30.2747823111712932586669921875" lon="120.2067775838077068328857421875">
        <ele>8.19999980926513671875</ele>
        <time>2026-07-27T12:14:09.000Z</time>
        <extensions>
          <ns3:TrackPointExtension>
            <ns3:hr>155</ns3:hr>
            <ns3:cad>87</ns3:cad>
          </ns3:TrackPointExtension>
        </extensions>
      </trkpt>
      <trkpt lat="30.27480318211019039154052734375" lon="120.2067886479198932647705078125">
        <ele>8.19999980926513671875</ele>
        <time>2026-07-27T12:14:10.000Z</time>
        <extensions>
          <ns3:TrackPointExtension>
            <ns3:hr>156</ns3:hr>
            <ns3:cad>87</ns3:cad>
          </ns3:TrackPointExtension>
        </extensions>
      </trkpt>
      <trkpt lat="30.274827741086483001708984375" lon="120.20679778419435024261474609375">
        <ele>8</ele>
        <time>2026-07-27T12:14:11.000Z</time>
        <extensions>
          <ns3:TrackPointExtension>
            <ns3:hr>156</ns3:hr>
            <ns3:cad>87</ns3:cad>
          </ns3:TrackPointExtension>
        </extensions>
      </trkpt>
      <trkpt lat="30.2748554013669490814208984375" lon="120.2068124525249004364013671875">
        <ele>8</ele>
        <time>2026-07-27T12:14:12.000Z</time>
        <extensions>
          <ns3:TrackPointExtension>
            <ns3:hr>156</ns3:hr>
            <ns3:cad>87</ns3:cad>
          </ns3:TrackPointExtension>
        </extensions>
      </trkpt>
      <trkpt lat="30.274879038333892822265625" lon="120.20681798458099365234375">
        <ele>8</ele>
        <time>2026-07-27T12:14:13.000Z</time>
        <extensions>
          <ns3:TrackPointExtension>
            <ns3:hr>156</ns3:hr>
            <ns3:cad>88</ns3:cad>
          </ns3:TrackPointExtension>
        </extensions>
      </trkpt>
      <trkpt lat="30.27490544132888317108154296875" lon="120.2068273723125457763671875">
        <ele>8</ele>
        <time>2026-07-27T12:14:14.000Z</time>
        <extensions>
          <ns3:TrackPointExtension>
            <ns3:hr>156</ns3:hr>
            <ns3:cad>88</ns3:cad>
          </ns3:TrackPointExtension>
        </extensions>
      </trkpt>
      <trkpt lat="30.2749291621148586273193359375" lon="120.2068312279880046844482421875">
        <ele>8</ele>
        <time>2026-07-27T12:14:15.000Z</time>
        <extensions>
          <ns3:TrackPointExtension>
            <ns3:hr>157</ns3:hr>
            <ns3:cad>88</ns3:cad>
          </ns3:TrackPointExtension>
        </extensions>
      </trkpt>
      <trkpt lat="30.27495791204273700714111328125" lon="120.206835754215717315673828125">
        <ele>8</ele>
        <time>2026-07-27T12:14:16.000Z</time>
        <extensions>
          <ns3:TrackPointExtension>
            <ns3:hr>157</ns3:hr>
            <ns3:cad>87</ns3:cad>
          </ns3:TrackPointExtension>
        </extensions>
      </trkpt>
      <trkpt lat="30.274975597858428955078125" lon="120.2068295516073703765869140625">
        <ele>8</ele>
        <time>2026-07-27T12:14:17.000Z</time>
        <extensions>
          <ns3:TrackPointExtension>
            <ns3:hr>157</ns3:hr>
            <ns3:cad>87</ns3:cad>
          </ns3:TrackPointExtension>
        </extensions>
      </trkpt>
      <trkpt lat="30.2750045992434024810791015625" lon="120.20683382637798786163330078125">
        <ele>8</ele>
        <time>2026-07-27T12:14:18.000Z</time>
        <extensions>
          <ns3:TrackPointExtension>
            <ns3:hr>157</ns3:hr>
            <ns3:cad>87</ns3:cad>
          </ns3:TrackPointExtension>
        </extensions>
      </trkpt>
      <trkpt lat="30.27502211742103099822998046875" lon="120.2068285457789897918701171875">
        <ele>8</ele>
        <time>2026-07-27T12:14:19.000Z</time>
        <extensions>
          <ns3:TrackPointExtension>
            <ns3:hr>156</ns3:hr>
            <ns3:cad>88</ns3:cad>
          </ns3:TrackPointExtension>
        </extensions>
      </trkpt>
      <trkpt lat="30.27504759840667247772216796875" lon="120.20682544447481632232666015625">
        <ele>8.19999980926513671875</ele>
        <time>2026-07-27T12:14:20.000Z</time>
        <extensions>
          <ns3:TrackPointExtension>
            <ns3:hr>157</ns3:hr>
            <ns3:cad>88</ns3:cad>
          </ns3:TrackPointExtension>
        </extensions>
      </trkpt>
      <trkpt lat="30.27506620623171329498291015625" lon="120.20682745613157749176025390625">
        <ele>8.19999980926513671875</ele>
        <time>2026-07-27T12:14:21.000Z</time>
        <extensions>
          <ns3:TrackPointExtension>
            <ns3:hr>157</ns3:hr>
            <ns3:cad>88</ns3:cad>
          </ns3:TrackPointExtension>
        </extensions>
      </trkpt>
      <trkpt lat="30.27508967556059360504150390625" lon="120.2068246901035308837890625">
        <ele>8.19999980926513671875</ele>
        <time>2026-07-27T12:14:22.000Z</time>
        <extensions>
          <ns3:TrackPointExtension>
            <ns3:hr>157</ns3:hr>
            <ns3:cad>88</ns3:cad>
          </ns3:TrackPointExtension>
        </extensions>
      </trkpt>
      <trkpt lat="30.27511431835591793060302734375" lon="120.20682594738900661468505859375">
        <ele>8.19999980926513671875</ele>
        <time>2026-07-27T12:14:23.000Z</time>
        <extensions>
          <ns3:TrackPointExtension>
            <ns3:hr>156</ns3:hr>
            <ns3:cad>88</ns3:cad>
          </ns3:TrackPointExtension>
        </extensions>
      </trkpt>
      <trkpt lat="30.27513678185641765594482421875" lon="120.20682142116129398345947265625">
        <ele>8.19999980926513671875</ele>
        <time>2026-07-27T12:14:24.000Z</time>
        <extensions>
          <ns3:TrackPointExtension>
            <ns3:hr>156</ns3:hr>
            <ns3:cad>87</ns3:cad>
          </ns3:TrackPointExtension>
        </extensions>
      </trkpt>
      <trkpt lat="30.27516377158463001251220703125" lon="120.20682309754192829132080078125">
        <ele>8</ele>
        <time>2026-07-27T12:14:25.000Z</time>
        <extensions>
          <ns3:TrackPointExtension>
            <ns3:hr>156</ns3:hr>
            <ns3:cad>87</ns3:cad>
          </ns3:TrackPointExtension>
        </extensions>
      </trkpt>
      <trkpt lat="30.27518120594322681427001953125" lon="120.20681002177298069000244140625">
        <ele>8</ele>
        <time>2026-07-27T12:14:26.000Z</time>
        <extensions>
          <ns3:TrackPointExtension>
            <ns3:hr>157</ns3:hr>
            <ns3:cad>87</ns3:cad>
          </ns3:TrackPointExtension>
        </extensions>
      </trkpt>
      <trkpt lat="30.275206603109836578369140625" lon="120.206806249916553497314453125">
        <ele>7.80000019073486328125</ele>
        <time>2026-07-27T12:14:27.000Z</time>
        <extensions>
          <ns3:TrackPointExtension>
            <ns3:hr>157</ns3:hr>
            <ns3:cad>87</ns3:cad>
          </ns3:TrackPointExtension>
        </extensions>
      </trkpt>
      <trkpt lat="30.27522227726876735687255859375" lon="120.20679778419435024261474609375">
        <ele>7.80000019073486328125</ele>
        <time>2026-07-27T12:14:28.000Z</time>
        <extensions>
          <ns3:TrackPointExtension>
            <ns3:hr>157</ns3:hr>
            <ns3:cad>87</ns3:cad>
          </ns3:TrackPointExtension>
        </extensions>
      </trkpt>
      <trkpt lat="30.275243483483791351318359375" lon="120.2067953534424304962158203125">
        <ele>7.80000019073486328125</ele>
        <time>2026-07-27T12:14:29.000Z</time>
        <extensions>
          <ns3:TrackPointExtension>
            <ns3:hr>157</ns3:hr>
            <ns3:cad>86</ns3:cad>
          </ns3:TrackPointExtension>
        </extensions>
      </trkpt>
      <trkpt lat="30.275264270603656768798828125" lon="120.20679560489952564239501953125">
        <ele>7.80000019073486328125</ele>
        <time>2026-07-27T12:14:30.000Z</time>
        <extensions>
          <ns3:TrackPointExtension>
            <ns3:hr>157</ns3:hr>
            <ns3:cad>86</ns3:cad>
          </ns3:TrackPointExtension>
        </extensions>
      </trkpt>
      <trkpt lat="30.27528530918061733245849609375" lon="120.206790827214717864990234375">
        <ele>7.80000019073486328125</ele>
        <time>2026-07-27T12:14:31.000Z</time>
        <extensions>
          <ns3:TrackPointExtension>
            <ns3:hr>157</ns3:hr>
            <ns3:cad>86</ns3:cad>
          </ns3:TrackPointExtension>
        </extensions>
      </trkpt>
      <trkpt lat="30.27530894614756107330322265625" lon="120.2067899890244007110595703125">
        <ele>7.80000019073486328125</ele>
        <time>2026-07-27T12:14:32.000Z</time>
        <extensions>
          <ns3:TrackPointExtension>
            <ns3:hr>156</ns3:hr>
            <ns3:cad>86</ns3:cad>
          </ns3:TrackPointExtension>
        </extensions>
      </trkpt>
      <trkpt lat="30.2753283083438873291015625" lon="120.206782780587673187255859375">
        <ele>7.80000019073486328125</ele>
        <time>2026-07-27T12:14:33.000Z</time>
        <extensions>
          <ns3:TrackPointExtension>
            <ns3:hr>157</ns3:hr>
            <ns3:cad>86</ns3:cad>
          </ns3:TrackPointExtension>
        </extensions>
      </trkpt>
      <trkpt lat="30.275356471538543701171875" lon="120.2067883126437664031982421875">
        <ele>7.80000019073486328125</ele>
        <time>2026-07-27T12:14:34.000Z</time>
        <extensions>
          <ns3:TrackPointExtension>
            <ns3:hr>157</ns3:hr>
            <ns3:cad>86</ns3:cad>
          </ns3:TrackPointExtension>
        </extensions>
      </trkpt>
      <trkpt lat="30.2753754146397113800048828125" lon="120.20678336732089519500732421875">
        <ele>7.80000019073486328125</ele>
        <time>2026-07-27T12:14:35.000Z</time>
        <extensions>
          <ns3:TrackPointExtension>
            <ns3:hr>157</ns3:hr>
            <ns3:cad>86</ns3:cad>
          </ns3:TrackPointExtension>
        </extensions>
      </trkpt>
      <trkpt lat="30.27540449984371662139892578125" lon="120.2067844569683074951171875">
        <ele>7.80000019073486328125</ele>
        <time>2026-07-27T12:14:36.000Z</time>
        <extensions>
          <ns3:TrackPointExtension>
            <ns3:hr>157</ns3:hr>
            <ns3:cad>86</ns3:cad>
          </ns3:TrackPointExtension>
        </extensions>
      </trkpt>
      <trkpt lat="30.2754226885735988616943359375" lon="120.206777751445770263671875">
        <ele>7.80000019073486328125</ele>
        <time>2026-07-27T12:14:37.000Z</time>
        <extensions>
          <ns3:TrackPointExtension>
            <ns3:hr>156</ns3:hr>
            <ns3:cad>87</ns3:cad>
          </ns3:TrackPointExtension>
        </extensions>
      </trkpt>
      <trkpt lat="30.27544833719730377197265625" lon="120.206777416169643402099609375">
        <ele>7.80000019073486328125</ele>
        <time>2026-07-27T12:14:38.000Z</time>
        <extensions>
          <ns3:TrackPointExtension>
            <ns3:hr>157</ns3:hr>
            <ns3:cad>87</ns3:cad>
          </ns3:TrackPointExtension>
        </extensions>
      </trkpt>
      <trkpt lat="30.27547373436391353607177734375" lon="120.20677749998867511749267578125">
        <ele>7.80000019073486328125</ele>
        <time>2026-07-27T12:14:39.000Z</time>
        <extensions>
          <ns3:TrackPointExtension>
            <ns3:hr>157</ns3:hr>
            <ns3:cad>87</ns3:cad>
          </ns3:TrackPointExtension>
        </extensions>
      </trkpt>
      <trkpt lat="30.2754972875118255615234375" lon="120.20677280612289905548095703125">
        <ele>7.80000019073486328125</ele>
        <time>2026-07-27T12:14:40.000Z</time>
        <extensions>
          <ns3:TrackPointExtension>
            <ns3:hr>156</ns3:hr>
            <ns3:cad>87</ns3:cad>
          </ns3:TrackPointExtension>
        </extensions>
      </trkpt>
      <trkpt lat="30.275523103773593902587890625" lon="120.206777751445770263671875">
        <ele>7.599999904632568359375</ele>
        <time>2026-07-27T12:14:41.000Z</time>
        <extensions>
          <ns3:TrackPointExtension>
            <ns3:hr>156</ns3:hr>
            <ns3:cad>87</ns3:cad>
          </ns3:TrackPointExtension>
        </extensions>
      </trkpt>
      <trkpt lat="30.27554296888411045074462890625" lon="120.2067702077329158782958984375">
        <ele>7.599999904632568359375</ele>
        <time>2026-07-27T12:14:42.000Z</time>
        <extensions>
          <ns3:TrackPointExtension>
            <ns3:hr>156</ns3:hr>
            <ns3:cad>87</ns3:cad>
          </ns3:TrackPointExtension>
        </extensions>
      </trkpt>
      <trkpt lat="30.2755692042410373687744140625" lon="120.20676643587648868560791015625">
        <ele>7.599999904632568359375</ele>
        <time>2026-07-27T12:14:43.000Z</time>
        <extensions>
          <ns3:TrackPointExtension>
            <ns3:hr>157</ns3:hr>
            <ns3:cad>86</ns3:cad>
          </ns3:TrackPointExtension>
        </extensions>
      </trkpt>
      <trkpt lat="30.275587476789951324462890625" lon="120.2067628316581249237060546875">
        <ele>7.599999904632568359375</ele>
        <time>2026-07-27T12:14:44.000Z</time>
        <extensions>
          <ns3:TrackPointExtension>
            <ns3:hr>156</ns3:hr>
            <ns3:cad>87</ns3:cad>
          </ns3:TrackPointExtension>
        </extensions>
      </trkpt>
      <trkpt lat="30.27561438269913196563720703125" lon="120.2067603170871734619140625">
        <ele>7.80000019073486328125</ele>
        <time>2026-07-27T12:14:45.000Z</time>
        <extensions>
          <ns3:TrackPointExtension>
            <ns3:hr>156</ns3:hr>
            <ns3:cad>87</ns3:cad>
          </ns3:TrackPointExtension>
        </extensions>
      </trkpt>
      <trkpt lat="30.27563701383769512176513671875" lon="120.20675989799201488494873046875">
        <ele>7.80000019073486328125</ele>
        <time>2026-07-27T12:14:46.000Z</time>
        <extensions>
          <ns3:TrackPointExtension>
            <ns3:hr>157</ns3:hr>
            <ns3:cad>87</ns3:cad>
          </ns3:TrackPointExtension>
        </extensions>
      </trkpt>
      <trkpt lat="30.27565612457692623138427734375" lon="120.2067500911653041839599609375">
        <ele>8</ele>
        <time>2026-07-27T12:14:47.000Z</time>
        <extensions>
          <ns3:TrackPointExtension>
            <ns3:hr>156</ns3:hr>
            <ns3:cad>86</ns3:cad>
          </ns3:TrackPointExtension>
        </extensions>
      </trkpt>
      <trkpt lat="30.27568227611482143402099609375" lon="120.20674623548984527587890625">
        <ele>8</ele>
        <time>2026-07-27T12:14:48.000Z</time>
        <extensions>
          <ns3:TrackPointExtension>
            <ns3:hr>156</ns3:hr>
            <ns3:cad>86</ns3:cad>
          </ns3:TrackPointExtension>
        </extensions>
      </trkpt>
      <trkpt lat="30.27569468133151531219482421875" lon="120.2067433856427669525146484375">
        <ele>8</ele>
        <time>2026-07-27T12:14:49.000Z</time>
        <extensions>
          <ns3:TrackPointExtension>
            <ns3:hr>156</ns3:hr>
            <ns3:cad>86</ns3:cad>
          </ns3:TrackPointExtension>
        </extensions>
      </trkpt>
      <trkpt lat="30.2757197432219982147216796875" lon="120.20672268234193325042724609375">
        <ele>8</ele>
        <time>2026-07-27T12:14:50.000Z</time>
        <extensions>
          <ns3:TrackPointExtension>
            <ns3:hr>156</ns3:hr>
            <ns3:cad>85</ns3:cad>
          </ns3:TrackPointExtension>
        </extensions>
      </trkpt>
      <trkpt lat="30.27573307044804096221923828125" lon="120.20671136677265167236328125">
        <ele>7.80000019073486328125</ele>
        <time>2026-07-27T12:14:51.000Z</time>
        <extensions>
          <ns3:TrackPointExtension>
            <ns3:hr>156</ns3:hr>
            <ns3:cad>85</ns3:cad>
          </ns3:TrackPointExtension>
        </extensions>
      </trkpt>
      <trkpt lat="30.27575704269111156463623046875" lon="120.2066959440708160400390625">
        <ele>7.80000019073486328125</ele>
        <time>2026-07-27T12:14:52.000Z</time>
        <extensions>
          <ns3:TrackPointExtension>
            <ns3:hr>156</ns3:hr>
            <ns3:cad>85</ns3:cad>
          </ns3:TrackPointExtension>
        </extensions>
      </trkpt>
      <trkpt lat="30.27577430941164493560791015625" lon="120.20668177865445613861083984375">
        <ele>7.80000019073486328125</ele>
        <time>2026-07-27T12:14:53.000Z</time>
        <extensions>
          <ns3:TrackPointExtension>
            <ns3:hr>156</ns3:hr>
            <ns3:cad>86</ns3:cad>
          </ns3:TrackPointExtension>
        </extensions>
      </trkpt>
      <trkpt lat="30.2757935039699077606201171875" lon="120.20666048862040042877197265625">
        <ele>7.80000019073486328125</ele>
        <time>2026-07-27T12:14:54.000Z</time>
        <extensions>
          <ns3:TrackPointExtension>
            <ns3:hr>156</ns3:hr>
            <ns3:cad>86</ns3:cad>
          </ns3:TrackPointExtension>
        </extensions>
      </trkpt>
      <trkpt lat="30.27581051923334598541259765625" lon="120.20664338953793048858642578125">
        <ele>7.80000019073486328125</ele>
        <time>2026-07-27T12:14:55.000Z</time>
        <extensions>
          <ns3:TrackPointExtension>
            <ns3:hr>156</ns3:hr>
            <ns3:cad>86</ns3:cad>
          </ns3:TrackPointExtension>
        </extensions>
      </trkpt>
      <trkpt lat="30.275822170078754425048828125" lon="120.206620506942272186279296875">
        <ele>7.80000019073486328125</ele>
        <time>2026-07-27T12:14:56.000Z</time>
        <extensions>
          <ns3:TrackPointExtension>
            <ns3:hr>156</ns3:hr>
            <ns3:cad>86</ns3:cad>
          </ns3:TrackPointExtension>
        </extensions>
      </trkpt>
      <trkpt lat="30.27583591639995574951171875" lon="120.206597708165645599365234375">
        <ele>7.80000019073486328125</ele>
        <time>2026-07-27T12:14:57.000Z</time>
        <extensions>
          <ns3:TrackPointExtension>
            <ns3:hr>155</ns3:hr>
            <ns3:cad>87</ns3:cad>
          </ns3:TrackPointExtension>
        </extensions>
      </trkpt>
      <trkpt lat="30.2758377604186534881591796875" lon="120.2065757475793361663818359375">
        <ele>7.80000019073486328125</ele>
        <time>2026-07-27T12:14:58.000Z</time>
        <extensions>
          <ns3:TrackPointExtension>
            <ns3:hr>155</ns3:hr>
            <ns3:cad>87</ns3:cad>
          </ns3:TrackPointExtension>
        </extensions>
      </trkpt>
      <trkpt lat="30.2758441306650638580322265625" lon="120.20654641091823577880859375">
        <ele>7.80000019073486328125</ele>
        <time>2026-07-27T12:14:59.000Z</time>
        <extensions>
          <ns3:TrackPointExtension>
            <ns3:hr>155</ns3:hr>
            <ns3:cad>87</ns3:cad>
          </ns3:TrackPointExtension>
        </extensions>
      </trkpt>
      <trkpt lat="30.27584438212215900421142578125" lon="120.206530988216400146484375">
        <ele>7.80000019073486328125</ele>
        <time>2026-07-27T12:15:00.000Z</time>
        <extensions>
          <ns3:TrackPointExtension>
            <ns3:hr>155</ns3:hr>
            <ns3:cad>87</ns3:cad>
          </ns3:TrackPointExtension>
        </extensions>
      </trkpt>
      <trkpt lat="30.2758481539785861968994140625" lon="120.20650726743042469024658203125">
        <ele>7.80000019073486328125</ele>
        <time>2026-07-27T12:15:01.000Z</time>
        <extensions>
          <ns3:TrackPointExtension>
            <ns3:hr>155</ns3:hr>
            <ns3:cad>87</ns3:cad>
          </ns3:TrackPointExtension>
        </extensions>
      </trkpt>
      <trkpt lat="30.27584823779761791229248046875" lon="120.2064894139766693115234375">
        <ele>7.80000019073486328125</ele>
        <time>2026-07-27T12:15:02.000Z</time>
        <extensions>
          <ns3:TrackPointExtension>
            <ns3:hr>155</ns3:hr>
            <ns3:cad>87</ns3:cad>
          </ns3:TrackPointExtension>
        </extensions>
      </trkpt>
      <trkpt lat="30.27584488503634929656982421875" lon="120.20646317861974239349365234375">
        <ele>7.599999904632568359375</ele>
        <time>2026-07-27T12:15:03.000Z</time>
        <extensions>
          <ns3:TrackPointExtension>
            <ns3:hr>155</ns3:hr>
            <ns3:cad>86</ns3:cad>
          </ns3:TrackPointExtension>
        </extensions>
      </trkpt>
      <trkpt lat="30.2758417837321758270263671875" lon="120.2064372785389423370361328125">
        <ele>7.599999904632568359375</ele>
        <time>2026-07-27T12:15:04.000Z</time>
        <extensions>
          <ns3:TrackPointExtension>
            <ns3:hr>155</ns3:hr>
            <ns3:cad>86</ns3:cad>
          </ns3:TrackPointExtension>
        </extensions>
      </trkpt>
      <trkpt lat="30.27583247981965541839599609375" lon="120.2064158208668231964111328125">
        <ele>7.599999904632568359375</ele>
        <time>2026-07-27T12:15:05.000Z</time>
        <extensions>
          <ns3:TrackPointExtension>
            <ns3:hr>154</ns3:hr>
            <ns3:cad>86</ns3:cad>
          </ns3:TrackPointExtension>
        </extensions>
      </trkpt>
      <trkpt lat="30.27582845650613307952880859375" lon="120.2063873223960399627685546875">
        <ele>7.599999904632568359375</ele>
        <time>2026-07-27T12:15:06.000Z</time>
        <extensions>
          <ns3:TrackPointExtension>
            <ns3:hr>154</ns3:hr>
            <ns3:cad>86</ns3:cad>
          </ns3:TrackPointExtension>
        </extensions>
      </trkpt>
      <trkpt lat="30.27581806294620037078857421875" lon="120.2063662000000476837158203125">
        <ele>7.599999904632568359375</ele>
        <time>2026-07-27T12:15:07.000Z</time>
        <extensions>
          <ns3:TrackPointExtension>
            <ns3:hr>154</ns3:hr>
            <ns3:cad>86</ns3:cad>
          </ns3:TrackPointExtension>
        </extensions>
      </trkpt>
      <trkpt lat="30.27580481953918933868408203125" lon="120.20633761771023273468017578125">
        <ele>7.80000019073486328125</ele>
        <time>2026-07-27T12:15:08.000Z</time>
        <extensions>
          <ns3:TrackPointExtension>
            <ns3:hr>155</ns3:hr>
            <ns3:cad>86</ns3:cad>
          </ns3:TrackPointExtension>
        </extensions>
      </trkpt>
      <trkpt lat="30.27579140849411487579345703125" lon="120.20632236264646053314208984375">
        <ele>7.599999904632568359375</ele>
        <time>2026-07-27T12:15:09.000Z</time>
        <extensions>
          <ns3:TrackPointExtension>
            <ns3:hr>154</ns3:hr>
            <ns3:cad>86</ns3:cad>
          </ns3:TrackPointExtension>
        </extensions>
      </trkpt>
      <trkpt lat="30.2757733874022960662841796875" lon="120.206298641860485076904296875">
        <ele>7.599999904632568359375</ele>
        <time>2026-07-27T12:15:10.000Z</time>
        <extensions>
          <ns3:TrackPointExtension>
            <ns3:hr>154</ns3:hr>
            <ns3:cad>86</ns3:cad>
          </ns3:TrackPointExtension>
        </extensions>
      </trkpt>
      <trkpt lat="30.27575788088142871856689453125" lon="120.2062853984534740447998046875">
        <ele>7.599999904632568359375</ele>
        <time>2026-07-27T12:15:11.000Z</time>
        <extensions>
          <ns3:TrackPointExtension>
            <ns3:hr>154</ns3:hr>
            <ns3:cad>87</ns3:cad>
          </ns3:TrackPointExtension>
        </extensions>
      </trkpt>
      <trkpt lat="30.275737009942531585693359375" lon="120.2062679640948772430419921875">
        <ele>7.599999904632568359375</ele>
        <time>2026-07-27T12:15:12.000Z</time>
        <extensions>
          <ns3:TrackPointExtension>
            <ns3:hr>155</ns3:hr>
            <ns3:cad>87</ns3:cad>
          </ns3:TrackPointExtension>
        </extensions>
      </trkpt>
      <trkpt lat="30.27571655809879302978515625" lon="120.206256397068500518798828125">
        <ele>7.599999904632568359375</ele>
        <time>2026-07-27T12:15:13.000Z</time>
        <extensions>
          <ns3:TrackPointExtension>
            <ns3:hr>155</ns3:hr>
            <ns3:cad>87</ns3:cad>
          </ns3:TrackPointExtension>
        </extensions>
      </trkpt>
      <trkpt lat="30.27569199912250041961669921875" lon="120.206241644918918609619140625">
        <ele>7.80000019073486328125</ele>
        <time>2026-07-27T12:15:14.000Z</time>
        <extensions>
          <ns3:TrackPointExtension>
            <ns3:hr>155</ns3:hr>
            <ns3:cad>87</ns3:cad>
          </ns3:TrackPointExtension>
        </extensions>
      </trkpt>
      <trkpt lat="30.275672636926174163818359375" lon="120.20622764714062213897705078125">
        <ele>7.80000019073486328125</ele>
        <time>2026-07-27T12:15:15.000Z</time>
        <extensions>
          <ns3:TrackPointExtension>
            <ns3:hr>154</ns3:hr>
            <ns3:cad>87</ns3:cad>
          </ns3:TrackPointExtension>
        </extensions>
      </trkpt>
      <trkpt lat="30.27565210126340389251708984375" lon="120.20622094161808490753173828125">
        <ele>7.80000019073486328125</ele>
        <time>2026-07-27T12:15:16.000Z</time>
        <extensions>
          <ns3:TrackPointExtension>
            <ns3:hr>155</ns3:hr>
            <ns3:cad>87</ns3:cad>
          </ns3:TrackPointExtension>
        </extensions>
      </trkpt>
      <trkpt lat="30.275630056858062744140625" lon="120.206214822828769683837890625">
        <ele>7.80000019073486328125</ele>
        <time>2026-07-27T12:15:17.000Z</time>
        <extensions>
          <ns3:TrackPointExtension>
            <ns3:hr>155</ns3:hr>
            <ns3:cad>87</ns3:cad>
          </ns3:TrackPointExtension>
        </extensions>
      </trkpt>
      <trkpt lat="30.275610275566577911376953125" lon="120.206216834485530853271484375">
        <ele>7.80000019073486328125</ele>
        <time>2026-07-27T12:15:18.000Z</time>
        <extensions>
          <ns3:TrackPointExtension>
            <ns3:hr>154</ns3:hr>
            <ns3:cad>87</ns3:cad>
          </ns3:TrackPointExtension>
        </extensions>
      </trkpt>
      <trkpt lat="30.275582782924175262451171875" lon="120.206217505037784576416015625">
        <ele>7.80000019073486328125</ele>
        <time>2026-07-27T12:15:19.000Z</time>
        <extensions>
          <ns3:TrackPointExtension>
            <ns3:hr>155</ns3:hr>
            <ns3:cad>87</ns3:cad>
          </ns3:TrackPointExtension>
        </extensions>
      </trkpt>
      <trkpt lat="30.27556476183235645294189453125" lon="120.2062277309596538543701171875">
        <ele>7.80000019073486328125</ele>
        <time>2026-07-27T12:15:20.000Z</time>
        <extensions>
          <ns3:TrackPointExtension>
            <ns3:hr>155</ns3:hr>
            <ns3:cad>88</ns3:cad>
          </ns3:TrackPointExtension>
        </extensions>
      </trkpt>
      <trkpt lat="30.2755380235612392425537109375" lon="120.20622789859771728515625">
        <ele>7.80000019073486328125</ele>
        <time>2026-07-27T12:15:21.000Z</time>
        <extensions>
          <ns3:TrackPointExtension>
            <ns3:hr>155</ns3:hr>
            <ns3:cad>88</ns3:cad>
          </ns3:TrackPointExtension>
        </extensions>
      </trkpt>
      <trkpt lat="30.275524444878101348876953125" lon="120.2062346041202545166015625">
        <ele>7.80000019073486328125</ele>
        <time>2026-07-27T12:15:22.000Z</time>
        <extensions>
          <ns3:TrackPointExtension>
            <ns3:hr>155</ns3:hr>
            <ns3:cad>88</ns3:cad>
          </ns3:TrackPointExtension>
        </extensions>
      </trkpt>
      <trkpt lat="30.27549351565539836883544921875" lon="120.20623368211090564727783203125">
        <ele>7.80000019073486328125</ele>
        <time>2026-07-27T12:15:23.000Z</time>
        <extensions>
          <ns3:TrackPointExtension>
            <ns3:hr>155</ns3:hr>
            <ns3:cad>87</ns3:cad>
          </ns3:TrackPointExtension>
        </extensions>
      </trkpt>
      <trkpt lat="30.27547759003937244415283203125" lon="120.206238962709903717041015625">
        <ele>7.80000019073486328125</ele>
        <time>2026-07-27T12:15:24.000Z</time>
        <extensions>
          <ns3:TrackPointExtension>
            <ns3:hr>154</ns3:hr>
            <ns3:cad>87</ns3:cad>
          </ns3:TrackPointExtension>
        </extensions>
      </trkpt>
      <trkpt lat="30.275450684130191802978515625" lon="120.2062384597957134246826171875">
        <ele>7.80000019073486328125</ele>
        <time>2026-07-27T12:15:25.000Z</time>
        <extensions>
          <ns3:TrackPointExtension>
            <ns3:hr>155</ns3:hr>
            <ns3:cad>87</ns3:cad>
          </ns3:TrackPointExtension>
        </extensions>
      </trkpt>
      <trkpt lat="30.2754303999245166778564453125" lon="120.206239633262157440185546875">
        <ele>7.80000019073486328125</ele>
        <time>2026-07-27T12:15:26.000Z</time>
        <extensions>
          <ns3:TrackPointExtension>
            <ns3:hr>155</ns3:hr>
            <ns3:cad>87</ns3:cad>
          </ns3:TrackPointExtension>
        </extensions>
      </trkpt>
      <trkpt lat="30.27540634386241436004638671875" lon="120.2062357775866985321044921875">
        <ele>7.80000019073486328125</ele>
        <time>2026-07-27T12:15:27.000Z</time>
        <extensions>
          <ns3:TrackPointExtension>
            <ns3:hr>154</ns3:hr>
            <ns3:cad>87</ns3:cad>
          </ns3:TrackPointExtension>
        </extensions>
      </trkpt>
      <trkpt lat="30.2753831259906291961669921875" lon="120.20623468793928623199462890625">
        <ele>7.80000019073486328125</ele>
        <time>2026-07-27T12:15:28.000Z</time>
        <extensions>
          <ns3:TrackPointExtension>
            <ns3:hr>154</ns3:hr>
            <ns3:cad>88</ns3:cad>
          </ns3:TrackPointExtension>
        </extensions>
      </trkpt>
      <trkpt lat="30.2753596566617488861083984375" lon="120.2062367834150791168212890625">
        <ele>7.80000019073486328125</ele>
        <time>2026-07-27T12:15:29.000Z</time>
        <extensions>
          <ns3:TrackPointExtension>
            <ns3:hr>154</ns3:hr>
            <ns3:cad>87</ns3:cad>
          </ns3:TrackPointExtension>
        </extensions>
      </trkpt>
      <trkpt lat="30.2753392048180103302001953125" lon="120.2062391303479671478271484375">
        <ele>7.80000019073486328125</ele>
        <time>2026-07-27T12:15:30.000Z</time>
        <extensions>
          <ns3:TrackPointExtension>
            <ns3:hr>154</ns3:hr>
            <ns3:cad>87</ns3:cad>
          </ns3:TrackPointExtension>
        </extensions>
      </trkpt>
      <trkpt lat="30.27532185427844524383544921875" lon="120.206244997680187225341796875">
        <ele>7.80000019073486328125</ele>
        <time>2026-07-27T12:15:31.000Z</time>
        <extensions>
          <ns3:TrackPointExtension>
            <ns3:hr>154</ns3:hr>
            <ns3:cad>87</ns3:cad>
          </ns3:TrackPointExtension>
        </extensions>
      </trkpt>
      <trkpt lat="30.27529318816959857940673828125" lon="120.20624273456633090972900390625">
        <ele>7.80000019073486328125</ele>
        <time>2026-07-27T12:15:32.000Z</time>
        <extensions>
          <ns3:TrackPointExtension>
            <ns3:hr>153</ns3:hr>
            <ns3:cad>88</ns3:cad>
          </ns3:TrackPointExtension>
        </extensions>
      </trkpt>
      <trkpt lat="30.275280363857746124267578125" lon="120.206254385411739349365234375">
        <ele>7.599999904632568359375</ele>
        <time>2026-07-27T12:15:33.000Z</time>
        <extensions>
          <ns3:TrackPointExtension>
            <ns3:hr>153</ns3:hr>
            <ns3:cad>88</ns3:cad>
          </ns3:TrackPointExtension>
        </extensions>
      </trkpt>
      <trkpt lat="30.27525362558662891387939453125" lon="120.20625547505915164947509765625">
        <ele>7.599999904632568359375</ele>
        <time>2026-07-27T12:15:34.000Z</time>
        <extensions>
          <ns3:TrackPointExtension>
            <ns3:hr>153</ns3:hr>
            <ns3:cad>88</ns3:cad>
          </ns3:TrackPointExtension>
        </extensions>
      </trkpt>
      <trkpt lat="30.2752362750470638275146484375" lon="120.206257067620754241943359375">
        <ele>7.599999904632568359375</ele>
        <time>2026-07-27T12:15:35.000Z</time>
        <extensions>
          <ns3:TrackPointExtension>
            <ns3:hr>153</ns3:hr>
            <ns3:cad>87</ns3:cad>
          </ns3:TrackPointExtension>
        </extensions>
      </trkpt>
      <trkpt lat="30.27521054260432720184326171875" lon="120.20625698380172252655029296875">
        <ele>7.599999904632568359375</ele>
        <time>2026-07-27T12:15:36.000Z</time>
        <extensions>
          <ns3:TrackPointExtension>
            <ns3:hr>153</ns3:hr>
            <ns3:cad>87</ns3:cad>
          </ns3:TrackPointExtension>
        </extensions>
      </trkpt>
      <trkpt lat="30.27519126422703266143798828125" lon="120.20625765435397624969482421875">
        <ele>7.599999904632568359375</ele>
        <time>2026-07-27T12:15:37.000Z</time>
        <extensions>
          <ns3:TrackPointExtension>
            <ns3:hr>153</ns3:hr>
            <ns3:cad>86</ns3:cad>
          </ns3:TrackPointExtension>
        </extensions>
      </trkpt>
      <trkpt lat="30.27516963891685009002685546875" lon="120.20626117475330829620361328125">
        <ele>7.599999904632568359375</ele>
        <time>2026-07-27T12:15:38.000Z</time>
        <extensions>
          <ns3:TrackPointExtension>
            <ns3:hr>153</ns3:hr>
            <ns3:cad>86</ns3:cad>
          </ns3:TrackPointExtension>
        </extensions>
      </trkpt>
      <trkpt lat="30.2751454152166843414306640625" lon="120.20626268349587917327880859375">
        <ele>7.599999904632568359375</ele>
        <time>2026-07-27T12:15:39.000Z</time>
        <extensions>
          <ns3:TrackPointExtension>
            <ns3:hr>152</ns3:hr>
            <ns3:cad>87</ns3:cad>
          </ns3:TrackPointExtension>
        </extensions>
      </trkpt>
      <trkpt lat="30.27512571774423122406005859375" lon="120.206268467009067535400390625">
        <ele>7.80000019073486328125</ele>
        <time>2026-07-27T12:15:40.000Z</time>
        <extensions>
          <ns3:TrackPointExtension>
            <ns3:hr>153</ns3:hr>
            <ns3:cad>87</ns3:cad>
          </ns3:TrackPointExtension>
        </extensions>
      </trkpt>
      <trkpt lat="30.27509562671184539794921875" lon="120.20626788027584552764892578125">
        <ele>7.80000019073486328125</ele>
        <time>2026-07-27T12:15:41.000Z</time>
        <extensions>
          <ns3:TrackPointExtension>
            <ns3:hr>153</ns3:hr>
            <ns3:cad>87</ns3:cad>
          </ns3:TrackPointExtension>
        </extensions>
      </trkpt>
      <trkpt lat="30.2750770188868045806884765625" lon="120.2062776871025562286376953125">
        <ele>7.80000019073486328125</ele>
        <time>2026-07-27T12:15:42.000Z</time>
        <extensions>
          <ns3:TrackPointExtension>
            <ns3:hr>153</ns3:hr>
            <ns3:cad>87</ns3:cad>
          </ns3:TrackPointExtension>
        </extensions>
      </trkpt>
      <trkpt lat="30.27504726313054561614990234375" lon="120.2062786929309368133544921875">
        <ele>7.80000019073486328125</ele>
        <time>2026-07-27T12:15:43.000Z</time>
        <extensions>
          <ns3:TrackPointExtension>
            <ns3:hr>153</ns3:hr>
            <ns3:cad>87</ns3:cad>
          </ns3:TrackPointExtension>
        </extensions>
      </trkpt>
      <trkpt lat="30.27502446435391902923583984375" lon="120.20628514699637889862060546875">
        <ele>7.80000019073486328125</ele>
        <time>2026-07-27T12:15:44.000Z</time>
        <extensions>
          <ns3:TrackPointExtension>
            <ns3:hr>154</ns3:hr>
            <ns3:cad>86</ns3:cad>
          </ns3:TrackPointExtension>
        </extensions>
      </trkpt>
      <trkpt lat="30.2749975584447383880615234375" lon="120.20628581754863262176513671875">
        <ele>7.80000019073486328125</ele>
        <time>2026-07-27T12:15:45.000Z</time>
        <extensions>
          <ns3:TrackPointExtension>
            <ns3:hr>154</ns3:hr>
            <ns3:cad>86</ns3:cad>
          </ns3:TrackPointExtension>
        </extensions>
      </trkpt>
      <trkpt lat="30.2749784477055072784423828125" lon="120.20628212951123714447021484375">
        <ele>7.80000019073486328125</ele>
        <time>2026-07-27T12:15:46.000Z</time>
        <extensions>
          <ns3:TrackPointExtension>
            <ns3:hr>154</ns3:hr>
            <ns3:cad>87</ns3:cad>
          </ns3:TrackPointExtension>
        </extensions>
      </trkpt>
      <trkpt lat="30.27495254762470722198486328125" lon="120.20627877674996852874755859375">
        <ele>7.80000019073486328125</ele>
        <time>2026-07-27T12:15:47.000Z</time>
        <extensions>
          <ns3:TrackPointExtension>
            <ns3:hr>154</ns3:hr>
            <ns3:cad>87</ns3:cad>
          </ns3:TrackPointExtension>
        </extensions>
      </trkpt>
      <trkpt lat="30.27493393979966640472412109375" lon="120.2062756754457950592041015625">
        <ele>7.80000019073486328125</ele>
        <time>2026-07-27T12:15:48.000Z</time>
        <extensions>
          <ns3:TrackPointExtension>
            <ns3:hr>154</ns3:hr>
            <ns3:cad>88</ns3:cad>
          </ns3:TrackPointExtension>
        </extensions>
      </trkpt>
      <trkpt lat="30.2749117277562618255615234375" lon="120.20627357997000217437744140625">
        <ele>7.80000019073486328125</ele>
        <time>2026-07-27T12:15:49.000Z</time>
        <extensions>
          <ns3:TrackPointExtension>
            <ns3:hr>153</ns3:hr>
            <ns3:cad>88</ns3:cad>
          </ns3:TrackPointExtension>
        </extensions>
      </trkpt>
      <trkpt lat="30.27488985098898410797119140625" lon="120.20627123303711414337158203125">
        <ele>7.80000019073486328125</ele>
        <time>2026-07-27T12:15:50.000Z</time>
        <extensions>
          <ns3:TrackPointExtension>
            <ns3:hr>154</ns3:hr>
            <ns3:cad>88</ns3:cad>
          </ns3:TrackPointExtension>
        </extensions>
      </trkpt>
      <trkpt lat="30.27486990205943584442138671875" lon="120.20627525635063648223876953125">
        <ele>7.599999904632568359375</ele>
        <time>2026-07-27T12:15:51.000Z</time>
        <extensions>
          <ns3:TrackPointExtension>
            <ns3:hr>154</ns3:hr>
            <ns3:cad>88</ns3:cad>
          </ns3:TrackPointExtension>
        </extensions>
      </trkpt>
      <trkpt lat="30.27485045604407787322998046875" lon="120.20628330297768115997314453125">
        <ele>7.599999904632568359375</ele>
        <time>2026-07-27T12:15:52.000Z</time>
        <extensions>
          <ns3:TrackPointExtension>
            <ns3:hr>154</ns3:hr>
            <ns3:cad>88</ns3:cad>
          </ns3:TrackPointExtension>
        </extensions>
      </trkpt>
      <trkpt lat="30.274832434952259063720703125" lon="120.2062954567372798919677734375">
        <ele>7.599999904632568359375</ele>
        <time>2026-07-27T12:15:53.000Z</time>
        <extensions>
          <ns3:TrackPointExtension>
            <ns3:hr>154</ns3:hr>
            <ns3:cad>88</ns3:cad>
          </ns3:TrackPointExtension>
        </extensions>
      </trkpt>
      <trkpt lat="30.27480754069983959197998046875" lon="120.20631037652492523193359375">
        <ele>7.599999904632568359375</ele>
        <time>2026-07-27T12:15:54.000Z</time>
        <extensions>
          <ns3:TrackPointExtension>
            <ns3:hr>154</ns3:hr>
            <ns3:cad>88</ns3:cad>
          </ns3:TrackPointExtension>
        </extensions>
      </trkpt>
      <trkpt lat="30.27479253709316253662109375" lon="120.206327475607395172119140625">
        <ele>7.599999904632568359375</ele>
        <time>2026-07-27T12:15:55.000Z</time>
        <extensions>
          <ns3:TrackPointExtension>
            <ns3:hr>154</ns3:hr>
            <ns3:cad>88</ns3:cad>
          </ns3:TrackPointExtension>
        </extensions>
      </trkpt>
      <trkpt lat="30.27476881630718708038330078125" lon="120.2063457481563091278076171875">
        <ele>7.80000019073486328125</ele>
        <time>2026-07-27T12:15:56.000Z</time>
        <extensions>
          <ns3:TrackPointExtension>
            <ns3:hr>154</ns3:hr>
            <ns3:cad>88</ns3:cad>
          </ns3:TrackPointExtension>
        </extensions>
      </trkpt>
      <trkpt lat="30.2747518010437488555908203125" lon="120.206364355981349945068359375">
        <ele>7.599999904632568359375</ele>
        <time>2026-07-27T12:15:57.000Z</time>
        <extensions>
          <ns3:TrackPointExtension>
            <ns3:hr>154</ns3:hr>
            <ns3:cad>88</ns3:cad>
          </ns3:TrackPointExtension>
        </extensions>
      </trkpt>
      <trkpt lat="30.2747320197522640228271484375" lon="120.2063849754631519317626953125">
        <ele>7.80000019073486328125</ele>
        <time>2026-07-27T12:15:58.000Z</time>
        <extensions>
          <ns3:TrackPointExtension>
            <ns3:hr>154</ns3:hr>
            <ns3:cad>89</ns3:cad>
          </ns3:TrackPointExtension>
        </extensions>
      </trkpt>
      <trkpt lat="30.27471936307847499847412109375" lon="120.20640752278268337249755859375">
        <ele>7.80000019073486328125</ele>
        <time>2026-07-27T12:15:59.000Z</time>
        <extensions>
          <ns3:TrackPointExtension>
            <ns3:hr>154</ns3:hr>
            <ns3:cad>89</ns3:cad>
          </ns3:TrackPointExtension>
        </extensions>
      </trkpt>
      <trkpt lat="30.27469874359667301177978515625" lon="120.2064330875873565673828125">
        <ele>7.80000019073486328125</ele>
        <time>2026-07-27T12:16:00.000Z</time>
        <extensions>
          <ns3:TrackPointExtension>
            <ns3:hr>154</ns3:hr>
            <ns3:cad>89</ns3:cad>
          </ns3:TrackPointExtension>
        </extensions>
      </trkpt>
      <trkpt lat="30.27468734420835971832275390625" lon="120.206454209983348846435546875">
        <ele>7.80000019073486328125</ele>
        <time>2026-07-27T12:16:01.000Z</time>
        <extensions>
          <ns3:TrackPointExtension>
            <ns3:hr>154</ns3:hr>
            <ns3:cad>89</ns3:cad>
          </ns3:TrackPointExtension>
        </extensions>
      </trkpt>
      <trkpt lat="30.27467242442071437835693359375" lon="120.2064879052340984344482421875">
        <ele>7.80000019073486328125</ele>
        <time>2026-07-27T12:16:02.000Z</time>
        <extensions>
          <ns3:TrackPointExtension>
            <ns3:hr>154</ns3:hr>
            <ns3:cad>89</ns3:cad>
          </ns3:TrackPointExtension>
        </extensions>
      </trkpt>
      <trkpt lat="30.27467108331620693206787109375" lon="120.206506513059139251708984375">
        <ele>7.80000019073486328125</ele>
        <time>2026-07-27T12:16:03.000Z</time>
        <extensions>
          <ns3:TrackPointExtension>
            <ns3:hr>154</ns3:hr>
            <ns3:cad>90</ns3:cad>
          </ns3:TrackPointExtension>
        </extensions>
      </trkpt>
      <trkpt lat="30.274663455784320831298828125" lon="120.2065355144441127777099609375">
        <ele>7.80000019073486328125</ele>
        <time>2026-07-27T12:16:04.000Z</time>
        <extensions>
          <ns3:TrackPointExtension>
            <ns3:hr>154</ns3:hr>
            <ns3:cad>90</ns3:cad>
          </ns3:TrackPointExtension>
        </extensions>
      </trkpt>
      <trkpt lat="30.27466504834592342376708984375" lon="120.20655839703977108001708984375">
        <ele>7.80000019073486328125</ele>
        <time>2026-07-27T12:16:05.000Z</time>
        <extensions>
          <ns3:TrackPointExtension>
            <ns3:hr>154</ns3:hr>
            <ns3:cad>88</ns3:cad>
          </ns3:TrackPointExtension>
        </extensions>
      </trkpt>
      <trkpt lat="30.27466622181236743927001953125" lon="120.20658974535763263702392578125">
        <ele>7.80000019073486328125</ele>
        <time>2026-07-27T12:16:06.000Z</time>
        <extensions>
          <ns3:TrackPointExtension>
            <ns3:hr>155</ns3:hr>
            <ns3:cad>88</ns3:cad>
          </ns3:TrackPointExtension>
        </extensions>
      </trkpt>
      <trkpt lat="30.27467125095427036285400390625" lon="120.20661489106714725494384765625">
        <ele>7.80000019073486328125</ele>
        <time>2026-07-27T12:16:07.000Z</time>
        <extensions>
          <ns3:TrackPointExtension>
            <ns3:hr>155</ns3:hr>
            <ns3:cad>88</ns3:cad>
          </ns3:TrackPointExtension>
        </extensions>
      </trkpt>
      <trkpt lat="30.27467678301036357879638671875" lon="120.206643976271152496337890625">
        <ele>7.599999904632568359375</ele>
        <time>2026-07-27T12:16:08.000Z</time>
        <extensions>
          <ns3:TrackPointExtension>
            <ns3:hr>155</ns3:hr>
            <ns3:cad>89</ns3:cad>
          </ns3:TrackPointExtension>
        </extensions>
      </trkpt>
      <trkpt lat="30.27468751184642314910888671875" lon="120.20666618831455707550048828125">
        <ele>7.599999904632568359375</ele>
        <time>2026-07-27T12:16:09.000Z</time>
        <extensions>
          <ns3:TrackPointExtension>
            <ns3:hr>155</ns3:hr>
            <ns3:cad>89</ns3:cad>
          </ns3:TrackPointExtension>
        </extensions>
      </trkpt>
      <trkpt lat="30.27469941414892673492431640625" lon="120.20669166930019855499267578125">
        <ele>7.599999904632568359375</ele>
        <time>2026-07-27T12:16:10.000Z</time>
        <extensions>
          <ns3:TrackPointExtension>
            <ns3:hr>154</ns3:hr>
            <ns3:cad>89</ns3:cad>
          </ns3:TrackPointExtension>
        </extensions>
      </trkpt>
      <trkpt lat="30.27471299283206462860107421875" lon="120.20671446807682514190673828125">
        <ele>7.599999904632568359375</ele>
        <time>2026-07-27T12:16:11.000Z</time>
        <extensions>
          <ns3:TrackPointExtension>
            <ns3:hr>155</ns3:hr>
            <ns3:cad>88</ns3:cad>
          </ns3:TrackPointExtension>
        </extensions>
      </trkpt>
      <trkpt lat="30.274726487696170806884765625" lon="120.20673416554927825927734375">
        <ele>7.599999904632568359375</ele>
        <time>2026-07-27T12:16:12.000Z</time>
        <extensions>
          <ns3:TrackPointExtension>
            <ns3:hr>155</ns3:hr>
            <ns3:cad>88</ns3:cad>
          </ns3:TrackPointExtension>
        </extensions>
      </trkpt>
      <trkpt lat="30.274743251502513885498046875" lon="120.20675436593592166900634765625">
        <ele>7.599999904632568359375</ele>
        <time>2026-07-27T12:16:13.000Z</time>
        <extensions>
          <ns3:TrackPointExtension>
            <ns3:hr>154</ns3:hr>
            <ns3:cad>88</ns3:cad>
          </ns3:TrackPointExtension>
        </extensions>
      </trkpt>
      <trkpt lat="30.27476646937429904937744140625" lon="120.2067742310464382171630859375">
        <ele>7.599999904632568359375</ele>
        <time>2026-07-27T12:16:14.000Z</time>
        <extensions>
          <ns3:TrackPointExtension>
            <ns3:hr>154</ns3:hr>
            <ns3:cad>89</ns3:cad>
          </ns3:TrackPointExtension>
        </extensions>
      </trkpt>
      <trkpt lat="30.2747880108654499053955078125" lon="120.20679292269051074981689453125">
        <ele>7.599999904632568359375</ele>
        <time>2026-07-27T12:16:15.000Z</time>
        <extensions>
          <ns3:TrackPointExtension>
            <ns3:hr>154</ns3:hr>
            <ns3:cad>89</ns3:cad>
          </ns3:TrackPointExtension>
        </extensions>
      </trkpt>
      <trkpt lat="30.2748106420040130615234375" lon="120.20680390298366546630859375">
        <ele>7.599999904632568359375</ele>
        <time>2026-07-27T12:16:16.000Z</time>
        <extensions>
          <ns3:TrackPointExtension>
            <ns3:hr>154</ns3:hr>
            <ns3:cad>89</ns3:cad>
          </ns3:TrackPointExtension>
        </extensions>
      </trkpt>
      <trkpt lat="30.2748315967619419097900390625" lon="120.206816978752613067626953125">
        <ele>7.80000019073486328125</ele>
        <time>2026-07-27T12:16:17.000Z</time>
        <extensions>
          <ns3:TrackPointExtension>
            <ns3:hr>154</ns3:hr>
            <ns3:cad>88</ns3:cad>
          </ns3:TrackPointExtension>
        </extensions>
      </trkpt>
      <trkpt lat="30.27485297061502933502197265625" lon="120.2068198285996913909912109375">
        <ele>7.80000019073486328125</ele>
        <time>2026-07-27T12:16:18.000Z</time>
        <extensions>
          <ns3:TrackPointExtension>
            <ns3:hr>155</ns3:hr>
            <ns3:cad>88</ns3:cad>
          </ns3:TrackPointExtension>
        </extensions>
      </trkpt>
      <trkpt lat="30.274878703057765960693359375" lon="120.20683315582573413848876953125">
        <ele>7.80000019073486328125</ele>
        <time>2026-07-27T12:16:19.000Z</time>
        <extensions>
          <ns3:TrackPointExtension>
            <ns3:hr>154</ns3:hr>
            <ns3:cad>88</ns3:cad>
          </ns3:TrackPointExtension>
        </extensions>
      </trkpt>
      <trkpt lat="30.27489873580634593963623046875" lon="120.20683340728282928466796875">
        <ele>7.599999904632568359375</ele>
        <time>2026-07-27T12:16:20.000Z</time>
        <extensions>
          <ns3:TrackPointExtension>
            <ns3:hr>154</ns3:hr>
            <ns3:cad>88</ns3:cad>
          </ns3:TrackPointExtension>
        </extensions>
      </trkpt>
      <trkpt lat="30.2749241329729557037353515625" lon="120.20684086717665195465087890625">
        <ele>7.599999904632568359375</ele>
        <time>2026-07-27T12:16:21.000Z</time>
        <extensions>
          <ns3:TrackPointExtension>
            <ns3:hr>155</ns3:hr>
            <ns3:cad>88</ns3:cad>
          </ns3:TrackPointExtension>
        </extensions>
      </trkpt>
      <trkpt lat="30.27494215406477451324462890625" lon="120.20683282054960727691650390625">
        <ele>7.599999904632568359375</ele>
        <time>2026-07-27T12:16:22.000Z</time>
        <extensions>
          <ns3:TrackPointExtension>
            <ns3:hr>155</ns3:hr>
            <ns3:cad>89</ns3:cad>
          </ns3:TrackPointExtension>
        </extensions>
      </trkpt>
      <trkpt lat="30.2749707363545894622802734375" lon="120.20683701150119304656982421875">
        <ele>7.599999904632568359375</ele>
        <time>2026-07-27T12:16:23.000Z</time>
        <extensions>
          <ns3:TrackPointExtension>
            <ns3:hr>155</ns3:hr>
            <ns3:cad>89</ns3:cad>
          </ns3:TrackPointExtension>
        </extensions>
      </trkpt>
      <trkpt lat="30.27498808689415454864501953125" lon="120.20682946778833866119384765625">
        <ele>7.599999904632568359375</ele>
        <time>2026-07-27T12:16:24.000Z</time>
        <extensions>
          <ns3:TrackPointExtension>
            <ns3:hr>155</ns3:hr>
            <ns3:cad>88</ns3:cad>
          </ns3:TrackPointExtension>
        </extensions>
      </trkpt>
      <trkpt lat="30.27501407079398632049560546875" lon="120.20682577975094318389892578125">
        <ele>7.80000019073486328125</ele>
        <time>2026-07-27T12:16:25.000Z</time>
        <extensions>
          <ns3:TrackPointExtension>
            <ns3:hr>155</ns3:hr>
            <ns3:cad>88</ns3:cad>
          </ns3:TrackPointExtension>
        </extensions>
      </trkpt>
      <trkpt lat="30.275029242038726806640625" lon="120.20681706257164478302001953125">
        <ele>7.80000019073486328125</ele>
        <time>2026-07-27T12:16:26.000Z</time>
        <extensions>
          <ns3:TrackPointExtension>
            <ns3:hr>155</ns3:hr>
            <ns3:cad>88</ns3:cad>
          </ns3:TrackPointExtension>
        </extensions>
      </trkpt>
      <trkpt lat="30.27505380101501941680908203125" lon="120.2068084292113780975341796875">
        <ele>7.80000019073486328125</ele>
        <time>2026-07-27T12:16:27.000Z</time>
        <extensions>
          <ns3:TrackPointExtension>
            <ns3:hr>155</ns3:hr>
            <ns3:cad>88</ns3:cad>
          </ns3:TrackPointExtension>
        </extensions>
      </trkpt>
      <trkpt lat="30.27507483959197998046875" lon="120.2068090997636318206787109375">
        <ele>7.599999904632568359375</ele>
        <time>2026-07-27T12:16:28.000Z</time>
        <extensions>
          <ns3:TrackPointExtension>
            <ns3:hr>155</ns3:hr>
            <ns3:cad>88</ns3:cad>
          </ns3:TrackPointExtension>
        </extensions>
      </trkpt>
      <trkpt lat="30.275095961987972259521484375" lon="120.2068034000694751739501953125">
        <ele>7.599999904632568359375</ele>
        <time>2026-07-27T12:16:29.000Z</time>
        <extensions>
          <ns3:TrackPointExtension>
            <ns3:hr>155</ns3:hr>
            <ns3:cad>88</ns3:cad>
          </ns3:TrackPointExtension>
        </extensions>
      </trkpt>
      <trkpt lat="30.27511716820299625396728515625" lon="120.2068023942410945892333984375">
        <ele>7.599999904632568359375</ele>
        <time>2026-07-27T12:16:30.000Z</time>
        <extensions>
          <ns3:TrackPointExtension>
            <ns3:hr>155</ns3:hr>
            <ns3:cad>88</ns3:cad>
          </ns3:TrackPointExtension>
        </extensions>
      </trkpt>
      <trkpt lat="30.2751360274851322174072265625" lon="120.20679443143308162689208984375">
        <ele>7.599999904632568359375</ele>
        <time>2026-07-27T12:16:31.000Z</time>
        <extensions>
          <ns3:TrackPointExtension>
            <ns3:hr>155</ns3:hr>
            <ns3:cad>86</ns3:cad>
          </ns3:TrackPointExtension>
        </extensions>
      </trkpt>
      <trkpt lat="30.2751594968140125274658203125" lon="120.20680314861238002777099609375">
        <ele>7.599999904632568359375</ele>
        <time>2026-07-27T12:16:32.000Z</time>
        <extensions>
          <ns3:TrackPointExtension>
            <ns3:hr>156</ns3:hr>
            <ns3:cad>86</ns3:cad>
          </ns3:TrackPointExtension>
        </extensions>
      </trkpt>
      <trkpt lat="30.27517609298229217529296875" lon="120.2067951858043670654296875">
        <ele>7.599999904632568359375</ele>
        <time>2026-07-27T12:16:33.000Z</time>
        <extensions>
          <ns3:TrackPointExtension>
            <ns3:hr>155</ns3:hr>
            <ns3:cad>87</ns3:cad>
          </ns3:TrackPointExtension>
        </extensions>
      </trkpt>
      <trkpt lat="30.2752022445201873779296875" lon="120.20679811947047710418701171875">
        <ele>7.599999904632568359375</ele>
        <time>2026-07-27T12:16:34.000Z</time>
        <extensions>
          <ns3:TrackPointExtension>
            <ns3:hr>155</ns3:hr>
            <ns3:cad>88</ns3:cad>
          </ns3:TrackPointExtension>
        </extensions>
      </trkpt>
      <trkpt lat="30.27521708048880100250244140625" lon="120.20679409615695476531982421875">
        <ele>7.599999904632568359375</ele>
        <time>2026-07-27T12:16:35.000Z</time>
        <extensions>
          <ns3:TrackPointExtension>
            <ns3:hr>155</ns3:hr>
            <ns3:cad>88</ns3:cad>
          </ns3:TrackPointExtension>
        </extensions>
      </trkpt>
      <trkpt lat="30.27524054981768131256103515625" lon="120.2067925035953521728515625">
        <ele>7.599999904632568359375</ele>
        <time>2026-07-27T12:16:36.000Z</time>
        <extensions>
          <ns3:TrackPointExtension>
            <ns3:hr>155</ns3:hr>
            <ns3:cad>88</ns3:cad>
          </ns3:TrackPointExtension>
        </extensions>
      </trkpt>
      <trkpt lat="30.2752590738236904144287109375" lon="120.20679241977632045745849609375">
        <ele>7.599999904632568359375</ele>
        <time>2026-07-27T12:16:37.000Z</time>
        <extensions>
          <ns3:TrackPointExtension>
            <ns3:hr>155</ns3:hr>
            <ns3:cad>88</ns3:cad>
          </ns3:TrackPointExtension>
        </extensions>
      </trkpt>
      <trkpt lat="30.2752801962196826934814453125" lon="120.2067889831960201263427734375">
        <ele>7.599999904632568359375</ele>
        <time>2026-07-27T12:16:38.000Z</time>
        <extensions>
          <ns3:TrackPointExtension>
            <ns3:hr>155</ns3:hr>
            <ns3:cad>87</ns3:cad>
          </ns3:TrackPointExtension>
        </extensions>
      </trkpt>
      <trkpt lat="30.2753036655485630035400390625" lon="120.206790827214717864990234375">
        <ele>7.599999904632568359375</ele>
        <time>2026-07-27T12:16:39.000Z</time>
        <extensions>
          <ns3:TrackPointExtension>
            <ns3:hr>155</ns3:hr>
            <ns3:cad>87</ns3:cad>
          </ns3:TrackPointExtension>
        </extensions>
      </trkpt>
      <trkpt lat="30.2753221057355403900146484375" lon="120.2067859657108783721923828125">
        <ele>7.599999904632568359375</ele>
        <time>2026-07-27T12:16:40.000Z</time>
        <extensions>
          <ns3:TrackPointExtension>
            <ns3:hr>155</ns3:hr>
            <ns3:cad>87</ns3:cad>
          </ns3:TrackPointExtension>
        </extensions>
      </trkpt>
      <trkpt lat="30.2753479219973087310791015625" lon="120.20679543726146221160888671875">
        <ele>7.599999904632568359375</ele>
        <time>2026-07-27T12:16:41.000Z</time>
        <extensions>
          <ns3:TrackPointExtension>
            <ns3:hr>155</ns3:hr>
            <ns3:cad>86</ns3:cad>
          </ns3:TrackPointExtension>
        </extensions>
      </trkpt>
      <trkpt lat="30.275362841784954071044921875" lon="120.2067956887185573577880859375">
        <ele>7.599999904632568359375</ele>
        <time>2026-07-27T12:16:42.000Z</time>
        <extensions>
          <ns3:TrackPointExtension>
            <ns3:hr>155</ns3:hr>
            <ns3:cad>85</ns3:cad>
          </ns3:TrackPointExtension>
        </extensions>
      </trkpt>
      <trkpt lat="30.2753851376473903656005859375" lon="120.2067916654050350189208984375">
        <ele>7.599999904632568359375</ele>
        <time>2026-07-27T12:16:43.000Z</time>
        <extensions>
          <ns3:TrackPointExtension>
            <ns3:hr>155</ns3:hr>
            <ns3:cad>85</ns3:cad>
          </ns3:TrackPointExtension>
        </extensions>
      </trkpt>
      <trkpt lat="30.275403074920177459716796875" lon="120.2067849598824977874755859375">
        <ele>7.599999904632568359375</ele>
        <time>2026-07-27T12:16:44.000Z</time>
        <extensions>
          <ns3:TrackPointExtension>
            <ns3:hr>154</ns3:hr>
            <ns3:cad>86</ns3:cad>
          </ns3:TrackPointExtension>
        </extensions>
      </trkpt>
      <trkpt lat="30.2754250355064868927001953125" lon="120.20677833817899227142333984375">
        <ele>7.400000095367431640625</ele>
        <time>2026-07-27T12:16:45.000Z</time>
        <extensions>
          <ns3:TrackPointExtension>
            <ns3:hr>155</ns3:hr>
            <ns3:cad>86</ns3:cad>
          </ns3:TrackPointExtension>
        </extensions>
      </trkpt>
      <trkpt lat="30.27544758282601833343505859375" lon="120.20677783526480197906494140625">
        <ele>7.400000095367431640625</ele>
        <time>2026-07-27T12:16:46.000Z</time>
        <extensions>
          <ns3:TrackPointExtension>
            <ns3:hr>155</ns3:hr>
            <ns3:cad>86</ns3:cad>
          </ns3:TrackPointExtension>
        </extensions>
      </trkpt>
      <trkpt lat="30.2754669450223445892333984375" lon="120.20677498541772365570068359375">
        <ele>7.400000095367431640625</ele>
        <time>2026-07-27T12:16:47.000Z</time>
        <extensions>
          <ns3:TrackPointExtension>
            <ns3:hr>154</ns3:hr>
            <ns3:cad>86</ns3:cad>
          </ns3:TrackPointExtension>
        </extensions>
      </trkpt>
      <trkpt lat="30.27549133636057376861572265625" lon="120.2067795954644680023193359375">
        <ele>7.400000095367431640625</ele>
        <time>2026-07-27T12:16:48.000Z</time>
        <extensions>
          <ns3:TrackPointExtension>
            <ns3:hr>154</ns3:hr>
            <ns3:cad>86</ns3:cad>
          </ns3:TrackPointExtension>
        </extensions>
      </trkpt>
      <trkpt lat="30.27551002800464630126953125" lon="120.20677414722740650177001953125">
        <ele>7.400000095367431640625</ele>
        <time>2026-07-27T12:16:49.000Z</time>
        <extensions>
          <ns3:TrackPointExtension>
            <ns3:hr>154</ns3:hr>
            <ns3:cad>86</ns3:cad>
          </ns3:TrackPointExtension>
        </extensions>
      </trkpt>
      <trkpt lat="30.2755360119044780731201171875" lon="120.20677867345511913299560546875">
        <ele>7.400000095367431640625</ele>
        <time>2026-07-27T12:16:50.000Z</time>
        <extensions>
          <ns3:TrackPointExtension>
            <ns3:hr>154</ns3:hr>
            <ns3:cad>86</ns3:cad>
          </ns3:TrackPointExtension>
        </extensions>
      </trkpt>
      <trkpt lat="30.27555160224437713623046875" lon="120.20677439868450164794921875">
        <ele>7.400000095367431640625</ele>
        <time>2026-07-27T12:16:51.000Z</time>
        <extensions>
          <ns3:TrackPointExtension>
            <ns3:hr>154</ns3:hr>
            <ns3:cad>87</ns3:cad>
          </ns3:TrackPointExtension>
        </extensions>
      </trkpt>
      <trkpt lat="30.275578089058399200439453125" lon="120.2067764103412628173828125">
        <ele>7.599999904632568359375</ele>
        <time>2026-07-27T12:16:52.000Z</time>
        <extensions>
          <ns3:TrackPointExtension>
            <ns3:hr>154</ns3:hr>
            <ns3:cad>87</ns3:cad>
          </ns3:TrackPointExtension>
        </extensions>
      </trkpt>
      <trkpt lat="30.2755963616073131561279296875" lon="120.206775404512882232666015625">
        <ele>7.599999904632568359375</ele>
        <time>2026-07-27T12:16:53.000Z</time>
        <extensions>
          <ns3:TrackPointExtension>
            <ns3:hr>155</ns3:hr>
            <ns3:cad>87</ns3:cad>
          </ns3:TrackPointExtension>
        </extensions>
      </trkpt>
      <trkpt lat="30.2756178192794322967529296875" lon="120.20677171647548675537109375">
        <ele>7.599999904632568359375</ele>
        <time>2026-07-27T12:16:54.000Z</time>
        <extensions>
          <ns3:TrackPointExtension>
            <ns3:hr>154</ns3:hr>
            <ns3:cad>87</ns3:cad>
          </ns3:TrackPointExtension>
        </extensions>
      </trkpt>
      <trkpt lat="30.2756412886083126068115234375" lon="120.20677515305578708648681640625">
        <ele>7.599999904632568359375</ele>
        <time>2026-07-27T12:16:55.000Z</time>
        <extensions>
          <ns3:TrackPointExtension>
            <ns3:hr>154</ns3:hr>
            <ns3:cad>87</ns3:cad>
          </ns3:TrackPointExtension>
        </extensions>
      </trkpt>
      <trkpt lat="30.27565998025238513946533203125" lon="120.20676610060036182403564453125">
        <ele>7.599999904632568359375</ele>
        <time>2026-07-27T12:16:56.000Z</time>
        <extensions>
          <ns3:TrackPointExtension>
            <ns3:hr>154</ns3:hr>
            <ns3:cad>87</ns3:cad>
          </ns3:TrackPointExtension>
        </extensions>
      </trkpt>
      <trkpt lat="30.275684036314487457275390625" lon="120.2067638374865055084228515625">
        <ele>7.599999904632568359375</ele>
        <time>2026-07-27T12:16:57.000Z</time>
        <extensions>
          <ns3:TrackPointExtension>
            <ns3:hr>154</ns3:hr>
            <ns3:cad>86</ns3:cad>
          </ns3:TrackPointExtension>
        </extensions>
      </trkpt>
      <trkpt lat="30.27570172213017940521240234375" lon="120.2067541144788265228271484375">
        <ele>7.400000095367431640625</ele>
        <time>2026-07-27T12:16:58.000Z</time>
        <extensions>
          <ns3:TrackPointExtension>
            <ns3:hr>154</ns3:hr>
            <ns3:cad>86</ns3:cad>
          </ns3:TrackPointExtension>
        </extensions>
      </trkpt>
      <trkpt lat="30.27572636492550373077392578125" lon="120.20674397237598896026611328125">
        <ele>7.400000095367431640625</ele>
        <time>2026-07-27T12:16:59.000Z</time>
        <extensions>
          <ns3:TrackPointExtension>
            <ns3:hr>154</ns3:hr>
            <ns3:cad>86</ns3:cad>
          </ns3:TrackPointExtension>
        </extensions>
      </trkpt>
      <trkpt lat="30.27573977597057819366455078125" lon="120.20673424936830997467041015625">
        <ele>7.400000095367431640625</ele>
        <time>2026-07-27T12:17:00.000Z</time>
        <extensions>
          <ns3:TrackPointExtension>
            <ns3:hr>154</ns3:hr>
            <ns3:cad>87</ns3:cad>
          </ns3:TrackPointExtension>
        </extensions>
      </trkpt>
      <trkpt lat="30.2757603116333484649658203125" lon="120.2067174017429351806640625">
        <ele>7.400000095367431640625</ele>
        <time>2026-07-27T12:17:01.000Z</time>
        <extensions>
          <ns3:TrackPointExtension>
            <ns3:hr>153</ns3:hr>
            <ns3:cad>88</ns3:cad>
          </ns3:TrackPointExtension>
        </extensions>
      </trkpt>
      <trkpt lat="30.27577430941164493560791015625" lon="120.20670189522206783294677734375">
        <ele>7.599999904632568359375</ele>
        <time>2026-07-27T12:17:02.000Z</time>
        <extensions>
          <ns3:TrackPointExtension>
            <ns3:hr>153</ns3:hr>
            <ns3:cad>88</ns3:cad>
          </ns3:TrackPointExtension>
        </extensions>
      </trkpt>
      <trkpt lat="30.27579023502767086029052734375" lon="120.20668144337832927703857421875">
        <ele>7.400000095367431640625</ele>
        <time>2026-07-27T12:17:03.000Z</time>
        <extensions>
          <ns3:TrackPointExtension>
            <ns3:hr>153</ns3:hr>
            <ns3:cad>87</ns3:cad>
          </ns3:TrackPointExtension>
        </extensions>
      </trkpt>
      <trkpt lat="30.2758049033582210540771484375" lon="120.2066629193723201751708984375">
        <ele>7.599999904632568359375</ele>
        <time>2026-07-27T12:17:04.000Z</time>
        <extensions>
          <ns3:TrackPointExtension>
            <ns3:hr>153</ns3:hr>
            <ns3:cad>87</ns3:cad>
          </ns3:TrackPointExtension>
        </extensions>
      </trkpt>
      <trkpt lat="30.27581118978559970855712890625" lon="120.2066422998905181884765625">
        <ele>7.80000019073486328125</ele>
        <time>2026-07-27T12:17:05.000Z</time>
        <extensions>
          <ns3:TrackPointExtension>
            <ns3:hr>153</ns3:hr>
            <ns3:cad>87</ns3:cad>
          </ns3:TrackPointExtension>
        </extensions>
      </trkpt>
      <trkpt lat="30.27582493610680103302001953125" lon="120.20661614835262298583984375">
        <ele>7.599999904632568359375</ele>
        <time>2026-07-27T12:17:06.000Z</time>
        <extensions>
          <ns3:TrackPointExtension>
            <ns3:hr>153</ns3:hr>
            <ns3:cad>86</ns3:cad>
          </ns3:TrackPointExtension>
        </extensions>
      </trkpt>
      <trkpt lat="30.275826193392276763916015625" lon="120.20660215057432651519775390625">
        <ele>7.599999904632568359375</ele>
        <time>2026-07-27T12:17:07.000Z</time>
        <extensions>
          <ns3:TrackPointExtension>
            <ns3:hr>154</ns3:hr>
            <ns3:cad>86</ns3:cad>
          </ns3:TrackPointExtension>
        </extensions>
      </trkpt>
      <trkpt lat="30.2758374251425266265869140625" lon="120.20657381974160671234130859375">
        <ele>7.599999904632568359375</ele>
        <time>2026-07-27T12:17:08.000Z</time>
        <extensions>
          <ns3:TrackPointExtension>
            <ns3:hr>153</ns3:hr>
            <ns3:cad>86</ns3:cad>
          </ns3:TrackPointExtension>
        </extensions>
      </trkpt>
      <trkpt lat="30.2758387662470340728759765625" lon="120.20655579864978790283203125">
        <ele>7.599999904632568359375</ele>
        <time>2026-07-27T12:17:09.000Z</time>
        <extensions>
          <ns3:TrackPointExtension>
            <ns3:hr>153</ns3:hr>
            <ns3:cad>85</ns3:cad>
          </ns3:TrackPointExtension>
        </extensions>
      </trkpt>
      <trkpt lat="30.27584186755120754241943359375" lon="120.20653006620705127716064453125">
        <ele>7.400000095367431640625</ele>
        <time>2026-07-27T12:17:10.000Z</time>
        <extensions>
          <ns3:TrackPointExtension>
            <ns3:hr>153</ns3:hr>
            <ns3:cad>85</ns3:cad>
          </ns3:TrackPointExtension>
        </extensions>
      </trkpt>
      <trkpt lat="30.2758459746837615966796875" lon="120.206507183611392974853515625">
        <ele>7.400000095367431640625</ele>
        <time>2026-07-27T12:17:11.000Z</time>
        <extensions>
          <ns3:TrackPointExtension>
            <ns3:hr>153</ns3:hr>
            <ns3:cad>86</ns3:cad>
          </ns3:TrackPointExtension>
        </extensions>
      </trkpt>
      <trkpt lat="30.275844968855381011962890625" lon="120.2064862288534641265869140625">
        <ele>7.400000095367431640625</ele>
        <time>2026-07-27T12:17:12.000Z</time>
        <extensions>
          <ns3:TrackPointExtension>
            <ns3:hr>153</ns3:hr>
            <ns3:cad>86</ns3:cad>
          </ns3:TrackPointExtension>
        </extensions>
      </trkpt>
      <trkpt lat="30.2758437953889369964599609375" lon="120.20645789802074432373046875">
        <ele>7.400000095367431640625</ele>
        <time>2026-07-27T12:17:13.000Z</time>
        <extensions>
          <ns3:TrackPointExtension>
            <ns3:hr>153</ns3:hr>
            <ns3:cad>86</ns3:cad>
          </ns3:TrackPointExtension>
        </extensions>
      </trkpt>
      <trkpt lat="30.27583323419094085693359375" lon="120.2064416371285915374755859375">
        <ele>7.400000095367431640625</ele>
        <time>2026-07-27T12:17:14.000Z</time>
        <extensions>
          <ns3:TrackPointExtension>
            <ns3:hr>152</ns3:hr>
            <ns3:cad>86</ns3:cad>
          </ns3:TrackPointExtension>
        </extensions>
      </trkpt>
      <trkpt lat="30.2758297137916088104248046875" lon="120.20641422830522060394287109375">
        <ele>7.400000095367431640625</ele>
        <time>2026-07-27T12:17:15.000Z</time>
        <extensions>
          <ns3:TrackPointExtension>
            <ns3:hr>152</ns3:hr>
            <ns3:cad>86</ns3:cad>
          </ns3:TrackPointExtension>
        </extensions>
      </trkpt>
      <trkpt lat="30.2758250199258327484130859375" lon="120.2063982188701629638671875">
        <ele>7.400000095367431640625</ele>
        <time>2026-07-27T12:17:16.000Z</time>
        <extensions>
          <ns3:TrackPointExtension>
            <ns3:hr>152</ns3:hr>
            <ns3:cad>86</ns3:cad>
          </ns3:TrackPointExtension>
        </extensions>
      </trkpt>
      <trkpt lat="30.27581672184169292449951171875" lon="120.20637550391256809234619140625">
        <ele>7.400000095367431640625</ele>
        <time>2026-07-27T12:17:17.000Z</time>
        <extensions>
          <ns3:TrackPointExtension>
            <ns3:hr>152</ns3:hr>
            <ns3:cad>86</ns3:cad>
          </ns3:TrackPointExtension>
        </extensions>
      </trkpt>
      <trkpt lat="30.27580867521464824676513671875" lon="120.2063594944775104522705078125">
        <ele>7.400000095367431640625</ele>
        <time>2026-07-27T12:17:18.000Z</time>
        <extensions>
          <ns3:TrackPointExtension>
            <ns3:hr>151</ns3:hr>
            <ns3:cad>86</ns3:cad>
          </ns3:TrackPointExtension>
        </extensions>
      </trkpt>
      <trkpt lat="30.27579543180763721466064453125" lon="120.2063418924808502197265625">
        <ele>7.400000095367431640625</ele>
        <time>2026-07-27T12:17:19.000Z</time>
        <extensions>
          <ns3:TrackPointExtension>
            <ns3:hr>151</ns3:hr>
            <ns3:cad>86</ns3:cad>
          </ns3:TrackPointExtension>
        </extensions>
      </trkpt>
      <trkpt lat="30.2757834456861019134521484375" lon="120.2063189260661602020263671875">
        <ele>7.599999904632568359375</ele>
        <time>2026-07-27T12:17:20.000Z</time>
        <extensions>
          <ns3:TrackPointExtension>
            <ns3:hr>151</ns3:hr>
            <ns3:cad>86</ns3:cad>
          </ns3:TrackPointExtension>
        </extensions>
      </trkpt>
      <trkpt lat="30.2757717110216617584228515625" lon="120.2063092030584812164306640625">
        <ele>7.599999904632568359375</ele>
        <time>2026-07-27T12:17:21.000Z</time>
        <extensions>
          <ns3:TrackPointExtension>
            <ns3:hr>152</ns3:hr>
            <ns3:cad>86</ns3:cad>
          </ns3:TrackPointExtension>
        </extensions>
      </trkpt>
      <trkpt lat="30.27575368992984294891357421875" lon="120.20628933794796466827392578125">
        <ele>7.599999904632568359375</ele>
        <time>2026-07-27T12:17:22.000Z</time>
        <extensions>
          <ns3:TrackPointExtension>
            <ns3:hr>152</ns3:hr>
            <ns3:cad>86</ns3:cad>
          </ns3:TrackPointExtension>
        </extensions>
      </trkpt>
      <trkpt lat="30.27573776431381702423095703125" lon="120.2062763459980487823486328125">
        <ele>7.599999904632568359375</ele>
        <time>2026-07-27T12:17:23.000Z</time>
        <extensions>
          <ns3:TrackPointExtension>
            <ns3:hr>152</ns3:hr>
            <ns3:cad>86</ns3:cad>
          </ns3:TrackPointExtension>
        </extensions>
      </trkpt>
      <trkpt lat="30.2757163904607295989990234375" lon="120.20626167766749858856201171875">
        <ele>7.599999904632568359375</ele>
        <time>2026-07-27T12:17:24.000Z</time>
        <extensions>
          <ns3:TrackPointExtension>
            <ns3:hr>151</ns3:hr>
            <ns3:cad>85</ns3:cad>
          </ns3:TrackPointExtension>
        </extensions>
      </trkpt>
      <trkpt lat="30.27569803409278392791748046875" lon="120.20624659024178981781005859375">
        <ele>7.599999904632568359375</ele>
        <time>2026-07-27T12:17:25.000Z</time>
        <extensions>
          <ns3:TrackPointExtension>
            <ns3:hr>151</ns3:hr>
            <ns3:cad>85</ns3:cad>
          </ns3:TrackPointExtension>
        </extensions>
      </trkpt>
      <trkpt lat="30.275678671896457672119140625" lon="120.20623737014830112457275390625">
        <ele>7.599999904632568359375</ele>
        <time>2026-07-27T12:17:26.000Z</time>
        <extensions>
          <ns3:TrackPointExtension>
            <ns3:hr>151</ns3:hr>
            <ns3:cad>85</ns3:cad>
          </ns3:TrackPointExtension>
        </extensions>
      </trkpt>
      <trkpt lat="30.27565461583435535430908203125" lon="120.2062257193028926849365234375">
        <ele>7.599999904632568359375</ele>
        <time>2026-07-27T12:17:27.000Z</time>
        <extensions>
          <ns3:TrackPointExtension>
            <ns3:hr>151</ns3:hr>
            <ns3:cad>85</ns3:cad>
          </ns3:TrackPointExtension>
        </extensions>
      </trkpt>
      <trkpt lat="30.27563852258026599884033203125" lon="120.20622362382709980010986328125">
        <ele>7.599999904632568359375</ele>
        <time>2026-07-27T12:17:28.000Z</time>
        <extensions>
          <ns3:TrackPointExtension>
            <ns3:hr>152</ns3:hr>
            <ns3:cad>85</ns3:cad>
          </ns3:TrackPointExtension>
        </extensions>
      </trkpt>
      <trkpt lat="30.2756164781749248504638671875" lon="120.2062186785042285919189453125">
        <ele>7.599999904632568359375</ele>
        <time>2026-07-27T12:17:29.000Z</time>
        <extensions>
          <ns3:TrackPointExtension>
            <ns3:hr>151</ns3:hr>
            <ns3:cad>85</ns3:cad>
          </ns3:TrackPointExtension>
        </extensions>
      </trkpt>
      <trkpt lat="30.27559711597859859466552734375" lon="120.20621675066649913787841796875">
        <ele>7.599999904632568359375</ele>
        <time>2026-07-27T12:17:30.000Z</time>
        <extensions>
          <ns3:TrackPointExtension>
            <ns3:hr>151</ns3:hr>
            <ns3:cad>85</ns3:cad>
          </ns3:TrackPointExtension>
        </extensions>
      </trkpt>
      <trkpt lat="30.2755802683532238006591796875" lon="120.2062190137803554534912109375">
        <ele>7.400000095367431640625</ele>
        <time>2026-07-27T12:17:31.000Z</time>
        <extensions>
          <ns3:TrackPointExtension>
            <ns3:hr>152</ns3:hr>
            <ns3:cad>85</ns3:cad>
          </ns3:TrackPointExtension>
        </extensions>
      </trkpt>
      <trkpt lat="30.27555570937693119049072265625" lon="120.20621624775230884552001953125">
        <ele>7.400000095367431640625</ele>
        <time>2026-07-27T12:17:32.000Z</time>
        <extensions>
          <ns3:TrackPointExtension>
            <ns3:hr>152</ns3:hr>
            <ns3:cad>85</ns3:cad>
          </ns3:TrackPointExtension>
        </extensions>
      </trkpt>
      <trkpt lat="30.2755413763225078582763671875" lon="120.2062211930751800537109375">
        <ele>7.599999904632568359375</ele>
        <time>2026-07-27T12:17:33.000Z</time>
        <extensions>
          <ns3:TrackPointExtension>
            <ns3:hr>152</ns3:hr>
            <ns3:cad>85</ns3:cad>
          </ns3:TrackPointExtension>
        </extensions>
      </trkpt>
      <trkpt lat="30.27551698498427867889404296875" lon="120.2062206901609897613525390625">
        <ele>7.599999904632568359375</ele>
        <time>2026-07-27T12:17:34.000Z</time>
        <extensions>
          <ns3:TrackPointExtension>
            <ns3:hr>151</ns3:hr>
            <ns3:cad>84</ns3:cad>
          </ns3:TrackPointExtension>
        </extensions>
      </trkpt>
      <trkpt lat="30.2754984609782695770263671875" lon="120.20622052252292633056640625">
        <ele>7.599999904632568359375</ele>
        <time>2026-07-27T12:17:35.000Z</time>
        <extensions>
          <ns3:TrackPointExtension>
            <ns3:hr>151</ns3:hr>
            <ns3:cad>84</ns3:cad>
          </ns3:TrackPointExtension>
        </extensions>
      </trkpt>
      <trkpt lat="30.27547675184905529022216796875" lon="120.2062247134745121002197265625">
        <ele>7.599999904632568359375</ele>
        <time>2026-07-27T12:17:36.000Z</time>
        <extensions>
          <ns3:TrackPointExtension>
            <ns3:hr>151</ns3:hr>
            <ns3:cad>84</ns3:cad>
          </ns3:TrackPointExtension>
        </extensions>
      </trkpt>
      <trkpt lat="30.27545504271984100341796875" lon="120.20622664131224155426025390625">
        <ele>7.599999904632568359375</ele>
        <time>2026-07-27T12:17:37.000Z</time>
        <extensions>
          <ns3:TrackPointExtension>
            <ns3:hr>151</ns3:hr>
            <ns3:cad>85</ns3:cad>
          </ns3:TrackPointExtension>
        </extensions>
      </trkpt>
      <trkpt lat="30.2754360996186733245849609375" lon="120.2062337659299373626708984375">
        <ele>7.599999904632568359375</ele>
        <time>2026-07-27T12:17:38.000Z</time>
        <extensions>
          <ns3:TrackPointExtension>
            <ns3:hr>152</ns3:hr>
            <ns3:cad>85</ns3:cad>
          </ns3:TrackPointExtension>
        </extensions>
      </trkpt>
      <trkpt lat="30.2754076011478900909423828125" lon="120.20623116753995418548583984375">
        <ele>7.599999904632568359375</ele>
        <time>2026-07-27T12:17:39.000Z</time>
        <extensions>
          <ns3:TrackPointExtension>
            <ns3:hr>151</ns3:hr>
            <ns3:cad>85</ns3:cad>
          </ns3:TrackPointExtension>
        </extensions>
      </trkpt>
      <trkpt lat="30.2753911726176738739013671875" lon="120.20623921416699886322021484375">
        <ele>7.599999904632568359375</ele>
        <time>2026-07-27T12:17:40.000Z</time>
        <extensions>
          <ns3:TrackPointExtension>
            <ns3:hr>151</ns3:hr>
            <ns3:cad>85</ns3:cad>
          </ns3:TrackPointExtension>
        </extensions>
      </trkpt>
      <trkpt lat="30.27536476962268352508544921875" lon="120.20623921416699886322021484375">
        <ele>7.599999904632568359375</ele>
        <time>2026-07-27T12:17:41.000Z</time>
        <extensions>
          <ns3:TrackPointExtension>
            <ns3:hr>151</ns3:hr>
            <ns3:cad>85</ns3:cad>
          </ns3:TrackPointExtension>
        </extensions>
      </trkpt>
      <trkpt lat="30.27534507215023040771484375" lon="120.20623921416699886322021484375">
        <ele>7.599999904632568359375</ele>
        <time>2026-07-27T12:17:42.000Z</time>
        <extensions>
          <ns3:TrackPointExtension>
            <ns3:hr>151</ns3:hr>
            <ns3:cad>86</ns3:cad>
          </ns3:TrackPointExtension>
        </extensions>
      </trkpt>
      <trkpt lat="30.27532361447811126708984375" lon="120.2062418125569820404052734375">
        <ele>7.599999904632568359375</ele>
        <time>2026-07-27T12:17:43.000Z</time>
        <extensions>
          <ns3:TrackPointExtension>
            <ns3:hr>151</ns3:hr>
            <ns3:cad>86</ns3:cad>
          </ns3:TrackPointExtension>
        </extensions>
      </trkpt>
      <trkpt lat="30.2752986364066600799560546875" lon="120.2062421478331089019775390625">
        <ele>7.599999904632568359375</ele>
        <time>2026-07-27T12:17:44.000Z</time>
        <extensions>
          <ns3:TrackPointExtension>
            <ns3:hr>151</ns3:hr>
            <ns3:cad>86</ns3:cad>
          </ns3:TrackPointExtension>
        </extensions>
      </trkpt>
      <trkpt lat="30.275284387171268463134765625" lon="120.20624944008886814117431640625">
        <ele>7.599999904632568359375</ele>
        <time>2026-07-27T12:17:45.000Z</time>
        <extensions>
          <ns3:TrackPointExtension>
            <ns3:hr>151</ns3:hr>
            <ns3:cad>85</ns3:cad>
          </ns3:TrackPointExtension>
        </extensions>
      </trkpt>
      <trkpt lat="30.2752557210624217987060546875" lon="120.20624977536499500274658203125">
        <ele>7.599999904632568359375</ele>
        <time>2026-07-27T12:17:46.000Z</time>
        <extensions>
          <ns3:TrackPointExtension>
            <ns3:hr>150</ns3:hr>
            <ns3:cad>85</ns3:cad>
          </ns3:TrackPointExtension>
        </extensions>
      </trkpt>
      <trkpt lat="30.2752371132373809814453125" lon="120.2062532119452953338623046875">
        <ele>7.400000095367431640625</ele>
        <time>2026-07-27T12:17:47.000Z</time>
        <extensions>
          <ns3:TrackPointExtension>
            <ns3:hr>150</ns3:hr>
            <ns3:cad>85</ns3:cad>
          </ns3:TrackPointExtension>
        </extensions>
      </trkpt>
      <trkpt lat="30.27521691285073757171630859375" lon="120.206257738173007965087890625">
        <ele>7.400000095367431640625</ele>
        <time>2026-07-27T12:17:48.000Z</time>
        <extensions>
          <ns3:TrackPointExtension>
            <ns3:hr>150</ns3:hr>
            <ns3:cad>85</ns3:cad>
          </ns3:TrackPointExtension>
        </extensions>
      </trkpt>
      <trkpt lat="30.27519763447344303131103515625" lon="120.20625866018235683441162109375">
        <ele>7.400000095367431640625</ele>
        <time>2026-07-27T12:17:49.000Z</time>
        <extensions>
          <ns3:TrackPointExtension>
            <ns3:hr>150</ns3:hr>
            <ns3:cad>85</ns3:cad>
          </ns3:TrackPointExtension>
        </extensions>
      </trkpt>
      <trkpt lat="30.2751762606203556060791015625" lon="120.20626167766749858856201171875">
        <ele>7.400000095367431640625</ele>
        <time>2026-07-27T12:17:50.000Z</time>
        <extensions>
          <ns3:TrackPointExtension>
            <ns3:hr>149</ns3:hr>
            <ns3:cad>85</ns3:cad>
          </ns3:TrackPointExtension>
        </extensions>
      </trkpt>
      <trkpt lat="30.2751512825489044189453125" lon="120.20626008510589599609375">
        <ele>7.400000095367431640625</ele>
        <time>2026-07-27T12:17:51.000Z</time>
        <extensions>
          <ns3:TrackPointExtension>
            <ns3:hr>148</ns3:hr>
            <ns3:cad>86</ns3:cad>
          </ns3:TrackPointExtension>
        </extensions>
      </trkpt>
      <trkpt lat="30.275135524570941925048828125" lon="120.2062679640948772430419921875">
        <ele>7.599999904632568359375</ele>
        <time>2026-07-27T12:17:52.000Z</time>
        <extensions>
          <ns3:TrackPointExtension>
            <ns3:hr>147</ns3:hr>
            <ns3:cad>86</ns3:cad>
          </ns3:TrackPointExtension>
        </extensions>
      </trkpt>
      <trkpt lat="30.275109373033046722412109375" lon="120.20626871846616268157958984375">
        <ele>7.599999904632568359375</ele>
        <time>2026-07-27T12:17:53.000Z</time>
        <extensions>
          <ns3:TrackPointExtension>
            <ns3:hr>146</ns3:hr>
            <ns3:cad>86</ns3:cad>
          </ns3:TrackPointExtension>
        </extensions>
      </trkpt>
      <trkpt lat="30.2750894241034984588623046875" lon="120.20627290941774845123291015625">
        <ele>7.599999904632568359375</ele>
        <time>2026-07-27T12:17:54.000Z</time>
        <extensions>
          <ns3:TrackPointExtension>
            <ns3:hr>146</ns3:hr>
            <ns3:cad>86</ns3:cad>
          </ns3:TrackPointExtension>
        </extensions>
      </trkpt>
      <trkpt lat="30.27506302110850811004638671875" lon="120.20627341233193874359130859375">
        <ele>7.599999904632568359375</ele>
        <time>2026-07-27T12:17:55.000Z</time>
        <extensions>
          <ns3:TrackPointExtension>
            <ns3:hr>146</ns3:hr>
            <ns3:cad>86</ns3:cad>
          </ns3:TrackPointExtension>
        </extensions>
      </trkpt>
      <trkpt lat="30.275043658912181854248046875" lon="120.20627416670322418212890625">
        <ele>7.599999904632568359375</ele>
        <time>2026-07-27T12:17:56.000Z</time>
        <extensions>
          <ns3:TrackPointExtension>
            <ns3:hr>146</ns3:hr>
            <ns3:cad>86</ns3:cad>
          </ns3:TrackPointExtension>
        </extensions>
      </trkpt>
      <trkpt lat="30.27502245269715785980224609375" lon="120.206277184188365936279296875">
        <ele>7.599999904632568359375</ele>
        <time>2026-07-27T12:17:57.000Z</time>
        <extensions>
          <ns3:TrackPointExtension>
            <ns3:hr>145</ns3:hr>
            <ns3:cad>86</ns3:cad>
          </ns3:TrackPointExtension>
        </extensions>
      </trkpt>
      <trkpt lat="30.27499906718730926513671875" lon="120.20627659745514392852783203125">
        <ele>7.599999904632568359375</ele>
        <time>2026-07-27T12:17:58.000Z</time>
        <extensions>
          <ns3:TrackPointExtension>
            <ns3:hr>145</ns3:hr>
            <ns3:cad>86</ns3:cad>
          </ns3:TrackPointExtension>
        </extensions>
      </trkpt>
      <trkpt lat="30.27498238719999790191650390625" lon="120.20628447644412517547607421875">
        <ele>7.599999904632568359375</ele>
        <time>2026-07-27T12:17:59.000Z</time>
        <extensions>
          <ns3:TrackPointExtension>
            <ns3:hr>145</ns3:hr>
            <ns3:cad>86</ns3:cad>
          </ns3:TrackPointExtension>
        </extensions>
      </trkpt>
      <trkpt lat="30.27495757676661014556884765625" lon="120.20628581754863262176513671875">
        <ele>7.599999904632568359375</ele>
        <time>2026-07-27T12:18:00.000Z</time>
        <extensions>
          <ns3:TrackPointExtension>
            <ns3:hr>146</ns3:hr>
            <ns3:cad>86</ns3:cad>
          </ns3:TrackPointExtension>
        </extensions>
      </trkpt>
      <trkpt lat="30.27494081296026706695556640625" lon="120.2062880806624889373779296875">
        <ele>7.599999904632568359375</ele>
        <time>2026-07-27T12:18:01.000Z</time>
        <extensions>
          <ns3:TrackPointExtension>
            <ns3:hr>145</ns3:hr>
            <ns3:cad>86</ns3:cad>
          </ns3:TrackPointExtension>
        </extensions>
      </trkpt>
      <trkpt lat="30.27492036111652851104736328125" lon="120.20628581754863262176513671875">
        <ele>7.599999904632568359375</ele>
        <time>2026-07-27T12:18:02.000Z</time>
        <extensions>
          <ns3:TrackPointExtension>
            <ns3:hr>146</ns3:hr>
            <ns3:cad>85</ns3:cad>
          </ns3:TrackPointExtension>
        </extensions>
      </trkpt>
      <trkpt lat="30.274896807968616485595703125" lon="120.20628481172025203704833984375">
        <ele>7.599999904632568359375</ele>
        <time>2026-07-27T12:18:03.000Z</time>
        <extensions>
          <ns3:TrackPointExtension>
            <ns3:hr>146</ns3:hr>
            <ns3:cad>85</ns3:cad>
          </ns3:TrackPointExtension>
        </extensions>
      </trkpt>
      <trkpt lat="30.274880714714527130126953125" lon="120.20629252307116985321044921875">
        <ele>7.599999904632568359375</ele>
        <time>2026-07-27T12:18:04.000Z</time>
        <extensions>
          <ns3:TrackPointExtension>
            <ns3:hr>147</ns3:hr>
            <ns3:cad>85</ns3:cad>
          </ns3:TrackPointExtension>
        </extensions>
      </trkpt>
      <trkpt lat="30.274852216243743896484375" lon="120.2062974683940410614013671875">
        <ele>7.599999904632568359375</ele>
        <time>2026-07-27T12:18:05.000Z</time>
        <extensions>
          <ns3:TrackPointExtension>
            <ns3:hr>147</ns3:hr>
            <ns3:cad>85</ns3:cad>
          </ns3:TrackPointExtension>
        </extensions>
      </trkpt>
      <trkpt lat="30.2748376317322254180908203125" lon="120.20630995742976665496826171875">
        <ele>7.599999904632568359375</ele>
        <time>2026-07-27T12:18:06.000Z</time>
        <extensions>
          <ns3:TrackPointExtension>
            <ns3:hr>148</ns3:hr>
            <ns3:cad>85</ns3:cad>
          </ns3:TrackPointExtension>
        </extensions>
      </trkpt>
      <trkpt lat="30.2748091332614421844482421875" lon="120.206320770084857940673828125">
        <ele>7.599999904632568359375</ele>
        <time>2026-07-27T12:18:07.000Z</time>
        <extensions>
          <ns3:TrackPointExtension>
            <ns3:hr>148</ns3:hr>
            <ns3:cad>85</ns3:cad>
          </ns3:TrackPointExtension>
        </extensions>
      </trkpt>
      <trkpt lat="30.2747866697609424591064453125" lon="120.206332169473171234130859375">
        <ele>7.599999904632568359375</ele>
        <time>2026-07-27T12:18:08.000Z</time>
        <extensions>
          <ns3:TrackPointExtension>
            <ns3:hr>149</ns3:hr>
            <ns3:cad>85</ns3:cad>
          </ns3:TrackPointExtension>
        </extensions>
      </trkpt>
      <trkpt lat="30.274766385555267333984375" lon="120.20634482614696025848388671875">
        <ele>7.599999904632568359375</ele>
        <time>2026-07-27T12:18:09.000Z</time>
        <extensions>
          <ns3:TrackPointExtension>
            <ns3:hr>149</ns3:hr>
            <ns3:cad>86</ns3:cad>
          </ns3:TrackPointExtension>
        </extensions>
      </trkpt>
      <trkpt lat="30.27474400587379932403564453125" lon="120.20635999739170074462890625">
        <ele>7.599999904632568359375</ele>
        <time>2026-07-27T12:18:10.000Z</time>
        <extensions>
          <ns3:TrackPointExtension>
            <ns3:hr>149</ns3:hr>
            <ns3:cad>86</ns3:cad>
          </ns3:TrackPointExtension>
        </extensions>
      </trkpt>
      <trkpt lat="30.27473160065710544586181640625" lon="120.20638137124478816986083984375">
        <ele>7.400000095367431640625</ele>
        <time>2026-07-27T12:18:11.000Z</time>
        <extensions>
          <ns3:TrackPointExtension>
            <ns3:hr>150</ns3:hr>
            <ns3:cad>86</ns3:cad>
          </ns3:TrackPointExtension>
        </extensions>
      </trkpt>
      <trkpt lat="30.27471232227981090545654296875" lon="120.20640634931623935699462890625">
        <ele>7.400000095367431640625</ele>
        <time>2026-07-27T12:18:12.000Z</time>
        <extensions>
          <ns3:TrackPointExtension>
            <ns3:hr>150</ns3:hr>
            <ns3:cad>86</ns3:cad>
          </ns3:TrackPointExtension>
        </extensions>
      </trkpt>
      <trkpt lat="30.2746994979679584503173828125" lon="120.206428728997707366943359375">
        <ele>7.400000095367431640625</ele>
        <time>2026-07-27T12:18:13.000Z</time>
        <extensions>
          <ns3:TrackPointExtension>
            <ns3:hr>150</ns3:hr>
            <ns3:cad>86</ns3:cad>
          </ns3:TrackPointExtension>
        </extensions>
      </trkpt>
      <trkpt lat="30.27468524873256683349609375" lon="120.2064597420394420623779296875">
        <ele>7.400000095367431640625</ele>
        <time>2026-07-27T12:18:14.000Z</time>
        <extensions>
          <ns3:TrackPointExtension>
            <ns3:hr>150</ns3:hr>
            <ns3:cad>87</ns3:cad>
          </ns3:TrackPointExtension>
        </extensions>
      </trkpt>
      <trkpt lat="30.2746765315532684326171875" lon="120.20648279227316379547119140625">
        <ele>7.400000095367431640625</ele>
        <time>2026-07-27T12:18:15.000Z</time>
        <extensions>
          <ns3:TrackPointExtension>
            <ns3:hr>150</ns3:hr>
            <ns3:cad>87</ns3:cad>
          </ns3:TrackPointExtension>
        </extensions>
      </trkpt>
      <trkpt lat="30.27466714382171630859375" lon="120.2065153978765010833740234375">
        <ele>7.400000095367431640625</ele>
        <time>2026-07-27T12:18:16.000Z</time>
        <extensions>
          <ns3:TrackPointExtension>
            <ns3:hr>151</ns3:hr>
            <ns3:cad>87</ns3:cad>
          </ns3:TrackPointExtension>
        </extensions>
      </trkpt>
      <trkpt lat="30.274661444127559661865234375" lon="120.20654113031923770904541015625">
        <ele>7.400000095367431640625</ele>
        <time>2026-07-27T12:18:17.000Z</time>
        <extensions>
          <ns3:TrackPointExtension>
            <ns3:hr>151</ns3:hr>
            <ns3:cad>87</ns3:cad>
          </ns3:TrackPointExtension>
        </extensions>
      </trkpt>
      <trkpt lat="30.27466018684208393096923828125" lon="120.20656610839068889617919921875">
        <ele>7.400000095367431640625</ele>
        <time>2026-07-27T12:18:18.000Z</time>
        <extensions>
          <ns3:TrackPointExtension>
            <ns3:hr>151</ns3:hr>
            <ns3:cad>87</ns3:cad>
          </ns3:TrackPointExtension>
        </extensions>
      </trkpt>
      <trkpt lat="30.27465666644275188446044921875" lon="120.20659494213759899139404296875">
        <ele>7.599999904632568359375</ele>
        <time>2026-07-27T12:18:19.000Z</time>
        <extensions>
          <ns3:TrackPointExtension>
            <ns3:hr>151</ns3:hr>
            <ns3:cad>86</ns3:cad>
          </ns3:TrackPointExtension>
        </extensions>
      </trkpt>
      <trkpt lat="30.274663455784320831298828125" lon="120.2066136337816715240478515625">
        <ele>7.599999904632568359375</ele>
        <time>2026-07-27T12:18:20.000Z</time>
        <extensions>
          <ns3:TrackPointExtension>
            <ns3:hr>151</ns3:hr>
            <ns3:cad>86</ns3:cad>
          </ns3:TrackPointExtension>
        </extensions>
      </trkpt>
      <trkpt lat="30.2746684849262237548828125" lon="120.20664355717599391937255859375">
        <ele>7.80000019073486328125</ele>
        <time>2026-07-27T12:18:21.000Z</time>
        <extensions>
          <ns3:TrackPointExtension>
            <ns3:hr>151</ns3:hr>
            <ns3:cad>87</ns3:cad>
          </ns3:TrackPointExtension>
        </extensions>
      </trkpt>
      <trkpt lat="30.27467678301036357879638671875" lon="120.2066583931446075439453125">
        <ele>7.80000019073486328125</ele>
        <time>2026-07-27T12:18:22.000Z</time>
        <extensions>
          <ns3:TrackPointExtension>
            <ns3:hr>152</ns3:hr>
            <ns3:cad>86</ns3:cad>
          </ns3:TrackPointExtension>
        </extensions>
      </trkpt>
      <trkpt lat="30.2746897749602794647216796875" lon="120.20668244920670986175537109375">
        <ele>7.80000019073486328125</ele>
        <time>2026-07-27T12:18:23.000Z</time>
        <extensions>
          <ns3:TrackPointExtension>
            <ns3:hr>152</ns3:hr>
            <ns3:cad>86</ns3:cad>
          </ns3:TrackPointExtension>
        </extensions>
      </trkpt>
      <trkpt lat="30.2746998332440853118896484375" lon="120.20670608617365360260009765625">
        <ele>7.80000019073486328125</ele>
        <time>2026-07-27T12:18:24.000Z</time>
        <extensions>
          <ns3:TrackPointExtension>
            <ns3:hr>152</ns3:hr>
            <ns3:cad>86</ns3:cad>
          </ns3:TrackPointExtension>
        </extensions>
      </trkpt>
      <trkpt lat="30.27471450157463550567626953125" lon="120.206727124750614166259765625">
        <ele>8</ele>
        <time>2026-07-27T12:18:25.000Z</time>
        <extensions>
          <ns3:TrackPointExtension>
            <ns3:hr>152</ns3:hr>
            <ns3:cad>85</ns3:cad>
          </ns3:TrackPointExtension>
        </extensions>
      </trkpt>
      <trkpt lat="30.27473093010485172271728515625" lon="120.206749923527240753173828125">
        <ele>7.80000019073486328125</ele>
        <time>2026-07-27T12:18:26.000Z</time>
        <extensions>
          <ns3:TrackPointExtension>
            <ns3:hr>151</ns3:hr>
            <ns3:cad>85</ns3:cad>
          </ns3:TrackPointExtension>
        </extensions>
      </trkpt>
      <trkpt lat="30.2747464366257190704345703125" lon="120.2067591436207294464111328125">
        <ele>7.80000019073486328125</ele>
        <time>2026-07-27T12:18:27.000Z</time>
        <extensions>
          <ns3:TrackPointExtension>
            <ns3:hr>152</ns3:hr>
            <ns3:cad>85</ns3:cad>
          </ns3:TrackPointExtension>
        </extensions>
      </trkpt>
      <trkpt lat="30.27476998977363109588623046875" lon="120.206788815557956695556640625">
        <ele>7.599999904632568359375</ele>
        <time>2026-07-27T12:18:28.000Z</time>
        <extensions>
          <ns3:TrackPointExtension>
            <ns3:hr>152</ns3:hr>
            <ns3:cad>85</ns3:cad>
          </ns3:TrackPointExtension>
        </extensions>
      </trkpt>
      <trkpt lat="30.27478826232254505157470703125" lon="120.2067983709275722503662109375">
        <ele>7.599999904632568359375</ele>
        <time>2026-07-27T12:18:29.000Z</time>
        <extensions>
          <ns3:TrackPointExtension>
            <ns3:hr>152</ns3:hr>
            <ns3:cad>85</ns3:cad>
          </ns3:TrackPointExtension>
        </extensions>
      </trkpt>
      <trkpt lat="30.274815000593662261962890625" lon="120.206815637648105621337890625">
        <ele>7.599999904632568359375</ele>
        <time>2026-07-27T12:18:30.000Z</time>
        <extensions>
          <ns3:TrackPointExtension>
            <ns3:hr>152</ns3:hr>
            <ns3:cad>85</ns3:cad>
          </ns3:TrackPointExtension>
        </extensions>
      </trkpt>
      <trkpt lat="30.2748329378664493560791015625" lon="120.20682133734226226806640625">
        <ele>7.599999904632568359375</ele>
        <time>2026-07-27T12:18:31.000Z</time>
        <extensions>
          <ns3:TrackPointExtension>
            <ns3:hr>153</ns3:hr>
            <ns3:cad>85</ns3:cad>
          </ns3:TrackPointExtension>
        </extensions>
      </trkpt>
      <trkpt lat="30.27485665865242481231689453125" lon="120.20682695321738719940185546875">
        <ele>7.599999904632568359375</ele>
        <time>2026-07-27T12:18:32.000Z</time>
        <extensions>
          <ns3:TrackPointExtension>
            <ns3:hr>153</ns3:hr>
            <ns3:cad>86</ns3:cad>
          </ns3:TrackPointExtension>
        </extensions>
      </trkpt>
      <trkpt lat="30.27487794868648052215576171875" lon="120.20683332346379756927490234375">
        <ele>7.599999904632568359375</ele>
        <time>2026-07-27T12:18:33.000Z</time>
        <extensions>
          <ns3:TrackPointExtension>
            <ns3:hr>153</ns3:hr>
            <ns3:cad>86</ns3:cad>
          </ns3:TrackPointExtension>
        </extensions>
      </trkpt>
      <trkpt lat="30.2748956345021724700927734375" lon="120.20683298818767070770263671875">
        <ele>7.599999904632568359375</ele>
        <time>2026-07-27T12:18:34.000Z</time>
        <extensions>
          <ns3:TrackPointExtension>
            <ns3:hr>152</ns3:hr>
            <ns3:cad>86</ns3:cad>
          </ns3:TrackPointExtension>
        </extensions>
      </trkpt>
      <trkpt lat="30.27491985820233821868896484375" lon="120.2068355865776538848876953125">
        <ele>7.599999904632568359375</ele>
        <time>2026-07-27T12:18:35.000Z</time>
        <extensions>
          <ns3:TrackPointExtension>
            <ns3:hr>153</ns3:hr>
            <ns3:cad>86</ns3:cad>
          </ns3:TrackPointExtension>
        </extensions>
      </trkpt>
      <trkpt lat="30.2749365381896495819091796875" lon="120.2068278752267360687255859375">
        <ele>7.599999904632568359375</ele>
        <time>2026-07-27T12:18:36.000Z</time>
        <extensions>
          <ns3:TrackPointExtension>
            <ns3:hr>153</ns3:hr>
            <ns3:cad>86</ns3:cad>
          </ns3:TrackPointExtension>
        </extensions>
      </trkpt>
      <trkpt lat="30.27496394701302051544189453125" lon="120.2068278752267360687255859375">
        <ele>7.599999904632568359375</ele>
        <time>2026-07-27T12:18:37.000Z</time>
        <extensions>
          <ns3:TrackPointExtension>
            <ns3:hr>152</ns3:hr>
            <ns3:cad>86</ns3:cad>
          </ns3:TrackPointExtension>
        </extensions>
      </trkpt>
      <trkpt lat="30.2749841473996639251708984375" lon="120.20682058297097682952880859375">
        <ele>7.599999904632568359375</ele>
        <time>2026-07-27T12:18:38.000Z</time>
        <extensions>
          <ns3:TrackPointExtension>
            <ns3:hr>152</ns3:hr>
            <ns3:cad>86</ns3:cad>
          </ns3:TrackPointExtension>
        </extensions>
      </trkpt>
      <trkpt lat="30.27501038275659084320068359375" lon="120.20681454800069332122802734375">
        <ele>7.400000095367431640625</ele>
        <time>2026-07-27T12:18:39.000Z</time>
        <extensions>
          <ns3:TrackPointExtension>
            <ns3:hr>152</ns3:hr>
            <ns3:cad>86</ns3:cad>
          </ns3:TrackPointExtension>
        </extensions>
      </trkpt>
      <trkpt lat="30.27503318153321743011474609375" lon="120.20681337453424930572509765625">
        <ele>7.599999904632568359375</ele>
        <time>2026-07-27T12:18:40.000Z</time>
        <extensions>
          <ns3:TrackPointExtension>
            <ns3:hr>153</ns3:hr>
            <ns3:cad>87</ns3:cad>
          </ns3:TrackPointExtension>
        </extensions>
      </trkpt>
      <trkpt lat="30.27505162172019481658935546875" lon="120.20681186579167842864990234375">
        <ele>7.599999904632568359375</ele>
        <time>2026-07-27T12:18:41.000Z</time>
        <extensions>
          <ns3:TrackPointExtension>
            <ns3:hr>152</ns3:hr>
            <ns3:cad>87</ns3:cad>
          </ns3:TrackPointExtension>
        </extensions>
      </trkpt>
      <trkpt lat="30.27507475577294826507568359375" lon="120.2068204991519451141357421875">
        <ele>7.599999904632568359375</ele>
        <time>2026-07-27T12:18:42.000Z</time>
        <extensions>
          <ns3:TrackPointExtension>
            <ns3:hr>152</ns3:hr>
            <ns3:cad>86</ns3:cad>
          </ns3:TrackPointExtension>
        </extensions>
      </trkpt>
      <trkpt lat="30.275089256465435028076171875" lon="120.20681337453424930572509765625">
        <ele>7.599999904632568359375</ele>
        <time>2026-07-27T12:18:43.000Z</time>
        <extensions>
          <ns3:TrackPointExtension>
            <ns3:hr>152</ns3:hr>
            <ns3:cad>85</ns3:cad>
          </ns3:TrackPointExtension>
        </extensions>
      </trkpt>
      <trkpt lat="30.27511381544172763824462890625" lon="120.2068139612674713134765625">
        <ele>7.599999904632568359375</ele>
        <time>2026-07-27T12:18:44.000Z</time>
        <extensions>
          <ns3:TrackPointExtension>
            <ns3:hr>153</ns3:hr>
            <ns3:cad>85</ns3:cad>
          </ns3:TrackPointExtension>
        </extensions>
      </trkpt>
      <trkpt lat="30.27513326145708560943603515625" lon="120.20681153051555156707763671875">
        <ele>7.400000095367431640625</ele>
        <time>2026-07-27T12:18:45.000Z</time>
        <extensions>
          <ns3:TrackPointExtension>
            <ns3:hr>153</ns3:hr>
            <ns3:cad>85</ns3:cad>
          </ns3:TrackPointExtension>
        </extensions>
      </trkpt>
      <trkpt lat="30.2751554735004901885986328125" lon="120.206809602677822113037109375">
        <ele>7.400000095367431640625</ele>
        <time>2026-07-27T12:18:46.000Z</time>
        <extensions>
          <ns3:TrackPointExtension>
            <ns3:hr>153</ns3:hr>
            <ns3:cad>86</ns3:cad>
          </ns3:TrackPointExtension>
        </extensions>
      </trkpt>
      <trkpt lat="30.275177098810672760009765625" lon="120.206808932125568389892578125">
        <ele>7.400000095367431640625</ele>
        <time>2026-07-27T12:18:47.000Z</time>
        <extensions>
          <ns3:TrackPointExtension>
            <ns3:hr>153</ns3:hr>
            <ns3:cad>86</ns3:cad>
          </ns3:TrackPointExtension>
        </extensions>
      </trkpt>
      <trkpt lat="30.275197215378284454345703125" lon="120.20680566318333148956298828125">
        <ele>7.400000095367431640625</ele>
        <time>2026-07-27T12:18:48.000Z</time>
        <extensions>
          <ns3:TrackPointExtension>
            <ns3:hr>152</ns3:hr>
            <ns3:cad>86</ns3:cad>
          </ns3:TrackPointExtension>
        </extensions>
      </trkpt>
      <trkpt lat="30.27522143907845020294189453125" lon="120.206809937953948974609375">
        <ele>7.400000095367431640625</ele>
        <time>2026-07-27T12:18:49.000Z</time>
        <extensions>
          <ns3:TrackPointExtension>
            <ns3:hr>153</ns3:hr>
            <ns3:cad>86</ns3:cad>
          </ns3:TrackPointExtension>
        </extensions>
      </trkpt>
      <trkpt lat="30.2752344310283660888671875" lon="120.20680348388850688934326171875">
        <ele>7.599999904632568359375</ele>
        <time>2026-07-27T12:18:50.000Z</time>
        <extensions>
          <ns3:TrackPointExtension>
            <ns3:hr>152</ns3:hr>
            <ns3:cad>86</ns3:cad>
          </ns3:TrackPointExtension>
        </extensions>
      </trkpt>
      <trkpt lat="30.27525999583303928375244140625" lon="120.206801891326904296875">
        <ele>7.599999904632568359375</ele>
        <time>2026-07-27T12:18:51.000Z</time>
        <extensions>
          <ns3:TrackPointExtension>
            <ns3:hr>152</ns3:hr>
            <ns3:cad>86</ns3:cad>
          </ns3:TrackPointExtension>
        </extensions>
      </trkpt>
      <trkpt lat="30.27527525089681148529052734375" lon="120.20679317414760589599609375">
        <ele>7.599999904632568359375</ele>
        <time>2026-07-27T12:18:52.000Z</time>
        <extensions>
          <ns3:TrackPointExtension>
            <ns3:hr>152</ns3:hr>
            <ns3:cad>86</ns3:cad>
          </ns3:TrackPointExtension>
        </extensions>
      </trkpt>
      <trkpt lat="30.2753009833395481109619140625" lon="120.20679141394793987274169921875">
        <ele>7.400000095367431640625</ele>
        <time>2026-07-27T12:18:53.000Z</time>
        <extensions>
          <ns3:TrackPointExtension>
            <ns3:hr>153</ns3:hr>
            <ns3:cad>86</ns3:cad>
          </ns3:TrackPointExtension>
        </extensions>
      </trkpt>
      <trkpt lat="30.275319926440715789794921875" lon="120.206788145005702972412109375">
        <ele>7.400000095367431640625</ele>
        <time>2026-07-27T12:18:54.000Z</time>
        <extensions>
          <ns3:TrackPointExtension>
            <ns3:hr>152</ns3:hr>
            <ns3:cad>86</ns3:cad>
          </ns3:TrackPointExtension>
        </extensions>
      </trkpt>
      <trkpt lat="30.275340713560581207275390625" lon="120.20678420551121234893798828125">
        <ele>7.400000095367431640625</ele>
        <time>2026-07-27T12:18:55.000Z</time>
        <extensions>
          <ns3:TrackPointExtension>
            <ns3:hr>153</ns3:hr>
            <ns3:cad>86</ns3:cad>
          </ns3:TrackPointExtension>
        </extensions>
      </trkpt>
      <trkpt lat="30.27536544017493724822998046875" lon="120.206784792244434356689453125">
        <ele>7.400000095367431640625</ele>
        <time>2026-07-27T12:18:56.000Z</time>
        <extensions>
          <ns3:TrackPointExtension>
            <ns3:hr>153</ns3:hr>
            <ns3:cad>86</ns3:cad>
          </ns3:TrackPointExtension>
        </extensions>
      </trkpt>
      <trkpt lat="30.2753861434757709503173828125" lon="120.206779427826404571533203125">
        <ele>7.400000095367431640625</ele>
        <time>2026-07-27T12:18:57.000Z</time>
        <extensions>
          <ns3:TrackPointExtension>
            <ns3:hr>153</ns3:hr>
            <ns3:cad>87</ns3:cad>
          </ns3:TrackPointExtension>
        </extensions>
      </trkpt>
      <trkpt lat="30.27541187591850757598876953125" lon="120.2067871391773223876953125">
        <ele>7.400000095367431640625</ele>
        <time>2026-07-27T12:18:58.000Z</time>
        <extensions>
          <ns3:TrackPointExtension>
            <ns3:hr>153</ns3:hr>
            <ns3:cad>87</ns3:cad>
          </ns3:TrackPointExtension>
        </extensions>
      </trkpt>
      <trkpt lat="30.275431908667087554931640625" lon="120.206783115863800048828125">
        <ele>7.599999904632568359375</ele>
        <time>2026-07-27T12:18:59.000Z</time>
        <extensions>
          <ns3:TrackPointExtension>
            <ns3:hr>153</ns3:hr>
            <ns3:cad>87</ns3:cad>
          </ns3:TrackPointExtension>
        </extensions>
      </trkpt>
      <trkpt lat="30.27545998804271221160888671875" lon="120.20678504370152950286865234375">
        <ele>7.599999904632568359375</ele>
        <time>2026-07-27T12:19:00.000Z</time>
        <extensions>
          <ns3:TrackPointExtension>
            <ns3:hr>154</ns3:hr>
            <ns3:cad>87</ns3:cad>
          </ns3:TrackPointExtension>
        </extensions>
      </trkpt>
      <trkpt lat="30.27547842822968959808349609375" lon="120.20678219385445117950439453125">
        <ele>7.599999904632568359375</ele>
        <time>2026-07-27T12:19:01.000Z</time>
        <extensions>
          <ns3:TrackPointExtension>
            <ns3:hr>154</ns3:hr>
            <ns3:cad>87</ns3:cad>
          </ns3:TrackPointExtension>
        </extensions>
      </trkpt>
      <trkpt lat="30.27550357393920421600341796875" lon="120.20678051747381687164306640625">
        <ele>7.599999904632568359375</ele>
        <time>2026-07-27T12:19:02.000Z</time>
        <extensions>
          <ns3:TrackPointExtension>
            <ns3:hr>154</ns3:hr>
            <ns3:cad>87</ns3:cad>
          </ns3:TrackPointExtension>
        </extensions>
      </trkpt>
      <trkpt lat="30.275522433221340179443359375" lon="120.2067782543599605560302734375">
        <ele>7.599999904632568359375</ele>
        <time>2026-07-27T12:19:03.000Z</time>
        <extensions>
          <ns3:TrackPointExtension>
            <ns3:hr>154</ns3:hr>
            <ns3:cad>87</ns3:cad>
          </ns3:TrackPointExtension>
        </extensions>
      </trkpt>
      <trkpt lat="30.2755457349121570587158203125" lon="120.2067755721509456634521484375">
        <ele>7.599999904632568359375</ele>
        <time>2026-07-27T12:19:04.000Z</time>
        <extensions>
          <ns3:TrackPointExtension>
            <ns3:hr>154</ns3:hr>
            <ns3:cad>87</ns3:cad>
          </ns3:TrackPointExtension>
        </extensions>
      </trkpt>
      <trkpt lat="30.27556995861232280731201171875" lon="120.2067802660167217254638671875">
        <ele>7.599999904632568359375</ele>
        <time>2026-07-27T12:19:05.000Z</time>
        <extensions>
          <ns3:TrackPointExtension>
            <ns3:hr>154</ns3:hr>
            <ns3:cad>86</ns3:cad>
          </ns3:TrackPointExtension>
        </extensions>
      </trkpt>
      <trkpt lat="30.27558823116123676300048828125" lon="120.20677666179835796356201171875">
        <ele>7.599999904632568359375</ele>
        <time>2026-07-27T12:19:06.000Z</time>
        <extensions>
          <ns3:TrackPointExtension>
            <ns3:hr>155</ns3:hr>
            <ns3:cad>86</ns3:cad>
          </ns3:TrackPointExtension>
        </extensions>
      </trkpt>
      <trkpt lat="30.27561455033719539642333984375" lon="120.2067795954644680023193359375">
        <ele>7.599999904632568359375</ele>
        <time>2026-07-27T12:19:07.000Z</time>
        <extensions>
          <ns3:TrackPointExtension>
            <ns3:hr>154</ns3:hr>
            <ns3:cad>86</ns3:cad>
          </ns3:TrackPointExtension>
        </extensions>
      </trkpt>
      <trkpt lat="30.275629051029682159423828125" lon="120.2067735604941844940185546875">
        <ele>7.599999904632568359375</ele>
        <time>2026-07-27T12:19:08.000Z</time>
        <extensions>
          <ns3:TrackPointExtension>
            <ns3:hr>154</ns3:hr>
            <ns3:cad>86</ns3:cad>
          </ns3:TrackPointExtension>
        </extensions>
      </trkpt>
      <trkpt lat="30.27565352618694305419921875" lon="120.20676794461905956268310546875">
        <ele>7.599999904632568359375</ele>
        <time>2026-07-27T12:19:09.000Z</time>
        <extensions>
          <ns3:TrackPointExtension>
            <ns3:hr>155</ns3:hr>
            <ns3:cad>87</ns3:cad>
          </ns3:TrackPointExtension>
        </extensions>
      </trkpt>
      <trkpt lat="30.27567137964069843292236328125" lon="120.2067621611058712005615234375">
        <ele>7.599999904632568359375</ele>
        <time>2026-07-27T12:19:10.000Z</time>
        <extensions>
          <ns3:TrackPointExtension>
            <ns3:hr>155</ns3:hr>
            <ns3:cad>87</ns3:cad>
          </ns3:TrackPointExtension>
        </extensions>
      </trkpt>
      <trkpt lat="30.275692753493785858154296875" lon="120.20675470121204853057861328125">
        <ele>7.599999904632568359375</ele>
        <time>2026-07-27T12:19:11.000Z</time>
        <extensions>
          <ns3:TrackPointExtension>
            <ns3:hr>155</ns3:hr>
            <ns3:cad>87</ns3:cad>
          </ns3:TrackPointExtension>
        </extensions>
      </trkpt>
      <trkpt lat="30.2757145464420318603515625" lon="120.2067484147846698760986328125">
        <ele>7.599999904632568359375</ele>
        <time>2026-07-27T12:19:12.000Z</time>
        <extensions>
          <ns3:TrackPointExtension>
            <ns3:hr>155</ns3:hr>
            <ns3:cad>87</ns3:cad>
          </ns3:TrackPointExtension>
        </extensions>
      </trkpt>
      <trkpt lat="30.2757321484386920928955078125" lon="120.2067339979112148284912109375">
        <ele>7.599999904632568359375</ele>
        <time>2026-07-27T12:19:13.000Z</time>
        <extensions>
          <ns3:TrackPointExtension>
            <ns3:hr>154</ns3:hr>
            <ns3:cad>87</ns3:cad>
          </ns3:TrackPointExtension>
        </extensions>
      </trkpt>
      <trkpt lat="30.27575142681598663330078125" lon="120.2067225985229015350341796875">
        <ele>7.599999904632568359375</ele>
        <time>2026-07-27T12:19:14.000Z</time>
        <extensions>
          <ns3:TrackPointExtension>
            <ns3:hr>155</ns3:hr>
            <ns3:cad>87</ns3:cad>
          </ns3:TrackPointExtension>
        </extensions>
      </trkpt>
      <trkpt lat="30.275761820375919342041015625" lon="120.20670843310654163360595703125">
        <ele>7.599999904632568359375</ele>
        <time>2026-07-27T12:19:15.000Z</time>
        <extensions>
          <ns3:TrackPointExtension>
            <ns3:hr>155</ns3:hr>
            <ns3:cad>87</ns3:cad>
          </ns3:TrackPointExtension>
        </extensions>
      </trkpt>
      <trkpt lat="30.27578185312449932098388671875" lon="120.2066905796527862548828125">
        <ele>7.599999904632568359375</ele>
        <time>2026-07-27T12:19:16.000Z</time>
        <extensions>
          <ns3:TrackPointExtension>
            <ns3:hr>155</ns3:hr>
            <ns3:cad>87</ns3:cad>
          </ns3:TrackPointExtension>
        </extensions>
      </trkpt>
      <trkpt lat="30.275791324675083160400390625" lon="120.20667339675128459930419921875">
        <ele>7.599999904632568359375</ele>
        <time>2026-07-27T12:19:17.000Z</time>
        <extensions>
          <ns3:TrackPointExtension>
            <ns3:hr>155</ns3:hr>
            <ns3:cad>87</ns3:cad>
          </ns3:TrackPointExtension>
        </extensions>
      </trkpt>
      <trkpt lat="30.27580917812883853912353515625" lon="120.20664707757532596588134765625">
        <ele>7.599999904632568359375</ele>
        <time>2026-07-27T12:19:18.000Z</time>
        <extensions>
          <ns3:TrackPointExtension>
            <ns3:hr>155</ns3:hr>
            <ns3:cad>86</ns3:cad>
          </ns3:TrackPointExtension>
        </extensions>
      </trkpt>
      <trkpt lat="30.27581906877458095550537109375" lon="120.20662729628384113311767578125">
        <ele>7.599999904632568359375</ele>
        <time>2026-07-27T12:19:19.000Z</time>
        <extensions>
          <ns3:TrackPointExtension>
            <ns3:hr>156</ns3:hr>
            <ns3:cad>86</ns3:cad>
          </ns3:TrackPointExtension>
        </extensions>
      </trkpt>
      <trkpt lat="30.27582795359194278717041015625" lon="120.2066022343933582305908203125">
        <ele>7.599999904632568359375</ele>
        <time>2026-07-27T12:19:20.000Z</time>
        <extensions>
          <ns3:TrackPointExtension>
            <ns3:hr>155</ns3:hr>
            <ns3:cad>87</ns3:cad>
          </ns3:TrackPointExtension>
        </extensions>
      </trkpt>
      <trkpt lat="30.27583516202867031097412109375" lon="120.20657918415963649749755859375">
        <ele>7.599999904632568359375</ele>
        <time>2026-07-27T12:19:21.000Z</time>
        <extensions>
          <ns3:TrackPointExtension>
            <ns3:hr>155</ns3:hr>
            <ns3:cad>87</ns3:cad>
          </ns3:TrackPointExtension>
        </extensions>
      </trkpt>
      <trkpt lat="30.275835581123828887939453125" lon="120.20655940286815166473388671875">
        <ele>7.599999904632568359375</ele>
        <time>2026-07-27T12:19:22.000Z</time>
        <extensions>
          <ns3:TrackPointExtension>
            <ns3:hr>155</ns3:hr>
            <ns3:cad>87</ns3:cad>
          </ns3:TrackPointExtension>
        </extensions>
      </trkpt>
      <trkpt lat="30.27584505267441272735595703125" lon="120.20653299987316131591796875">
        <ele>7.400000095367431640625</ele>
        <time>2026-07-27T12:19:23.000Z</time>
        <extensions>
          <ns3:TrackPointExtension>
            <ns3:hr>155</ns3:hr>
            <ns3:cad>87</ns3:cad>
          </ns3:TrackPointExtension>
        </extensions>
      </trkpt>
      <trkpt lat="30.27584270574152469635009765625" lon="120.20651833154261112213134765625">
        <ele>7.400000095367431640625</ele>
        <time>2026-07-27T12:19:24.000Z</time>
        <extensions>
          <ns3:TrackPointExtension>
            <ns3:hr>155</ns3:hr>
            <ns3:cad>86</ns3:cad>
          </ns3:TrackPointExtension>
        </extensions>
      </trkpt>
      <trkpt lat="30.27584505267441272735595703125" lon="120.206492431461811065673828125">
        <ele>7.599999904632568359375</ele>
        <time>2026-07-27T12:19:25.000Z</time>
        <extensions>
          <ns3:TrackPointExtension>
            <ns3:hr>155</ns3:hr>
            <ns3:cad>85</ns3:cad>
          </ns3:TrackPointExtension>
        </extensions>
      </trkpt>
      <trkpt lat="30.27584035880863666534423828125" lon="120.20647742785513401031494140625">
        <ele>7.599999904632568359375</ele>
        <time>2026-07-27T12:19:26.000Z</time>
        <extensions>
          <ns3:TrackPointExtension>
            <ns3:hr>155</ns3:hr>
            <ns3:cad>86</ns3:cad>
          </ns3:TrackPointExtension>
        </extensions>
      </trkpt>
      <trkpt lat="30.2758334018290042877197265625" lon="120.2064543776214122772216796875">
        <ele>7.400000095367431640625</ele>
        <time>2026-07-27T12:19:27.000Z</time>
        <extensions>
          <ns3:TrackPointExtension>
            <ns3:hr>154</ns3:hr>
            <ns3:cad>86</ns3:cad>
          </ns3:TrackPointExtension>
        </extensions>
      </trkpt>
      <trkpt lat="30.2758298814296722412109375" lon="120.20643082447350025177001953125">
        <ele>7.599999904632568359375</ele>
        <time>2026-07-27T12:19:28.000Z</time>
        <extensions>
          <ns3:TrackPointExtension>
            <ns3:hr>154</ns3:hr>
            <ns3:cad>86</ns3:cad>
          </ns3:TrackPointExtension>
        </extensions>
      </trkpt>
      <trkpt lat="30.27582074515521526336669921875" lon="120.20640903152525424957275390625">
        <ele>7.400000095367431640625</ele>
        <time>2026-07-27T12:19:29.000Z</time>
        <extensions>
          <ns3:TrackPointExtension>
            <ns3:hr>154</ns3:hr>
            <ns3:cad>86</ns3:cad>
          </ns3:TrackPointExtension>
        </extensions>
      </trkpt>
      <trkpt lat="30.2758136205375194549560546875" lon="120.20638070069253444671630859375">
        <ele>7.400000095367431640625</ele>
        <time>2026-07-27T12:19:30.000Z</time>
        <extensions>
          <ns3:TrackPointExtension>
            <ns3:hr>154</ns3:hr>
            <ns3:cad>86</ns3:cad>
          </ns3:TrackPointExtension>
        </extensions>
      </trkpt>
      <trkpt lat="30.27580448426306247711181640625" lon="120.2063645236194133758544921875">
        <ele>7.400000095367431640625</ele>
        <time>2026-07-27T12:19:31.000Z</time>
        <extensions>
          <ns3:TrackPointExtension>
            <ns3:hr>153</ns3:hr>
            <ns3:cad>86</ns3:cad>
          </ns3:TrackPointExtension>
        </extensions>
      </trkpt>
      <trkpt lat="30.2757914923131465911865234375" lon="120.2063370309770107269287109375">
        <ele>7.400000095367431640625</ele>
        <time>2026-07-27T12:19:32.000Z</time>
        <extensions>
          <ns3:TrackPointExtension>
            <ns3:hr>153</ns3:hr>
            <ns3:cad>86</ns3:cad>
          </ns3:TrackPointExtension>
        </extensions>
      </trkpt>
      <trkpt lat="30.27578227221965789794921875" lon="120.20632035098969936370849609375">
        <ele>7.400000095367431640625</ele>
        <time>2026-07-27T12:19:33.000Z</time>
        <extensions>
          <ns3:TrackPointExtension>
            <ns3:hr>153</ns3:hr>
            <ns3:cad>86</ns3:cad>
          </ns3:TrackPointExtension>
        </extensions>
      </trkpt>
      <trkpt lat="30.2757670171558856964111328125" lon="120.206299982964992523193359375">
        <ele>7.400000095367431640625</ele>
        <time>2026-07-27T12:19:34.000Z</time>
        <extensions>
          <ns3:TrackPointExtension>
            <ns3:hr>154</ns3:hr>
            <ns3:cad>86</ns3:cad>
          </ns3:TrackPointExtension>
        </extensions>
      </trkpt>
      <trkpt lat="30.27575151063501834869384765625" lon="120.20628296770155429840087890625">
        <ele>7.400000095367431640625</ele>
        <time>2026-07-27T12:19:35.000Z</time>
        <extensions>
          <ns3:TrackPointExtension>
            <ns3:hr>153</ns3:hr>
            <ns3:cad>86</ns3:cad>
          </ns3:TrackPointExtension>
        </extensions>
      </trkpt>
      <trkpt lat="30.27573256753385066986083984375" lon="120.20626922138035297393798828125">
        <ele>7.400000095367431640625</ele>
        <time>2026-07-27T12:19:36.000Z</time>
        <extensions>
          <ns3:TrackPointExtension>
            <ns3:hr>153</ns3:hr>
            <ns3:cad>86</ns3:cad>
          </ns3:TrackPointExtension>
        </extensions>
      </trkpt>
      <trkpt lat="30.27571328915655612945556640625" lon="120.20625564269721508026123046875">
        <ele>7.400000095367431640625</ele>
        <time>2026-07-27T12:19:37.000Z</time>
        <extensions>
          <ns3:TrackPointExtension>
            <ns3:hr>153</ns3:hr>
            <ns3:cad>86</ns3:cad>
          </ns3:TrackPointExtension>
        </extensions>
      </trkpt>
      <trkpt lat="30.27569602243602275848388671875" lon="120.20624625496566295623779296875">
        <ele>7.400000095367431640625</ele>
        <time>2026-07-27T12:19:38.000Z</time>
        <extensions>
          <ns3:TrackPointExtension>
            <ns3:hr>154</ns3:hr>
            <ns3:cad>86</ns3:cad>
          </ns3:TrackPointExtension>
        </extensions>
      </trkpt>
      <trkpt lat="30.27567003853619098663330078125" lon="120.2062317542731761932373046875">
        <ele>7.400000095367431640625</ele>
        <time>2026-07-27T12:19:39.000Z</time>
        <extensions>
          <ns3:TrackPointExtension>
            <ns3:hr>153</ns3:hr>
            <ns3:cad>86</ns3:cad>
          </ns3:TrackPointExtension>
        </extensions>
      </trkpt>
      <trkpt lat="30.2756520174443721771240234375" lon="120.20622446201741695404052734375">
        <ele>7.400000095367431640625</ele>
        <time>2026-07-27T12:19:40.000Z</time>
        <extensions>
          <ns3:TrackPointExtension>
            <ns3:hr>153</ns3:hr>
            <ns3:cad>85</ns3:cad>
          </ns3:TrackPointExtension>
        </extensions>
      </trkpt>
      <trkpt lat="30.2756288833916187286376953125" lon="120.20621716976165771484375">
        <ele>7.400000095367431640625</ele>
        <time>2026-07-27T12:19:41.000Z</time>
        <extensions>
          <ns3:TrackPointExtension>
            <ns3:hr>153</ns3:hr>
            <ns3:cad>85</ns3:cad>
          </ns3:TrackPointExtension>
        </extensions>
      </trkpt>
      <trkpt lat="30.27561069466173648834228515625" lon="120.20621658302843570709228515625">
        <ele>7.400000095367431640625</ele>
        <time>2026-07-27T12:19:42.000Z</time>
        <extensions>
          <ns3:TrackPointExtension>
            <ns3:hr>154</ns3:hr>
            <ns3:cad>85</ns3:cad>
          </ns3:TrackPointExtension>
        </extensions>
      </trkpt>
      <trkpt lat="30.27559191919863224029541015625" lon="120.20622144453227519989013671875">
        <ele>7.400000095367431640625</ele>
        <time>2026-07-27T12:19:43.000Z</time>
        <extensions>
          <ns3:TrackPointExtension>
            <ns3:hr>153</ns3:hr>
            <ns3:cad>86</ns3:cad>
          </ns3:TrackPointExtension>
        </extensions>
      </trkpt>
      <trkpt lat="30.27556727640330791473388671875" lon="120.2062196843326091766357421875">
        <ele>7.400000095367431640625</ele>
        <time>2026-07-27T12:19:44.000Z</time>
        <extensions>
          <ns3:TrackPointExtension>
            <ns3:hr>153</ns3:hr>
            <ns3:cad>86</ns3:cad>
          </ns3:TrackPointExtension>
        </extensions>
      </trkpt>
      <trkpt lat="30.27555218897759914398193359375" lon="120.2062292397022247314453125">
        <ele>7.400000095367431640625</ele>
        <time>2026-07-27T12:19:45.000Z</time>
        <extensions>
          <ns3:TrackPointExtension>
            <ns3:hr>153</ns3:hr>
            <ns3:cad>85</ns3:cad>
          </ns3:TrackPointExtension>
        </extensions>
      </trkpt>
      <trkpt lat="30.27552452869713306427001953125" lon="120.2062287367880344390869140625">
        <ele>7.400000095367431640625</ele>
        <time>2026-07-27T12:19:46.000Z</time>
        <extensions>
          <ns3:TrackPointExtension>
            <ns3:hr>153</ns3:hr>
            <ns3:cad>86</ns3:cad>
          </ns3:TrackPointExtension>
        </extensions>
      </trkpt>
      <trkpt lat="30.27550608851015567779541015625" lon="120.20623150281608104705810546875">
        <ele>7.400000095367431640625</ele>
        <time>2026-07-27T12:19:47.000Z</time>
        <extensions>
          <ns3:TrackPointExtension>
            <ns3:hr>153</ns3:hr>
            <ns3:cad>85</ns3:cad>
          </ns3:TrackPointExtension>
        </extensions>
      </trkpt>
      <trkpt lat="30.2754806913435459136962890625" lon="120.20623049698770046234130859375">
        <ele>7.400000095367431640625</ele>
        <time>2026-07-27T12:19:48.000Z</time>
        <extensions>
          <ns3:TrackPointExtension>
            <ns3:hr>153</ns3:hr>
            <ns3:cad>85</ns3:cad>
          </ns3:TrackPointExtension>
        </extensions>
      </trkpt>
      <trkpt lat="30.2754624187946319580078125" lon="120.20622982643544673919677734375">
        <ele>7.400000095367431640625</ele>
        <time>2026-07-27T12:19:49.000Z</time>
        <extensions>
          <ns3:TrackPointExtension>
            <ns3:hr>153</ns3:hr>
            <ns3:cad>86</ns3:cad>
          </ns3:TrackPointExtension>
        </extensions>
      </trkpt>
      <trkpt lat="30.2754458226263523101806640625" lon="120.20623401738703250885009765625">
        <ele>7.400000095367431640625</ele>
        <time>2026-07-27T12:19:50.000Z</time>
        <extensions>
          <ns3:TrackPointExtension>
            <ns3:hr>153</ns3:hr>
            <ns3:cad>85</ns3:cad>
          </ns3:TrackPointExtension>
        </extensions>
      </trkpt>
      <trkpt lat="30.2754206769168376922607421875" lon="120.20623167045414447784423828125">
        <ele>7.400000095367431640625</ele>
        <time>2026-07-27T12:19:51.000Z</time>
        <extensions>
          <ns3:TrackPointExtension>
            <ns3:hr>154</ns3:hr>
            <ns3:cad>85</ns3:cad>
          </ns3:TrackPointExtension>
        </extensions>
      </trkpt>
      <trkpt lat="30.27540483511984348297119140625" lon="120.2062394656240940093994140625">
        <ele>7.400000095367431640625</ele>
        <time>2026-07-27T12:19:52.000Z</time>
        <extensions>
          <ns3:TrackPointExtension>
            <ns3:hr>153</ns3:hr>
            <ns3:cad>85</ns3:cad>
          </ns3:TrackPointExtension>
        </extensions>
      </trkpt>
      <trkpt lat="30.2753794379532337188720703125" lon="120.20623971708118915557861328125">
        <ele>7.400000095367431640625</ele>
        <time>2026-07-27T12:19:53.000Z</time>
        <extensions>
          <ns3:TrackPointExtension>
            <ns3:hr>153</ns3:hr>
            <ns3:cad>85</ns3:cad>
          </ns3:TrackPointExtension>
        </extensions>
      </trkpt>
      <trkpt lat="30.275358818471431732177734375" lon="120.2062411420047283172607421875">
        <ele>7.400000095367431640625</ele>
        <time>2026-07-27T12:19:54.000Z</time>
        <extensions>
          <ns3:TrackPointExtension>
            <ns3:hr>153</ns3:hr>
            <ns3:cad>85</ns3:cad>
          </ns3:TrackPointExtension>
        </extensions>
      </trkpt>
      <trkpt lat="30.2753390371799468994140625" lon="120.20624776370823383331298828125">
        <ele>7.400000095367431640625</ele>
        <time>2026-07-27T12:19:55.000Z</time>
        <extensions>
          <ns3:TrackPointExtension>
            <ns3:hr>153</ns3:hr>
            <ns3:cad>84</ns3:cad>
          </ns3:TrackPointExtension>
        </extensions>
      </trkpt>
      <trkpt lat="30.27531422674655914306640625" lon="120.20624608732759952545166015625">
        <ele>7.599999904632568359375</ele>
        <time>2026-07-27T12:19:56.000Z</time>
        <extensions>
          <ns3:TrackPointExtension>
            <ns3:hr>153</ns3:hr>
            <ns3:cad>84</ns3:cad>
          </ns3:TrackPointExtension>
        </extensions>
      </trkpt>
      <trkpt lat="30.275297798216342926025390625" lon="120.2062515355646610260009765625">
        <ele>7.599999904632568359375</ele>
        <time>2026-07-27T12:19:57.000Z</time>
        <extensions>
          <ns3:TrackPointExtension>
            <ns3:hr>153</ns3:hr>
            <ns3:cad>84</ns3:cad>
          </ns3:TrackPointExtension>
        </extensions>
      </trkpt>
      <trkpt lat="30.27527206577360630035400390625" lon="120.20624793134629726409912109375">
        <ele>7.599999904632568359375</ele>
        <time>2026-07-27T12:19:58.000Z</time>
        <extensions>
          <ns3:TrackPointExtension>
            <ns3:hr>153</ns3:hr>
            <ns3:cad>84</ns3:cad>
          </ns3:TrackPointExtension>
        </extensions>
      </trkpt>
      <trkpt lat="30.27524909935891628265380859375" lon="120.2062506973743438720703125">
        <ele>7.599999904632568359375</ele>
        <time>2026-07-27T12:19:59.000Z</time>
        <extensions>
          <ns3:TrackPointExtension>
            <ns3:hr>152</ns3:hr>
            <ns3:cad>85</ns3:cad>
          </ns3:TrackPointExtension>
        </extensions>
      </trkpt>
      <trkpt lat="30.2752252109348773956298828125" lon="120.206252038478851318359375">
        <ele>7.599999904632568359375</ele>
        <time>2026-07-27T12:20:00.000Z</time>
        <extensions>
          <ns3:TrackPointExtension>
            <ns3:hr>152</ns3:hr>
            <ns3:cad>85</ns3:cad>
          </ns3:TrackPointExtension>
        </extensions>
      </trkpt>
      <trkpt lat="30.27519931085407733917236328125" lon="120.2062508650124073028564453125">
        <ele>7.599999904632568359375</ele>
        <time>2026-07-27T12:20:01.000Z</time>
        <extensions>
          <ns3:TrackPointExtension>
            <ns3:hr>152</ns3:hr>
            <ns3:cad>85</ns3:cad>
          </ns3:TrackPointExtension>
        </extensions>
      </trkpt>
      <trkpt lat="30.27518145740032196044921875" lon="120.20625673234462738037109375">
        <ele>7.599999904632568359375</ele>
        <time>2026-07-27T12:20:02.000Z</time>
        <extensions>
          <ns3:TrackPointExtension>
            <ns3:hr>153</ns3:hr>
            <ns3:cad>85</ns3:cad>
          </ns3:TrackPointExtension>
        </extensions>
      </trkpt>
      <trkpt lat="30.27515555731952190399169921875" lon="120.2062565647065639495849609375">
        <ele>7.599999904632568359375</ele>
        <time>2026-07-27T12:20:03.000Z</time>
        <extensions>
          <ns3:TrackPointExtension>
            <ns3:hr>152</ns3:hr>
            <ns3:cad>84</ns3:cad>
          </ns3:TrackPointExtension>
        </extensions>
      </trkpt>
      <trkpt lat="30.2751370333135128021240234375" lon="120.20626268349587917327880859375">
        <ele>7.599999904632568359375</ele>
        <time>2026-07-27T12:20:04.000Z</time>
        <extensions>
          <ns3:TrackPointExtension>
            <ns3:hr>152</ns3:hr>
            <ns3:cad>84</ns3:cad>
          </ns3:TrackPointExtension>
        </extensions>
      </trkpt>
      <trkpt lat="30.27511146850883960723876953125" lon="120.2062622644007205963134765625">
        <ele>7.599999904632568359375</ele>
        <time>2026-07-27T12:20:05.000Z</time>
        <extensions>
          <ns3:TrackPointExtension>
            <ns3:hr>152</ns3:hr>
            <ns3:cad>84</ns3:cad>
          </ns3:TrackPointExtension>
        </extensions>
      </trkpt>
      <trkpt lat="30.2750870771706104278564453125" lon="120.20626218058168888092041015625">
        <ele>7.599999904632568359375</ele>
        <time>2026-07-27T12:20:06.000Z</time>
        <extensions>
          <ns3:TrackPointExtension>
            <ns3:hr>152</ns3:hr>
            <ns3:cad>84</ns3:cad>
          </ns3:TrackPointExtension>
        </extensions>
      </trkpt>
      <trkpt lat="30.2750683017075061798095703125" lon="120.2062709815800189971923828125">
        <ele>7.599999904632568359375</ele>
        <time>2026-07-27T12:20:07.000Z</time>
        <extensions>
          <ns3:TrackPointExtension>
            <ns3:hr>152</ns3:hr>
            <ns3:cad>85</ns3:cad>
          </ns3:TrackPointExtension>
        </extensions>
      </trkpt>
      <trkpt lat="30.2750431559979915618896484375" lon="120.20627106539905071258544921875">
        <ele>7.599999904632568359375</ele>
        <time>2026-07-27T12:20:08.000Z</time>
        <extensions>
          <ns3:TrackPointExtension>
            <ns3:hr>152</ns3:hr>
            <ns3:cad>85</ns3:cad>
          </ns3:TrackPointExtension>
        </extensions>
      </trkpt>
      <trkpt lat="30.275026895105838775634765625" lon="120.20627550780773162841796875">
        <ele>7.599999904632568359375</ele>
        <time>2026-07-27T12:20:09.000Z</time>
        <extensions>
          <ns3:TrackPointExtension>
            <ns3:hr>152</ns3:hr>
            <ns3:cad>85</ns3:cad>
          </ns3:TrackPointExtension>
        </extensions>
      </trkpt>
      <trkpt lat="30.27500166557729244232177734375" lon="120.20627676509320735931396484375">
        <ele>7.599999904632568359375</ele>
        <time>2026-07-27T12:20:10.000Z</time>
        <extensions>
          <ns3:TrackPointExtension>
            <ns3:hr>151</ns3:hr>
            <ns3:cad>85</ns3:cad>
          </ns3:TrackPointExtension>
        </extensions>
      </trkpt>
      <trkpt lat="30.274980962276458740234375" lon="120.20627240650355815887451171875">
        <ele>7.599999904632568359375</ele>
        <time>2026-07-27T12:20:11.000Z</time>
        <extensions>
          <ns3:TrackPointExtension>
            <ns3:hr>151</ns3:hr>
            <ns3:cad>84</ns3:cad>
          </ns3:TrackPointExtension>
        </extensions>
      </trkpt>
      <trkpt lat="30.27496411465108394622802734375" lon="120.2062775194644927978515625">
        <ele>7.400000095367431640625</ele>
        <time>2026-07-27T12:20:12.000Z</time>
        <extensions>
          <ns3:TrackPointExtension>
            <ns3:hr>151</ns3:hr>
            <ns3:cad>84</ns3:cad>
          </ns3:TrackPointExtension>
        </extensions>
      </trkpt>
      <trkpt lat="30.274941064417362213134765625" lon="120.2062743343412876129150390625">
        <ele>7.400000095367431640625</ele>
        <time>2026-07-27T12:20:13.000Z</time>
        <extensions>
          <ns3:TrackPointExtension>
            <ns3:hr>152</ns3:hr>
            <ns3:cad>84</ns3:cad>
          </ns3:TrackPointExtension>
        </extensions>
      </trkpt>
      <trkpt lat="30.27492723427712917327880859375" lon="120.20627827383577823638916015625">
        <ele>7.400000095367431640625</ele>
        <time>2026-07-27T12:20:14.000Z</time>
        <extensions>
          <ns3:TrackPointExtension>
            <ns3:hr>151</ns3:hr>
            <ns3:cad>84</ns3:cad>
          </ns3:TrackPointExtension>
        </extensions>
      </trkpt>
      <trkpt lat="30.27490057982504367828369140625" lon="120.2062783576548099517822265625">
        <ele>7.400000095367431640625</ele>
        <time>2026-07-27T12:20:15.000Z</time>
        <extensions>
          <ns3:TrackPointExtension>
            <ns3:hr>151</ns3:hr>
            <ns3:cad>84</ns3:cad>
          </ns3:TrackPointExtension>
        </extensions>
      </trkpt>
      <trkpt lat="30.2748788706958293914794921875" lon="120.2062800340354442596435546875">
        <ele>7.400000095367431640625</ele>
        <time>2026-07-27T12:20:16.000Z</time>
        <extensions>
          <ns3:TrackPointExtension>
            <ns3:hr>152</ns3:hr>
            <ns3:cad>84</ns3:cad>
          </ns3:TrackPointExtension>
        </extensions>
      </trkpt>
      <trkpt lat="30.27485934086143970489501953125" lon="120.2062864042818546295166015625">
        <ele>7.599999904632568359375</ele>
        <time>2026-07-27T12:20:17.000Z</time>
        <extensions>
          <ns3:TrackPointExtension>
            <ns3:hr>151</ns3:hr>
            <ns3:cad>84</ns3:cad>
          </ns3:TrackPointExtension>
        </extensions>
      </trkpt>
      <trkpt lat="30.27483620680868625640869140625" lon="120.20629168488085269927978515625">
        <ele>7.400000095367431640625</ele>
        <time>2026-07-27T12:20:18.000Z</time>
        <extensions>
          <ns3:TrackPointExtension>
            <ns3:hr>151</ns3:hr>
            <ns3:cad>84</ns3:cad>
          </ns3:TrackPointExtension>
        </extensions>
      </trkpt>
      <trkpt lat="30.27482279576361179351806640625" lon="120.2063070237636566162109375">
        <ele>7.400000095367431640625</ele>
        <time>2026-07-27T12:20:19.000Z</time>
        <extensions>
          <ns3:TrackPointExtension>
            <ns3:hr>151</ns3:hr>
            <ns3:cad>84</ns3:cad>
          </ns3:TrackPointExtension>
        </extensions>
      </trkpt>
      <trkpt lat="30.2748007513582706451416015625" lon="120.20631683059036731719970703125">
        <ele>7.400000095367431640625</ele>
        <time>2026-07-27T12:20:20.000Z</time>
        <extensions>
          <ns3:TrackPointExtension>
            <ns3:hr>152</ns3:hr>
            <ns3:cad>85</ns3:cad>
          </ns3:TrackPointExtension>
        </extensions>
      </trkpt>
      <trkpt lat="30.27478574775159358978271484375" lon="120.20632772706449031829833984375">
        <ele>7.400000095367431640625</ele>
        <time>2026-07-27T12:20:21.000Z</time>
        <extensions>
          <ns3:TrackPointExtension>
            <ns3:hr>151</ns3:hr>
            <ns3:cad>85</ns3:cad>
          </ns3:TrackPointExtension>
        </extensions>
      </trkpt>
      <trkpt lat="30.274767391383647918701171875" lon="120.20633853971958160400390625">
        <ele>7.19999980926513671875</ele>
        <time>2026-07-27T12:20:22.000Z</time>
        <extensions>
          <ns3:TrackPointExtension>
            <ns3:hr>151</ns3:hr>
            <ns3:cad>85</ns3:cad>
          </ns3:TrackPointExtension>
        </extensions>
      </trkpt>
      <trkpt lat="30.2747487835586071014404296875" lon="120.2063450776040554046630859375">
        <ele>7.400000095367431640625</ele>
        <time>2026-07-27T12:20:23.000Z</time>
        <extensions>
          <ns3:TrackPointExtension>
            <ns3:hr>151</ns3:hr>
            <ns3:cad>84</ns3:cad>
          </ns3:TrackPointExtension>
        </extensions>
      </trkpt>
      <trkpt lat="30.27473260648548603057861328125" lon="120.20635706372559070587158203125">
        <ele>7.400000095367431640625</ele>
        <time>2026-07-27T12:20:24.000Z</time>
        <extensions>
          <ns3:TrackPointExtension>
            <ns3:hr>151</ns3:hr>
            <ns3:cad>84</ns3:cad>
          </ns3:TrackPointExtension>
        </extensions>
      </trkpt>
      <trkpt lat="30.2747112326323986053466796875" lon="120.20637533627450466156005859375">
        <ele>7.400000095367431640625</ele>
        <time>2026-07-27T12:20:25.000Z</time>
        <extensions>
          <ns3:TrackPointExtension>
            <ns3:hr>151</ns3:hr>
            <ns3:cad>84</ns3:cad>
          </ns3:TrackPointExtension>
        </extensions>
      </trkpt>
      <trkpt lat="30.27469639666378498077392578125" lon="120.20639075897634029388427734375">
        <ele>7.400000095367431640625</ele>
        <time>2026-07-27T12:20:26.000Z</time>
        <extensions>
          <ns3:TrackPointExtension>
            <ns3:hr>151</ns3:hr>
            <ns3:cad>84</ns3:cad>
          </ns3:TrackPointExtension>
        </extensions>
      </trkpt>
      <trkpt lat="30.2746803872287273406982421875" lon="120.206415653228759765625">
        <ele>7.400000095367431640625</ele>
        <time>2026-07-27T12:20:27.000Z</time>
        <extensions>
          <ns3:TrackPointExtension>
            <ns3:hr>151</ns3:hr>
            <ns3:cad>85</ns3:cad>
          </ns3:TrackPointExtension>
        </extensions>
      </trkpt>
      <trkpt lat="30.27466957457363605499267578125" lon="120.2064392901957035064697265625">
        <ele>7.400000095367431640625</ele>
        <time>2026-07-27T12:20:28.000Z</time>
        <extensions>
          <ns3:TrackPointExtension>
            <ns3:hr>151</ns3:hr>
            <ns3:cad>85</ns3:cad>
          </ns3:TrackPointExtension>
        </extensions>
      </trkpt>
      <trkpt lat="30.2746626175940036773681640625" lon="120.20646552555263042449951171875">
        <ele>7.599999904632568359375</ele>
        <time>2026-07-27T12:20:29.000Z</time>
        <extensions>
          <ns3:TrackPointExtension>
            <ns3:hr>151</ns3:hr>
            <ns3:cad>85</ns3:cad>
          </ns3:TrackPointExtension>
        </extensions>
      </trkpt>
      <trkpt lat="30.2746525593101978302001953125" lon="120.20649687387049198150634765625">
        <ele>7.599999904632568359375</ele>
        <time>2026-07-27T12:20:30.000Z</time>
        <extensions>
          <ns3:TrackPointExtension>
            <ns3:hr>151</ns3:hr>
            <ns3:cad>85</ns3:cad>
          </ns3:TrackPointExtension>
        </extensions>
      </trkpt>
      <trkpt lat="30.27464727871119976043701171875" lon="120.206519253551959991455078125">
        <ele>7.599999904632568359375</ele>
        <time>2026-07-27T12:20:31.000Z</time>
        <extensions>
          <ns3:TrackPointExtension>
            <ns3:hr>151</ns3:hr>
            <ns3:cad>85</ns3:cad>
          </ns3:TrackPointExtension>
        </extensions>
      </trkpt>
      <trkpt lat="30.2746425010263919830322265625" lon="120.20654783584177494049072265625">
        <ele>7.599999904632568359375</ele>
        <time>2026-07-27T12:20:32.000Z</time>
        <extensions>
          <ns3:TrackPointExtension>
            <ns3:hr>151</ns3:hr>
            <ns3:cad>86</ns3:cad>
          </ns3:TrackPointExtension>
        </extensions>
      </trkpt>
      <trkpt lat="30.2746411599218845367431640625" lon="120.206569544970989227294921875">
        <ele>7.599999904632568359375</ele>
        <time>2026-07-27T12:20:33.000Z</time>
        <extensions>
          <ns3:TrackPointExtension>
            <ns3:hr>151</ns3:hr>
            <ns3:cad>86</ns3:cad>
          </ns3:TrackPointExtension>
        </extensions>
      </trkpt>
      <trkpt lat="30.2746431715786457061767578125" lon="120.2065980434417724609375">
        <ele>7.599999904632568359375</ele>
        <time>2026-07-27T12:20:34.000Z</time>
        <extensions>
          <ns3:TrackPointExtension>
            <ns3:hr>151</ns3:hr>
            <ns3:cad>86</ns3:cad>
          </ns3:TrackPointExtension>
        </extensions>
      </trkpt>
      <trkpt lat="30.2746465243399143218994140625" lon="120.206622183322906494140625">
        <ele>7.599999904632568359375</ele>
        <time>2026-07-27T12:20:35.000Z</time>
        <extensions>
          <ns3:TrackPointExtension>
            <ns3:hr>151</ns3:hr>
            <ns3:cad>86</ns3:cad>
          </ns3:TrackPointExtension>
        </extensions>
      </trkpt>
      <trkpt lat="30.2746542356908321380615234375" lon="120.20664489828050136566162109375">
        <ele>7.400000095367431640625</ele>
        <time>2026-07-27T12:20:36.000Z</time>
        <extensions>
          <ns3:TrackPointExtension>
            <ns3:hr>151</ns3:hr>
            <ns3:cad>86</ns3:cad>
          </ns3:TrackPointExtension>
        </extensions>
      </trkpt>
      <trkpt lat="30.2746626175940036773681640625" lon="120.206671468913555145263671875">
        <ele>7.599999904632568359375</ele>
        <time>2026-07-27T12:20:37.000Z</time>
        <extensions>
          <ns3:TrackPointExtension>
            <ns3:hr>151</ns3:hr>
            <ns3:cad>86</ns3:cad>
          </ns3:TrackPointExtension>
        </extensions>
      </trkpt>
      <trkpt lat="30.2746750228106975555419921875" lon="120.20668932236731052398681640625">
        <ele>7.599999904632568359375</ele>
        <time>2026-07-27T12:20:38.000Z</time>
        <extensions>
          <ns3:TrackPointExtension>
            <ns3:hr>151</ns3:hr>
            <ns3:cad>86</ns3:cad>
          </ns3:TrackPointExtension>
        </extensions>
      </trkpt>
      <trkpt lat="30.274688936769962310791015625" lon="120.20671312697231769561767578125">
        <ele>7.599999904632568359375</ele>
        <time>2026-07-27T12:20:39.000Z</time>
        <extensions>
          <ns3:TrackPointExtension>
            <ns3:hr>151</ns3:hr>
            <ns3:cad>86</ns3:cad>
          </ns3:TrackPointExtension>
        </extensions>
      </trkpt>
      <trkpt lat="30.274707041680812835693359375" lon="120.20672854967415332794189453125">
        <ele>7.599999904632568359375</ele>
        <time>2026-07-27T12:20:40.000Z</time>
        <extensions>
          <ns3:TrackPointExtension>
            <ns3:hr>152</ns3:hr>
            <ns3:cad>86</ns3:cad>
          </ns3:TrackPointExtension>
        </extensions>
      </trkpt>
      <trkpt lat="30.274723805487155914306640625" lon="120.206757299602031707763671875">
        <ele>7.599999904632568359375</ele>
        <time>2026-07-27T12:20:41.000Z</time>
        <extensions>
          <ns3:TrackPointExtension>
            <ns3:hr>151</ns3:hr>
            <ns3:cad>86</ns3:cad>
          </ns3:TrackPointExtension>
        </extensions>
      </trkpt>
      <trkpt lat="30.2747404016554355621337890625" lon="120.2067745663225650787353515625">
        <ele>7.599999904632568359375</ele>
        <time>2026-07-27T12:20:42.000Z</time>
        <extensions>
          <ns3:TrackPointExtension>
            <ns3:hr>151</ns3:hr>
            <ns3:cad>86</ns3:cad>
          </ns3:TrackPointExtension>
        </extensions>
      </trkpt>
      <trkpt lat="30.2747611887753009796142578125" lon="120.20679711364209651947021484375">
        <ele>7.400000095367431640625</ele>
        <time>2026-07-27T12:20:43.000Z</time>
        <extensions>
          <ns3:TrackPointExtension>
            <ns3:hr>152</ns3:hr>
            <ns3:cad>86</ns3:cad>
          </ns3:TrackPointExtension>
        </extensions>
      </trkpt>
      <trkpt lat="30.27478289790451526641845703125" lon="120.20681857131421566009521484375">
        <ele>7.400000095367431640625</ele>
        <time>2026-07-27T12:20:44.000Z</time>
        <extensions>
          <ns3:TrackPointExtension>
            <ns3:hr>152</ns3:hr>
            <ns3:cad>86</ns3:cad>
          </ns3:TrackPointExtension>
        </extensions>
      </trkpt>
      <trkpt lat="30.274806283414363861083984375" lon="120.2068255282938480377197265625">
        <ele>7.400000095367431640625</ele>
        <time>2026-07-27T12:20:45.000Z</time>
        <extensions>
          <ns3:TrackPointExtension>
            <ns3:hr>152</ns3:hr>
            <ns3:cad>85</ns3:cad>
          </ns3:TrackPointExtension>
        </extensions>
      </trkpt>
      <trkpt lat="30.2748309262096881866455078125" lon="120.206842124462127685546875">
        <ele>7.400000095367431640625</ele>
        <time>2026-07-27T12:20:46.000Z</time>
        <extensions>
          <ns3:TrackPointExtension>
            <ns3:hr>152</ns3:hr>
            <ns3:cad>85</ns3:cad>
          </ns3:TrackPointExtension>
        </extensions>
      </trkpt>
      <trkpt lat="30.2748470194637775421142578125" lon="120.20684405229985713958740234375">
        <ele>7.400000095367431640625</ele>
        <time>2026-07-27T12:20:47.000Z</time>
        <extensions>
          <ns3:TrackPointExtension>
            <ns3:hr>152</ns3:hr>
            <ns3:cad>85</ns3:cad>
          </ns3:TrackPointExtension>
        </extensions>
      </trkpt>
      <trkpt lat="30.27486990205943584442138671875" lon="120.2068526856601238250732421875">
        <ele>7.400000095367431640625</ele>
        <time>2026-07-27T12:20:48.000Z</time>
        <extensions>
          <ns3:TrackPointExtension>
            <ns3:hr>152</ns3:hr>
            <ns3:cad>86</ns3:cad>
          </ns3:TrackPointExtension>
        </extensions>
      </trkpt>
      <trkpt lat="30.274884067475795745849609375" lon="120.20685310475528240203857421875">
        <ele>7.400000095367431640625</ele>
        <time>2026-07-27T12:20:49.000Z</time>
        <extensions>
          <ns3:TrackPointExtension>
            <ns3:hr>152</ns3:hr>
            <ns3:cad>86</ns3:cad>
          </ns3:TrackPointExtension>
        </extensions>
      </trkpt>
      <trkpt lat="30.2749060280621051788330078125" lon="120.20685486495494842529296875">
        <ele>7.400000095367431640625</ele>
        <time>2026-07-27T12:20:50.000Z</time>
        <extensions>
          <ns3:TrackPointExtension>
            <ns3:hr>153</ns3:hr>
            <ns3:cad>86</ns3:cad>
          </ns3:TrackPointExtension>
        </extensions>
      </trkpt>
      <trkpt lat="30.27492589317262172698974609375" lon="120.20685880444943904876708984375">
        <ele>7.400000095367431640625</ele>
        <time>2026-07-27T12:20:51.000Z</time>
        <extensions>
          <ns3:TrackPointExtension>
            <ns3:hr>153</ns3:hr>
            <ns3:cad>86</ns3:cad>
          </ns3:TrackPointExtension>
        </extensions>
      </trkpt>
      <trkpt lat="30.2749447524547576904296875" lon="120.2068513445556163787841796875">
        <ele>7.400000095367431640625</ele>
        <time>2026-07-27T12:20:52.000Z</time>
        <extensions>
          <ns3:TrackPointExtension>
            <ns3:hr>153</ns3:hr>
            <ns3:cad>86</ns3:cad>
          </ns3:TrackPointExtension>
        </extensions>
      </trkpt>
      <trkpt lat="30.27496964670717716217041015625" lon="120.2068590559065341949462890625">
        <ele>7.400000095367431640625</ele>
        <time>2026-07-27T12:20:53.000Z</time>
        <extensions>
          <ns3:TrackPointExtension>
            <ns3:hr>153</ns3:hr>
            <ns3:cad>86</ns3:cad>
          </ns3:TrackPointExtension>
        </extensions>
      </trkpt>
      <trkpt lat="30.2749876677989959716796875" lon="120.20685411058366298675537109375">
        <ele>7.400000095367431640625</ele>
        <time>2026-07-27T12:20:54.000Z</time>
        <extensions>
          <ns3:TrackPointExtension>
            <ns3:hr>153</ns3:hr>
            <ns3:cad>86</ns3:cad>
          </ns3:TrackPointExtension>
        </extensions>
      </trkpt>
      <trkpt lat="30.27501155622303485870361328125" lon="120.20685394294559955596923828125">
        <ele>7.400000095367431640625</ele>
        <time>2026-07-27T12:20:55.000Z</time>
        <extensions>
          <ns3:TrackPointExtension>
            <ns3:hr>152</ns3:hr>
            <ns3:cad>86</ns3:cad>
          </ns3:TrackPointExtension>
        </extensions>
      </trkpt>
      <trkpt lat="30.27502588927745819091796875" lon="120.206845141947269439697265625">
        <ele>7.400000095367431640625</ele>
        <time>2026-07-27T12:20:56.000Z</time>
        <extensions>
          <ns3:TrackPointExtension>
            <ns3:hr>152</ns3:hr>
            <ns3:cad>86</ns3:cad>
          </ns3:TrackPointExtension>
        </extensions>
      </trkpt>
      <trkpt lat="30.275050699710845947265625" lon="120.20684271119534969329833984375">
        <ele>7.400000095367431640625</ele>
        <time>2026-07-27T12:20:57.000Z</time>
        <extensions>
          <ns3:TrackPointExtension>
            <ns3:hr>152</ns3:hr>
            <ns3:cad>86</ns3:cad>
          </ns3:TrackPointExtension>
        </extensions>
      </trkpt>
      <trkpt lat="30.2750686369836330413818359375" lon="120.2068375982344150543212890625">
        <ele>7.400000095367431640625</ele>
        <time>2026-07-27T12:20:58.000Z</time>
        <extensions>
          <ns3:TrackPointExtension>
            <ns3:hr>152</ns3:hr>
            <ns3:cad>85</ns3:cad>
          </ns3:TrackPointExtension>
        </extensions>
      </trkpt>
      <trkpt lat="30.275084562599658966064453125" lon="120.20683013834059238433837890625">
        <ele>7.400000095367431640625</ele>
        <time>2026-07-27T12:20:59.000Z</time>
        <extensions>
          <ns3:TrackPointExtension>
            <ns3:hr>152</ns3:hr>
            <ns3:cad>85</ns3:cad>
          </ns3:TrackPointExtension>
        </extensions>
      </trkpt>
      <trkpt lat="30.27511046268045902252197265625" lon="120.20683097653090953826904296875">
        <ele>7.400000095367431640625</ele>
        <time>2026-07-27T12:21:00.000Z</time>
        <extensions>
          <ns3:TrackPointExtension>
            <ns3:hr>153</ns3:hr>
            <ns3:cad>85</ns3:cad>
          </ns3:TrackPointExtension>
        </extensions>
      </trkpt>
      <trkpt lat="30.27512672357261180877685546875" lon="120.2068248577415943145751953125">
        <ele>7.400000095367431640625</ele>
        <time>2026-07-27T12:21:01.000Z</time>
        <extensions>
          <ns3:TrackPointExtension>
            <ns3:hr>152</ns3:hr>
            <ns3:cad>85</ns3:cad>
          </ns3:TrackPointExtension>
        </extensions>
      </trkpt>
      <trkpt lat="30.2751521207392215728759765625" lon="120.2068228460848331451416015625">
        <ele>7.400000095367431640625</ele>
        <time>2026-07-27T12:21:02.000Z</time>
        <extensions>
          <ns3:TrackPointExtension>
            <ns3:hr>152</ns3:hr>
            <ns3:cad>85</ns3:cad>
          </ns3:TrackPointExtension>
        </extensions>
      </trkpt>
      <trkpt lat="30.27517139911651611328125" lon="120.2068188227713108062744140625">
        <ele>7.400000095367431640625</ele>
        <time>2026-07-27T12:21:03.000Z</time>
        <extensions>
          <ns3:TrackPointExtension>
            <ns3:hr>152</ns3:hr>
            <ns3:cad>85</ns3:cad>
          </ns3:TrackPointExtension>
        </extensions>
      </trkpt>
      <trkpt lat="30.2751943655312061309814453125" lon="120.20681454800069332122802734375">
        <ele>7.19999980926513671875</ele>
        <time>2026-07-27T12:21:04.000Z</time>
        <extensions>
          <ns3:TrackPointExtension>
            <ns3:hr>152</ns3:hr>
            <ns3:cad>84</ns3:cad>
          </ns3:TrackPointExtension>
        </extensions>
      </trkpt>
      <trkpt lat="30.27521456591784954071044921875" lon="120.20681119523942470550537109375">
        <ele>7.19999980926513671875</ele>
        <time>2026-07-27T12:21:05.000Z</time>
        <extensions>
          <ns3:TrackPointExtension>
            <ns3:hr>153</ns3:hr>
            <ns3:cad>84</ns3:cad>
          </ns3:TrackPointExtension>
        </extensions>
      </trkpt>
      <trkpt lat="30.27523216791450977325439453125" lon="120.2068017236888408660888671875">
        <ele>7.19999980926513671875</ele>
        <time>2026-07-27T12:21:06.000Z</time>
        <extensions>
          <ns3:TrackPointExtension>
            <ns3:hr>152</ns3:hr>
            <ns3:cad>86</ns3:cad>
          </ns3:TrackPointExtension>
        </extensions>
      </trkpt>
      <trkpt lat="30.2752590738236904144287109375" lon="120.20680314861238002777099609375">
        <ele>7.19999980926513671875</ele>
        <time>2026-07-27T12:21:07.000Z</time>
        <extensions>
          <ns3:TrackPointExtension>
            <ns3:hr>153</ns3:hr>
            <ns3:cad>86</ns3:cad>
          </ns3:TrackPointExtension>
        </extensions>
      </trkpt>
      <trkpt lat="30.275274328887462615966796875" lon="120.20679719746112823486328125">
        <ele>7.19999980926513671875</ele>
        <time>2026-07-27T12:21:08.000Z</time>
        <extensions>
          <ns3:TrackPointExtension>
            <ns3:hr>153</ns3:hr>
            <ns3:cad>86</ns3:cad>
          </ns3:TrackPointExtension>
        </extensions>
      </trkpt>
      <trkpt lat="30.27529838494956493377685546875" lon="120.2067963592708110809326171875">
        <ele>7.19999980926513671875</ele>
        <time>2026-07-27T12:21:09.000Z</time>
        <extensions>
          <ns3:TrackPointExtension>
            <ns3:hr>153</ns3:hr>
            <ns3:cad>86</ns3:cad>
          </ns3:TrackPointExtension>
        </extensions>
      </trkpt>
      <trkpt lat="30.2753180824220180511474609375" lon="120.20679694600403308868408203125">
        <ele>7.19999980926513671875</ele>
        <time>2026-07-27T12:21:10.000Z</time>
        <extensions>
          <ns3:TrackPointExtension>
            <ns3:hr>153</ns3:hr>
            <ns3:cad>86</ns3:cad>
          </ns3:TrackPointExtension>
        </extensions>
      </trkpt>
      <trkpt lat="30.275340043008327484130859375" lon="120.2067953534424304962158203125">
        <ele>7.19999980926513671875</ele>
        <time>2026-07-27T12:21:11.000Z</time>
        <extensions>
          <ns3:TrackPointExtension>
            <ns3:hr>153</ns3:hr>
            <ns3:cad>86</ns3:cad>
          </ns3:TrackPointExtension>
        </extensions>
      </trkpt>
      <trkpt lat="30.27535990811884403228759765625" lon="120.20680465735495090484619140625">
        <ele>7.19999980926513671875</ele>
        <time>2026-07-27T12:21:12.000Z</time>
        <extensions>
          <ns3:TrackPointExtension>
            <ns3:hr>153</ns3:hr>
            <ns3:cad>86</ns3:cad>
          </ns3:TrackPointExtension>
        </extensions>
      </trkpt>
      <trkpt lat="30.27537885122001171112060546875" lon="120.20680331625044345855712890625">
        <ele>7.19999980926513671875</ele>
        <time>2026-07-27T12:21:13.000Z</time>
        <extensions>
          <ns3:TrackPointExtension>
            <ns3:hr>153</ns3:hr>
            <ns3:cad>85</ns3:cad>
          </ns3:TrackPointExtension>
        </extensions>
      </trkpt>
      <trkpt lat="30.27540332637727260589599609375" lon="120.20681194961071014404296875">
        <ele>7.19999980926513671875</ele>
        <time>2026-07-27T12:21:14.000Z</time>
        <extensions>
          <ns3:TrackPointExtension>
            <ns3:hr>154</ns3:hr>
            <ns3:cad>85</ns3:cad>
          </ns3:TrackPointExtension>
        </extensions>
      </trkpt>
      <trkpt lat="30.27542109601199626922607421875" lon="120.20681236870586872100830078125">
        <ele>7.19999980926513671875</ele>
        <time>2026-07-27T12:21:15.000Z</time>
        <extensions>
          <ns3:TrackPointExtension>
            <ns3:hr>154</ns3:hr>
            <ns3:cad>86</ns3:cad>
          </ns3:TrackPointExtension>
        </extensions>
      </trkpt>
      <trkpt lat="30.27544825337827205657958984375" lon="120.2068166434764862060546875">
        <ele>7.19999980926513671875</ele>
        <time>2026-07-27T12:21:16.000Z</time>
        <extensions>
          <ns3:TrackPointExtension>
            <ns3:hr>154</ns3:hr>
            <ns3:cad>86</ns3:cad>
          </ns3:TrackPointExtension>
        </extensions>
      </trkpt>
      <trkpt lat="30.27546635828912258148193359375" lon="120.20681085996329784393310546875">
        <ele>7.19999980926513671875</ele>
        <time>2026-07-27T12:21:17.000Z</time>
        <extensions>
          <ns3:TrackPointExtension>
            <ns3:hr>154</ns3:hr>
            <ns3:cad>85</ns3:cad>
          </ns3:TrackPointExtension>
        </extensions>
      </trkpt>
      <trkpt lat="30.27548647485673427581787109375" lon="120.2068040706217288970947265625">
        <ele>7.19999980926513671875</ele>
        <time>2026-07-27T12:21:18.000Z</time>
        <extensions>
          <ns3:TrackPointExtension>
            <ns3:hr>153</ns3:hr>
            <ns3:cad>85</ns3:cad>
          </ns3:TrackPointExtension>
        </extensions>
      </trkpt>
      <trkpt lat="30.27551011182367801666259765625" lon="120.20680658519268035888671875">
        <ele>7.19999980926513671875</ele>
        <time>2026-07-27T12:21:19.000Z</time>
        <extensions>
          <ns3:TrackPointExtension>
            <ns3:hr>154</ns3:hr>
            <ns3:cad>85</ns3:cad>
          </ns3:TrackPointExtension>
        </extensions>
      </trkpt>
      <trkpt lat="30.27552704326808452606201171875" lon="120.2067990414798259735107421875">
        <ele>7.19999980926513671875</ele>
        <time>2026-07-27T12:21:20.000Z</time>
        <extensions>
          <ns3:TrackPointExtension>
            <ns3:hr>153</ns3:hr>
            <ns3:cad>85</ns3:cad>
          </ns3:TrackPointExtension>
        </extensions>
      </trkpt>
      <trkpt lat="30.275553949177265167236328125" lon="120.20679728128015995025634765625">
        <ele>7.19999980926513671875</ele>
        <time>2026-07-27T12:21:21.000Z</time>
        <extensions>
          <ns3:TrackPointExtension>
            <ns3:hr>153</ns3:hr>
            <ns3:cad>85</ns3:cad>
          </ns3:TrackPointExtension>
        </extensions>
      </trkpt>
      <trkpt lat="30.27557197026908397674560546875" lon="120.20679317414760589599609375">
        <ele>7.19999980926513671875</ele>
        <time>2026-07-27T12:21:22.000Z</time>
        <extensions>
          <ns3:TrackPointExtension>
            <ns3:hr>153</ns3:hr>
            <ns3:cad>85</ns3:cad>
          </ns3:TrackPointExtension>
        </extensions>
      </trkpt>
      <trkpt lat="30.2755977027118206024169921875" lon="120.2067911624908447265625">
        <ele>7.19999980926513671875</ele>
        <time>2026-07-27T12:21:23.000Z</time>
        <extensions>
          <ns3:TrackPointExtension>
            <ns3:hr>154</ns3:hr>
            <ns3:cad>85</ns3:cad>
          </ns3:TrackPointExtension>
        </extensions>
      </trkpt>
      <trkpt lat="30.275621674954891204833984375" lon="120.20679124630987644195556640625">
        <ele>7.19999980926513671875</ele>
        <time>2026-07-27T12:21:24.000Z</time>
        <extensions>
          <ns3:TrackPointExtension>
            <ns3:hr>153</ns3:hr>
            <ns3:cad>85</ns3:cad>
          </ns3:TrackPointExtension>
        </extensions>
      </trkpt>
      <trkpt lat="30.27564355172216892242431640625" lon="120.20678504370152950286865234375">
        <ele>7.19999980926513671875</ele>
        <time>2026-07-27T12:21:25.000Z</time>
        <extensions>
          <ns3:TrackPointExtension>
            <ns3:hr>153</ns3:hr>
            <ns3:cad>85</ns3:cad>
          </ns3:TrackPointExtension>
        </extensions>
      </trkpt>
      <trkpt lat="30.27566785924136638641357421875" lon="120.2067844569683074951171875">
        <ele>7.19999980926513671875</ele>
        <time>2026-07-27T12:21:26.000Z</time>
        <extensions>
          <ns3:TrackPointExtension>
            <ns3:hr>153</ns3:hr>
            <ns3:cad>85</ns3:cad>
          </ns3:TrackPointExtension>
        </extensions>
      </trkpt>
      <trkpt lat="30.2756865508854389190673828125" lon="120.206771381199359893798828125">
        <ele>7.19999980926513671875</ele>
        <time>2026-07-27T12:21:27.000Z</time>
        <extensions>
          <ns3:TrackPointExtension>
            <ns3:hr>154</ns3:hr>
            <ns3:cad>86</ns3:cad>
          </ns3:TrackPointExtension>
        </extensions>
      </trkpt>
      <trkpt lat="30.27571295388042926788330078125" lon="120.206759311258792877197265625">
        <ele>7.19999980926513671875</ele>
        <time>2026-07-27T12:21:28.000Z</time>
        <extensions>
          <ns3:TrackPointExtension>
            <ns3:hr>153</ns3:hr>
            <ns3:cad>86</ns3:cad>
          </ns3:TrackPointExtension>
        </extensions>
      </trkpt>
      <trkpt lat="30.27572594583034515380859375" lon="120.20674883387982845306396484375">
        <ele>7</ele>
        <time>2026-07-27T12:21:29.000Z</time>
        <extensions>
          <ns3:TrackPointExtension>
            <ns3:hr>153</ns3:hr>
            <ns3:cad>86</ns3:cad>
          </ns3:TrackPointExtension>
        </extensions>
      </trkpt>
      <trkpt lat="30.27574698440730571746826171875" lon="120.206736512482166290283203125">
        <ele>7</ele>
        <time>2026-07-27T12:21:30.000Z</time>
        <extensions>
          <ns3:TrackPointExtension>
            <ns3:hr>153</ns3:hr>
            <ns3:cad>86</ns3:cad>
          </ns3:TrackPointExtension>
        </extensions>
      </trkpt>
      <trkpt lat="30.27576592750847339630126953125" lon="120.20672603510320186614990234375">
        <ele>7</ele>
        <time>2026-07-27T12:21:31.000Z</time>
        <extensions>
          <ns3:TrackPointExtension>
            <ns3:hr>153</ns3:hr>
            <ns3:cad>86</ns3:cad>
          </ns3:TrackPointExtension>
        </extensions>
      </trkpt>
      <trkpt lat="30.27578151784837245941162109375" lon="120.20670860074460506439208984375">
        <ele>7</ele>
        <time>2026-07-27T12:21:32.000Z</time>
        <extensions>
          <ns3:TrackPointExtension>
            <ns3:hr>154</ns3:hr>
            <ns3:cad>87</ns3:cad>
          </ns3:TrackPointExtension>
        </extensions>
      </trkpt>
      <trkpt lat="30.27579970657825469970703125" lon="120.2066914178431034088134765625">
        <ele>7</ele>
        <time>2026-07-27T12:21:33.000Z</time>
        <extensions>
          <ns3:TrackPointExtension>
            <ns3:hr>153</ns3:hr>
            <ns3:cad>86</ns3:cad>
          </ns3:TrackPointExtension>
        </extensions>
      </trkpt>
      <trkpt lat="30.2758095972239971160888671875" lon="120.20667071454226970672607421875">
        <ele>7</ele>
        <time>2026-07-27T12:21:34.000Z</time>
        <extensions>
          <ns3:TrackPointExtension>
            <ns3:hr>153</ns3:hr>
            <ns3:cad>86</ns3:cad>
          </ns3:TrackPointExtension>
        </extensions>
      </trkpt>
      <trkpt lat="30.27582426555454730987548828125" lon="120.2066476643085479736328125">
        <ele>7</ele>
        <time>2026-07-27T12:21:35.000Z</time>
        <extensions>
          <ns3:TrackPointExtension>
            <ns3:hr>152</ns3:hr>
            <ns3:cad>86</ns3:cad>
          </ns3:TrackPointExtension>
        </extensions>
      </trkpt>
      <trkpt lat="30.27583097107708454132080078125" lon="120.20662947557866573333740234375">
        <ele>7</ele>
        <time>2026-07-27T12:21:36.000Z</time>
        <extensions>
          <ns3:TrackPointExtension>
            <ns3:hr>152</ns3:hr>
            <ns3:cad>86</ns3:cad>
          </ns3:TrackPointExtension>
        </extensions>
      </trkpt>
      <trkpt lat="30.27584438212215900421142578125" lon="120.206601060926914215087890625">
        <ele>7</ele>
        <time>2026-07-27T12:21:37.000Z</time>
        <extensions>
          <ns3:TrackPointExtension>
            <ns3:hr>152</ns3:hr>
            <ns3:cad>86</ns3:cad>
          </ns3:TrackPointExtension>
        </extensions>
      </trkpt>
      <trkpt lat="30.27584773488342761993408203125" lon="120.20658739842474460601806640625">
        <ele>7</ele>
        <time>2026-07-27T12:21:38.000Z</time>
        <extensions>
          <ns3:TrackPointExtension>
            <ns3:hr>152</ns3:hr>
            <ns3:cad>86</ns3:cad>
          </ns3:TrackPointExtension>
        </extensions>
      </trkpt>
      <trkpt lat="30.275855697691440582275390625" lon="120.20656292326748371124267578125">
        <ele>7.19999980926513671875</ele>
        <time>2026-07-27T12:21:39.000Z</time>
        <extensions>
          <ns3:TrackPointExtension>
            <ns3:hr>152</ns3:hr>
            <ns3:cad>86</ns3:cad>
          </ns3:TrackPointExtension>
        </extensions>
      </trkpt>
      <trkpt lat="30.27586047537624835968017578125" lon="120.20654330961406230926513671875">
        <ele>7.19999980926513671875</ele>
        <time>2026-07-27T12:21:40.000Z</time>
        <extensions>
          <ns3:TrackPointExtension>
            <ns3:hr>152</ns3:hr>
            <ns3:cad>86</ns3:cad>
          </ns3:TrackPointExtension>
        </extensions>
      </trkpt>
      <trkpt lat="30.275860726833343505859375" lon="120.20652168430387973785400390625">
        <ele>7.19999980926513671875</ele>
        <time>2026-07-27T12:21:41.000Z</time>
        <extensions>
          <ns3:TrackPointExtension>
            <ns3:hr>153</ns3:hr>
            <ns3:cad>86</ns3:cad>
          </ns3:TrackPointExtension>
        </extensions>
      </trkpt>
      <trkpt lat="30.27586416341364383697509765625" lon="120.20649603568017482757568359375">
        <ele>7.19999980926513671875</ele>
        <time>2026-07-27T12:21:42.000Z</time>
        <extensions>
          <ns3:TrackPointExtension>
            <ns3:hr>152</ns3:hr>
            <ns3:cad>86</ns3:cad>
          </ns3:TrackPointExtension>
        </extensions>
      </trkpt>
      <trkpt lat="30.27586081065237522125244140625" lon="120.20647793076932430267333984375">
        <ele>7.19999980926513671875</ele>
        <time>2026-07-27T12:21:43.000Z</time>
        <extensions>
          <ns3:TrackPointExtension>
            <ns3:hr>152</ns3:hr>
            <ns3:cad>86</ns3:cad>
          </ns3:TrackPointExtension>
        </extensions>
      </trkpt>
      <trkpt lat="30.27586407959461212158203125" lon="120.2064491808414459228515625">
        <ele>7</ele>
        <time>2026-07-27T12:21:44.000Z</time>
        <extensions>
          <ns3:TrackPointExtension>
            <ns3:hr>152</ns3:hr>
            <ns3:cad>86</ns3:cad>
          </ns3:TrackPointExtension>
        </extensions>
      </trkpt>
      <trkpt lat="30.27586081065237522125244140625" lon="120.20643375813961029052734375">
        <ele>7</ele>
        <time>2026-07-27T12:21:45.000Z</time>
        <extensions>
          <ns3:TrackPointExtension>
            <ns3:hr>152</ns3:hr>
            <ns3:cad>86</ns3:cad>
          </ns3:TrackPointExtension>
        </extensions>
      </trkpt>
      <trkpt lat="30.2758578769862651824951171875" lon="120.206405259668827056884765625">
        <ele>7</ele>
        <time>2026-07-27T12:21:46.000Z</time>
        <extensions>
          <ns3:TrackPointExtension>
            <ns3:hr>153</ns3:hr>
            <ns3:cad>86</ns3:cad>
          </ns3:TrackPointExtension>
        </extensions>
      </trkpt>
      <trkpt lat="30.275848321616649627685546875" lon="120.206385143101215362548828125">
        <ele>7.19999980926513671875</ele>
        <time>2026-07-27T12:21:47.000Z</time>
        <extensions>
          <ns3:TrackPointExtension>
            <ns3:hr>152</ns3:hr>
            <ns3:cad>86</ns3:cad>
          </ns3:TrackPointExtension>
        </extensions>
      </trkpt>
      <trkpt lat="30.27583658695220947265625" lon="120.20636226050555706024169921875">
        <ele>7.19999980926513671875</ele>
        <time>2026-07-27T12:21:48.000Z</time>
        <extensions>
          <ns3:TrackPointExtension>
            <ns3:hr>152</ns3:hr>
            <ns3:cad>86</ns3:cad>
          </ns3:TrackPointExtension>
        </extensions>
      </trkpt>
      <trkpt lat="30.2758300490677356719970703125" lon="120.20633476786315441131591796875">
        <ele>7.19999980926513671875</ele>
        <time>2026-07-27T12:21:49.000Z</time>
        <extensions>
          <ns3:TrackPointExtension>
            <ns3:hr>152</ns3:hr>
            <ns3:cad>86</ns3:cad>
          </ns3:TrackPointExtension>
        </extensions>
      </trkpt>
      <trkpt lat="30.275816805660724639892578125" lon="120.2063142322003841400146484375">
        <ele>7.19999980926513671875</ele>
        <time>2026-07-27T12:21:50.000Z</time>
        <extensions>
          <ns3:TrackPointExtension>
            <ns3:hr>153</ns3:hr>
            <ns3:cad>86</ns3:cad>
          </ns3:TrackPointExtension>
        </extensions>
      </trkpt>
      <trkpt lat="30.275802053511142730712890625" lon="120.20628900267183780670166015625">
        <ele>7.19999980926513671875</ele>
        <time>2026-07-27T12:21:51.000Z</time>
        <extensions>
          <ns3:TrackPointExtension>
            <ns3:hr>152</ns3:hr>
            <ns3:cad>86</ns3:cad>
          </ns3:TrackPointExtension>
        </extensions>
      </trkpt>
      <trkpt lat="30.2757894806563854217529296875" lon="120.20627341233193874359130859375">
        <ele>7.19999980926513671875</ele>
        <time>2026-07-27T12:21:52.000Z</time>
        <extensions>
          <ns3:TrackPointExtension>
            <ns3:hr>152</ns3:hr>
            <ns3:cad>85</ns3:cad>
          </ns3:TrackPointExtension>
        </extensions>
      </trkpt>
      <trkpt lat="30.2757713757455348968505859375" lon="120.20624793134629726409912109375">
        <ele>7.19999980926513671875</ele>
        <time>2026-07-27T12:21:53.000Z</time>
        <extensions>
          <ns3:TrackPointExtension>
            <ns3:hr>152</ns3:hr>
            <ns3:cad>85</ns3:cad>
          </ns3:TrackPointExtension>
        </extensions>
      </trkpt>
      <trkpt lat="30.275755114853382110595703125" lon="120.20622697658836841583251953125">
        <ele>7.19999980926513671875</ele>
        <time>2026-07-27T12:21:54.000Z</time>
        <extensions>
          <ns3:TrackPointExtension>
            <ns3:hr>152</ns3:hr>
            <ns3:cad>85</ns3:cad>
          </ns3:TrackPointExtension>
        </extensions>
      </trkpt>
      <trkpt lat="30.2757385186851024627685546875" lon="120.20621658302843570709228515625">
        <ele>7.19999980926513671875</ele>
        <time>2026-07-27T12:21:55.000Z</time>
        <extensions>
          <ns3:TrackPointExtension>
            <ns3:hr>153</ns3:hr>
            <ns3:cad>85</ns3:cad>
          </ns3:TrackPointExtension>
        </extensions>
      </trkpt>
      <trkpt lat="30.2757172286510467529296875" lon="120.206203423440456390380859375">
        <ele>7.19999980926513671875</ele>
        <time>2026-07-27T12:21:56.000Z</time>
        <extensions>
          <ns3:TrackPointExtension>
            <ns3:hr>152</ns3:hr>
            <ns3:cad>85</ns3:cad>
          </ns3:TrackPointExtension>
        </extensions>
      </trkpt>
      <trkpt lat="30.27569912374019622802734375" lon="120.2061962150037288665771484375">
        <ele>7.19999980926513671875</ele>
        <time>2026-07-27T12:21:57.000Z</time>
        <extensions>
          <ns3:TrackPointExtension>
            <ns3:hr>152</ns3:hr>
            <ns3:cad>85</ns3:cad>
          </ns3:TrackPointExtension>
        </extensions>
      </trkpt>
      <trkpt lat="30.27567774988710880279541015625" lon="120.20618825219571590423583984375">
        <ele>7.19999980926513671875</ele>
        <time>2026-07-27T12:21:58.000Z</time>
        <extensions>
          <ns3:TrackPointExtension>
            <ns3:hr>152</ns3:hr>
            <ns3:cad>85</ns3:cad>
          </ns3:TrackPointExtension>
        </extensions>
      </trkpt>
      <trkpt lat="30.2756570465862751007080078125" lon="120.2061797864735126495361328125">
        <ele>7.19999980926513671875</ele>
        <time>2026-07-27T12:21:59.000Z</time>
        <extensions>
          <ns3:TrackPointExtension>
            <ns3:hr>151</ns3:hr>
            <ns3:cad>85</ns3:cad>
          </ns3:TrackPointExtension>
        </extensions>
      </trkpt>
      <trkpt lat="30.27563231997191905975341796875" lon="120.20617500878870487213134765625">
        <ele>7.19999980926513671875</ele>
        <time>2026-07-27T12:22:00.000Z</time>
        <extensions>
          <ns3:TrackPointExtension>
            <ns3:hr>152</ns3:hr>
            <ns3:cad>85</ns3:cad>
          </ns3:TrackPointExtension>
        </extensions>
      </trkpt>
      <trkpt lat="30.27560650371015071868896484375" lon="120.2061734162271022796630859375">
        <ele>7.19999980926513671875</ele>
        <time>2026-07-27T12:22:01.000Z</time>
        <extensions>
          <ns3:TrackPointExtension>
            <ns3:hr>151</ns3:hr>
            <ns3:cad>85</ns3:cad>
          </ns3:TrackPointExtension>
        </extensions>
      </trkpt>
      <trkpt lat="30.2755899913609027862548828125" lon="120.2061782777309417724609375">
        <ele>7.19999980926513671875</ele>
        <time>2026-07-27T12:22:02.000Z</time>
        <extensions>
          <ns3:TrackPointExtension>
            <ns3:hr>151</ns3:hr>
            <ns3:cad>85</ns3:cad>
          </ns3:TrackPointExtension>
        </extensions>
      </trkpt>
      <trkpt lat="30.27556073851883411407470703125" lon="120.206175260245800018310546875">
        <ele>7.19999980926513671875</ele>
        <time>2026-07-27T12:22:03.000Z</time>
        <extensions>
          <ns3:TrackPointExtension>
            <ns3:hr>151</ns3:hr>
            <ns3:cad>85</ns3:cad>
          </ns3:TrackPointExtension>
        </extensions>
      </trkpt>
      <trkpt lat="30.2755440585315227508544921875" lon="120.20617961883544921875">
        <ele>7.19999980926513671875</ele>
        <time>2026-07-27T12:22:04.000Z</time>
        <extensions>
          <ns3:TrackPointExtension>
            <ns3:hr>151</ns3:hr>
            <ns3:cad>85</ns3:cad>
          </ns3:TrackPointExtension>
        </extensions>
      </trkpt>
      <trkpt lat="30.27551547624170780181884765625" lon="120.2061787806451320648193359375">
        <ele>7.400000095367431640625</ele>
        <time>2026-07-27T12:22:05.000Z</time>
        <extensions>
          <ns3:TrackPointExtension>
            <ns3:hr>152</ns3:hr>
            <ns3:cad>85</ns3:cad>
          </ns3:TrackPointExtension>
        </extensions>
      </trkpt>
      <trkpt lat="30.275495946407318115234375" lon="120.20618163049221038818359375">
        <ele>7.400000095367431640625</ele>
        <time>2026-07-27T12:22:06.000Z</time>
        <extensions>
          <ns3:TrackPointExtension>
            <ns3:hr>151</ns3:hr>
            <ns3:cad>86</ns3:cad>
          </ns3:TrackPointExtension>
        </extensions>
      </trkpt>
      <trkpt lat="30.2754753269255161285400390625" lon="120.206183977425098419189453125">
        <ele>7.400000095367431640625</ele>
        <time>2026-07-27T12:22:07.000Z</time>
        <extensions>
          <ns3:TrackPointExtension>
            <ns3:hr>151</ns3:hr>
            <ns3:cad>86</ns3:cad>
          </ns3:TrackPointExtension>
        </extensions>
      </trkpt>
      <trkpt lat="30.27545244432985782623291015625" lon="120.2061834745109081268310546875">
        <ele>7.400000095367431640625</ele>
        <time>2026-07-27T12:22:08.000Z</time>
        <extensions>
          <ns3:TrackPointExtension>
            <ns3:hr>151</ns3:hr>
            <ns3:cad>85</ns3:cad>
          </ns3:TrackPointExtension>
        </extensions>
      </trkpt>
      <trkpt lat="30.2754391171038150787353515625" lon="120.20619110204279422760009765625">
        <ele>7.400000095367431640625</ele>
        <time>2026-07-27T12:22:09.000Z</time>
        <extensions>
          <ns3:TrackPointExtension>
            <ns3:hr>151</ns3:hr>
            <ns3:cad>85</ns3:cad>
          </ns3:TrackPointExtension>
        </extensions>
      </trkpt>
      <trkpt lat="30.27541640214622020721435546875" lon="120.20618841983377933502197265625">
        <ele>7.400000095367431640625</ele>
        <time>2026-07-27T12:22:10.000Z</time>
        <extensions>
          <ns3:TrackPointExtension>
            <ns3:hr>151</ns3:hr>
            <ns3:cad>85</ns3:cad>
          </ns3:TrackPointExtension>
        </extensions>
      </trkpt>
      <trkpt lat="30.275399722158908843994140625" lon="120.20619361661374568939208984375">
        <ele>7.400000095367431640625</ele>
        <time>2026-07-27T12:22:11.000Z</time>
        <extensions>
          <ns3:TrackPointExtension>
            <ns3:hr>151</ns3:hr>
            <ns3:cad>85</ns3:cad>
          </ns3:TrackPointExtension>
        </extensions>
      </trkpt>
      <trkpt lat="30.27537499554455280303955078125" lon="120.2061952091753482818603515625">
        <ele>7.400000095367431640625</ele>
        <time>2026-07-27T12:22:12.000Z</time>
        <extensions>
          <ns3:TrackPointExtension>
            <ns3:hr>151</ns3:hr>
            <ns3:cad>85</ns3:cad>
          </ns3:TrackPointExtension>
        </extensions>
      </trkpt>
      <trkpt lat="30.275354124605655670166015625" lon="120.2061965502798557281494140625">
        <ele>7.400000095367431640625</ele>
        <time>2026-07-27T12:22:13.000Z</time>
        <extensions>
          <ns3:TrackPointExtension>
            <ns3:hr>151</ns3:hr>
            <ns3:cad>85</ns3:cad>
          </ns3:TrackPointExtension>
        </extensions>
      </trkpt>
      <trkpt lat="30.27533610351383686065673828125" lon="120.206201076507568359375">
        <ele>7.400000095367431640625</ele>
        <time>2026-07-27T12:22:14.000Z</time>
        <extensions>
          <ns3:TrackPointExtension>
            <ns3:hr>151</ns3:hr>
            <ns3:cad>85</ns3:cad>
          </ns3:TrackPointExtension>
        </extensions>
      </trkpt>
      <trkpt lat="30.2753143943846225738525390625" lon="120.20619747228920459747314453125">
        <ele>7.19999980926513671875</ele>
        <time>2026-07-27T12:22:15.000Z</time>
        <extensions>
          <ns3:TrackPointExtension>
            <ns3:hr>150</ns3:hr>
            <ns3:cad>85</ns3:cad>
          </ns3:TrackPointExtension>
        </extensions>
      </trkpt>
      <trkpt lat="30.27530140243470668792724609375" lon="120.206203423440456390380859375">
        <ele>7.19999980926513671875</ele>
        <time>2026-07-27T12:22:16.000Z</time>
        <extensions>
          <ns3:TrackPointExtension>
            <ns3:hr>149</ns3:hr>
            <ns3:cad>86</ns3:cad>
          </ns3:TrackPointExtension>
        </extensions>
      </trkpt>
      <trkpt lat="30.27527625672519207000732421875" lon="120.20620116032660007476806640625">
        <ele>7.19999980926513671875</ele>
        <time>2026-07-27T12:22:17.000Z</time>
        <extensions>
          <ns3:TrackPointExtension>
            <ns3:hr>149</ns3:hr>
            <ns3:cad>86</ns3:cad>
          </ns3:TrackPointExtension>
        </extensions>
      </trkpt>
      <trkpt lat="30.275260247290134429931640625" lon="120.2062042616307735443115234375">
        <ele>7.19999980926513671875</ele>
        <time>2026-07-27T12:22:18.000Z</time>
        <extensions>
          <ns3:TrackPointExtension>
            <ns3:hr>148</ns3:hr>
            <ns3:cad>86</ns3:cad>
          </ns3:TrackPointExtension>
        </extensions>
      </trkpt>
      <trkpt lat="30.27523585595190525054931640625" lon="120.206204093992710113525390625">
        <ele>7.19999980926513671875</ele>
        <time>2026-07-27T12:22:19.000Z</time>
        <extensions>
          <ns3:TrackPointExtension>
            <ns3:hr>148</ns3:hr>
            <ns3:cad>85</ns3:cad>
          </ns3:TrackPointExtension>
        </extensions>
      </trkpt>
      <trkpt lat="30.2752121351659297943115234375" lon="120.206203758716583251953125">
        <ele>7.19999980926513671875</ele>
        <time>2026-07-27T12:22:20.000Z</time>
        <extensions>
          <ns3:TrackPointExtension>
            <ns3:hr>148</ns3:hr>
            <ns3:cad>85</ns3:cad>
          </ns3:TrackPointExtension>
        </extensions>
      </trkpt>
      <trkpt lat="30.27519495226442813873291015625" lon="120.20620987750589847564697265625">
        <ele>7.19999980926513671875</ele>
        <time>2026-07-27T12:22:21.000Z</time>
        <extensions>
          <ns3:TrackPointExtension>
            <ns3:hr>148</ns3:hr>
            <ns3:cad>85</ns3:cad>
          </ns3:TrackPointExtension>
        </extensions>
      </trkpt>
      <trkpt lat="30.2751688845455646514892578125" lon="120.206205435097217559814453125">
        <ele>7.19999980926513671875</ele>
        <time>2026-07-27T12:22:22.000Z</time>
        <extensions>
          <ns3:TrackPointExtension>
            <ns3:hr>148</ns3:hr>
            <ns3:cad>85</ns3:cad>
          </ns3:TrackPointExtension>
        </extensions>
      </trkpt>
      <trkpt lat="30.27515438385307788848876953125" lon="120.206213481724262237548828125">
        <ele>7.19999980926513671875</ele>
        <time>2026-07-27T12:22:23.000Z</time>
        <extensions>
          <ns3:TrackPointExtension>
            <ns3:hr>147</ns3:hr>
            <ns3:cad>85</ns3:cad>
          </ns3:TrackPointExtension>
        </extensions>
      </trkpt>
      <trkpt lat="30.27512756176292896270751953125" lon="120.2062126435339450836181640625">
        <ele>7.19999980926513671875</ele>
        <time>2026-07-27T12:22:24.000Z</time>
        <extensions>
          <ns3:TrackPointExtension>
            <ns3:hr>147</ns3:hr>
            <ns3:cad>85</ns3:cad>
          </ns3:TrackPointExtension>
        </extensions>
      </trkpt>
      <trkpt lat="30.275108702480792999267578125" lon="120.20621926523745059967041015625">
        <ele>7.19999980926513671875</ele>
        <time>2026-07-27T12:22:25.000Z</time>
        <extensions>
          <ns3:TrackPointExtension>
            <ns3:hr>147</ns3:hr>
            <ns3:cad>85</ns3:cad>
          </ns3:TrackPointExtension>
        </extensions>
      </trkpt>
      <trkpt lat="30.27508548460900783538818359375" lon="120.20622228272259235382080078125">
        <ele>7.19999980926513671875</ele>
        <time>2026-07-27T12:22:26.000Z</time>
        <extensions>
          <ns3:TrackPointExtension>
            <ns3:hr>147</ns3:hr>
            <ns3:cad>85</ns3:cad>
          </ns3:TrackPointExtension>
        </extensions>
      </trkpt>
      <trkpt lat="30.27506268583238124847412109375" lon="120.206222869455814361572265625">
        <ele>7.19999980926513671875</ele>
        <time>2026-07-27T12:22:27.000Z</time>
        <extensions>
          <ns3:TrackPointExtension>
            <ns3:hr>148</ns3:hr>
            <ns3:cad>86</ns3:cad>
          </ns3:TrackPointExtension>
        </extensions>
      </trkpt>
      <trkpt lat="30.275045335292816162109375" lon="120.2062284015119075775146484375">
        <ele>7.19999980926513671875</ele>
        <time>2026-07-27T12:22:28.000Z</time>
        <extensions>
          <ns3:TrackPointExtension>
            <ns3:hr>148</ns3:hr>
            <ns3:cad>86</ns3:cad>
          </ns3:TrackPointExtension>
        </extensions>
      </trkpt>
      <trkpt lat="30.2750193513929843902587890625" lon="120.206223540008068084716796875">
        <ele>7</ele>
        <time>2026-07-27T12:22:29.000Z</time>
        <extensions>
          <ns3:TrackPointExtension>
            <ns3:hr>148</ns3:hr>
            <ns3:cad>86</ns3:cad>
          </ns3:TrackPointExtension>
        </extensions>
      </trkpt>
      <trkpt lat="30.27500065974891185760498046875" lon="120.206226222217082977294921875">
        <ele>7.19999980926513671875</ele>
        <time>2026-07-27T12:22:30.000Z</time>
        <extensions>
          <ns3:TrackPointExtension>
            <ns3:hr>149</ns3:hr>
            <ns3:cad>86</ns3:cad>
          </ns3:TrackPointExtension>
        </extensions>
      </trkpt>
      <trkpt lat="30.27497895061969757080078125" lon="120.2062294073402881622314453125">
        <ele>7.400000095367431640625</ele>
        <time>2026-07-27T12:22:31.000Z</time>
        <extensions>
          <ns3:TrackPointExtension>
            <ns3:hr>149</ns3:hr>
            <ns3:cad>86</ns3:cad>
          </ns3:TrackPointExtension>
        </extensions>
      </trkpt>
      <trkpt lat="30.27496076188981533050537109375" lon="120.2062304131686687469482421875">
        <ele>7.400000095367431640625</ele>
        <time>2026-07-27T12:22:32.000Z</time>
        <extensions>
          <ns3:TrackPointExtension>
            <ns3:hr>150</ns3:hr>
            <ns3:cad>86</ns3:cad>
          </ns3:TrackPointExtension>
        </extensions>
      </trkpt>
      <trkpt lat="30.27494081296026706695556640625" lon="120.20623217336833477020263671875">
        <ele>7.400000095367431640625</ele>
        <time>2026-07-27T12:22:33.000Z</time>
        <extensions>
          <ns3:TrackPointExtension>
            <ns3:hr>150</ns3:hr>
            <ns3:cad>86</ns3:cad>
          </ns3:TrackPointExtension>
        </extensions>
      </trkpt>
      <trkpt lat="30.2749150805175304412841796875" lon="120.20623384974896907806396484375">
        <ele>7.400000095367431640625</ele>
        <time>2026-07-27T12:22:34.000Z</time>
        <extensions>
          <ns3:TrackPointExtension>
            <ns3:hr>150</ns3:hr>
            <ns3:cad>85</ns3:cad>
          </ns3:TrackPointExtension>
        </extensions>
      </trkpt>
      <trkpt lat="30.27490074746310710906982421875" lon="120.2062418125569820404052734375">
        <ele>7.19999980926513671875</ele>
        <time>2026-07-27T12:22:35.000Z</time>
        <extensions>
          <ns3:TrackPointExtension>
            <ns3:hr>150</ns3:hr>
            <ns3:cad>84</ns3:cad>
          </ns3:TrackPointExtension>
        </extensions>
      </trkpt>
      <trkpt lat="30.27486889623105525970458984375" lon="120.206242986023426055908203125">
        <ele>7.19999980926513671875</ele>
        <time>2026-07-27T12:22:36.000Z</time>
        <extensions>
          <ns3:TrackPointExtension>
            <ns3:hr>150</ns3:hr>
            <ns3:cad>84</ns3:cad>
          </ns3:TrackPointExtension>
        </extensions>
      </trkpt>
      <trkpt lat="30.27485129423439502716064453125" lon="120.20625539124011993408203125">
        <ele>7.19999980926513671875</ele>
        <time>2026-07-27T12:22:37.000Z</time>
        <extensions>
          <ns3:TrackPointExtension>
            <ns3:hr>150</ns3:hr>
            <ns3:cad>84</ns3:cad>
          </ns3:TrackPointExtension>
        </extensions>
      </trkpt>
      <trkpt lat="30.274827070534229278564453125" lon="120.2062656171619892120361328125">
        <ele>7.19999980926513671875</ele>
        <time>2026-07-27T12:22:38.000Z</time>
        <extensions>
          <ns3:TrackPointExtension>
            <ns3:hr>150</ns3:hr>
            <ns3:cad>84</ns3:cad>
          </ns3:TrackPointExtension>
        </extensions>
      </trkpt>
      <trkpt lat="30.27480888180434703826904296875" lon="120.20627575926482677459716796875">
        <ele>7.19999980926513671875</ele>
        <time>2026-07-27T12:22:39.000Z</time>
        <extensions>
          <ns3:TrackPointExtension>
            <ns3:hr>150</ns3:hr>
            <ns3:cad>84</ns3:cad>
          </ns3:TrackPointExtension>
        </extensions>
      </trkpt>
      <trkpt lat="30.27479312382638454437255859375" lon="120.206287913024425506591796875">
        <ele>7.19999980926513671875</ele>
        <time>2026-07-27T12:22:40.000Z</time>
        <extensions>
          <ns3:TrackPointExtension>
            <ns3:hr>150</ns3:hr>
            <ns3:cad>85</ns3:cad>
          </ns3:TrackPointExtension>
        </extensions>
      </trkpt>
      <trkpt lat="30.27476596646010875701904296875" lon="120.2062954567372798919677734375">
        <ele>7.19999980926513671875</ele>
        <time>2026-07-27T12:22:41.000Z</time>
        <extensions>
          <ns3:TrackPointExtension>
            <ns3:hr>151</ns3:hr>
            <ns3:cad>85</ns3:cad>
          </ns3:TrackPointExtension>
        </extensions>
      </trkpt>
      <trkpt lat="30.27475498616695404052734375" lon="120.2063115499913692474365234375">
        <ele>7.19999980926513671875</ele>
        <time>2026-07-27T12:22:42.000Z</time>
        <extensions>
          <ns3:TrackPointExtension>
            <ns3:hr>150</ns3:hr>
            <ns3:cad>86</ns3:cad>
          </ns3:TrackPointExtension>
        </extensions>
      </trkpt>
      <trkpt lat="30.27473277412354946136474609375" lon="120.20633040927350521087646484375">
        <ele>7.19999980926513671875</ele>
        <time>2026-07-27T12:22:43.000Z</time>
        <extensions>
          <ns3:TrackPointExtension>
            <ns3:hr>150</ns3:hr>
            <ns3:cad>86</ns3:cad>
          </ns3:TrackPointExtension>
        </extensions>
      </trkpt>
      <trkpt lat="30.27472103945910930633544921875" lon="120.20634792745113372802734375">
        <ele>7.19999980926513671875</ele>
        <time>2026-07-27T12:22:44.000Z</time>
        <extensions>
          <ns3:TrackPointExtension>
            <ns3:hr>151</ns3:hr>
            <ns3:cad>86</ns3:cad>
          </ns3:TrackPointExtension>
        </extensions>
      </trkpt>
      <trkpt lat="30.2747038565576076507568359375" lon="120.206365697085857391357421875">
        <ele>7.19999980926513671875</ele>
        <time>2026-07-27T12:22:45.000Z</time>
        <extensions>
          <ns3:TrackPointExtension>
            <ns3:hr>151</ns3:hr>
            <ns3:cad>85</ns3:cad>
          </ns3:TrackPointExtension>
        </extensions>
      </trkpt>
      <trkpt lat="30.27467829175293445587158203125" lon="120.20640333183109760284423828125">
        <ele>7.19999980926513671875</ele>
        <time>2026-07-27T12:22:46.000Z</time>
        <extensions>
          <ns3:TrackPointExtension>
            <ns3:hr>151</ns3:hr>
            <ns3:cad>85</ns3:cad>
          </ns3:TrackPointExtension>
        </extensions>
      </trkpt>
      <trkpt lat="30.27467829175293445587158203125" lon="120.20640333183109760284423828125">
        <ele>7.19999980926513671875</ele>
        <time>2026-07-27T12:22:47.000Z</time>
        <extensions>
          <ns3:TrackPointExtension>
            <ns3:hr>151</ns3:hr>
            <ns3:cad>86</ns3:cad>
          </ns3:TrackPointExtension>
        </extensions>
      </trkpt>
      <trkpt lat="30.27466286905109882354736328125" lon="120.2064238674938678741455078125">
        <ele>7.400000095367431640625</ele>
        <time>2026-07-27T12:22:48.000Z</time>
        <extensions>
          <ns3:TrackPointExtension>
            <ns3:hr>151</ns3:hr>
            <ns3:cad>86</ns3:cad>
          </ns3:TrackPointExtension>
        </extensions>
      </trkpt>
      <trkpt lat="30.27465649880468845367431640625" lon="120.2064449898898601531982421875">
        <ele>7.599999904632568359375</ele>
        <time>2026-07-27T12:22:49.000Z</time>
        <extensions>
          <ns3:TrackPointExtension>
            <ns3:hr>152</ns3:hr>
            <ns3:cad>86</ns3:cad>
          </ns3:TrackPointExtension>
        </extensions>
      </trkpt>
      <trkpt lat="30.27464593760669231414794921875" lon="120.2064800262451171875">
        <ele>7.599999904632568359375</ele>
        <time>2026-07-27T12:22:50.000Z</time>
        <extensions>
          <ns3:TrackPointExtension>
            <ns3:hr>152</ns3:hr>
            <ns3:cad>86</ns3:cad>
          </ns3:TrackPointExtension>
        </extensions>
      </trkpt>
      <trkpt lat="30.2746475301682949066162109375" lon="120.20649989135563373565673828125">
        <ele>7.599999904632568359375</ele>
        <time>2026-07-27T12:22:51.000Z</time>
        <extensions>
          <ns3:TrackPointExtension>
            <ns3:hr>152</ns3:hr>
            <ns3:cad>86</ns3:cad>
          </ns3:TrackPointExtension>
        </extensions>
      </trkpt>
      <trkpt lat="30.2746438421308994293212890625" lon="120.20652973093092441558837890625">
        <ele>7.599999904632568359375</ele>
        <time>2026-07-27T12:22:52.000Z</time>
        <extensions>
          <ns3:TrackPointExtension>
            <ns3:hr>152</ns3:hr>
            <ns3:cad>86</ns3:cad>
          </ns3:TrackPointExtension>
        </extensions>
      </trkpt>
      <trkpt lat="30.27464241720736026763916015625" lon="120.20655605010688304901123046875">
        <ele>7.400000095367431640625</ele>
        <time>2026-07-27T12:22:53.000Z</time>
        <extensions>
          <ns3:TrackPointExtension>
            <ns3:hr>153</ns3:hr>
            <ns3:cad>85</ns3:cad>
          </ns3:TrackPointExtension>
        </extensions>
      </trkpt>
      <trkpt lat="30.2746465243399143218994140625" lon="120.20657901652157306671142578125">
        <ele>7.400000095367431640625</ele>
        <time>2026-07-27T12:22:54.000Z</time>
        <extensions>
          <ns3:TrackPointExtension>
            <ns3:hr>153</ns3:hr>
            <ns3:cad>85</ns3:cad>
          </ns3:TrackPointExtension>
        </extensions>
      </trkpt>
      <trkpt lat="30.27464459650218486785888671875" lon="120.2066112868487834930419921875">
        <ele>7.400000095367431640625</ele>
        <time>2026-07-27T12:22:55.000Z</time>
        <extensions>
          <ns3:TrackPointExtension>
            <ns3:hr>154</ns3:hr>
            <ns3:cad>85</ns3:cad>
          </ns3:TrackPointExtension>
        </extensions>
      </trkpt>
      <trkpt lat="30.274654068052768707275390625" lon="120.206633917987346649169921875">
        <ele>7.400000095367431640625</ele>
        <time>2026-07-27T12:22:56.000Z</time>
        <extensions>
          <ns3:TrackPointExtension>
            <ns3:hr>154</ns3:hr>
            <ns3:cad>85</ns3:cad>
          </ns3:TrackPointExtension>
        </extensions>
      </trkpt>
      <trkpt lat="30.2746619470417499542236328125" lon="120.20666853524744510650634765625">
        <ele>7.400000095367431640625</ele>
        <time>2026-07-27T12:22:57.000Z</time>
        <extensions>
          <ns3:TrackPointExtension>
            <ns3:hr>154</ns3:hr>
            <ns3:cad>85</ns3:cad>
          </ns3:TrackPointExtension>
        </extensions>
      </trkpt>
      <trkpt lat="30.27467477135360240936279296875" lon="120.206683538854122161865234375">
        <ele>7.400000095367431640625</ele>
        <time>2026-07-27T12:22:58.000Z</time>
        <extensions>
          <ns3:TrackPointExtension>
            <ns3:hr>154</ns3:hr>
            <ns3:cad>86</ns3:cad>
          </ns3:TrackPointExtension>
        </extensions>
      </trkpt>
      <trkpt lat="30.27468767948448657989501953125" lon="120.20671279169619083404541015625">
        <ele>7.400000095367431640625</ele>
        <time>2026-07-27T12:22:59.000Z</time>
        <extensions>
          <ns3:TrackPointExtension>
            <ns3:hr>154</ns3:hr>
            <ns3:cad>86</ns3:cad>
          </ns3:TrackPointExtension>
        </extensions>
      </trkpt>
      <trkpt lat="30.27469865977764129638671875" lon="120.2067356742918491363525390625">
        <ele>7.400000095367431640625</ele>
        <time>2026-07-27T12:23:00.000Z</time>
        <extensions>
          <ns3:TrackPointExtension>
            <ns3:hr>154</ns3:hr>
            <ns3:cad>86</ns3:cad>
          </ns3:TrackPointExtension>
        </extensions>
      </trkpt>
      <trkpt lat="30.27470964007079601287841796875" lon="120.20675503648817539215087890625">
        <ele>7.19999980926513671875</ele>
        <time>2026-07-27T12:23:01.000Z</time>
        <extensions>
          <ns3:TrackPointExtension>
            <ns3:hr>155</ns3:hr>
            <ns3:cad>86</ns3:cad>
          </ns3:TrackPointExtension>
        </extensions>
      </trkpt>
      <trkpt lat="30.27472305111587047576904296875" lon="120.20678202621638774871826171875">
        <ele>7.400000095367431640625</ele>
        <time>2026-07-27T12:23:02.000Z</time>
        <extensions>
          <ns3:TrackPointExtension>
            <ns3:hr>155</ns3:hr>
            <ns3:cad>86</ns3:cad>
          </ns3:TrackPointExtension>
        </extensions>
      </trkpt>
      <trkpt lat="30.274737216532230377197265625" lon="120.2067886479198932647705078125">
        <ele>7.400000095367431640625</ele>
        <time>2026-07-27T12:23:03.000Z</time>
        <extensions>
          <ns3:TrackPointExtension>
            <ns3:hr>155</ns3:hr>
            <ns3:cad>86</ns3:cad>
          </ns3:TrackPointExtension>
        </extensions>
      </trkpt>
      <trkpt lat="30.27475724928081035614013671875" lon="120.20681102760136127471923828125">
        <ele>7.19999980926513671875</ele>
        <time>2026-07-27T12:23:04.000Z</time>
        <extensions>
          <ns3:TrackPointExtension>
            <ns3:hr>155</ns3:hr>
            <ns3:cad>85</ns3:cad>
          </ns3:TrackPointExtension>
        </extensions>
      </trkpt>
      <trkpt lat="30.27477242052555084228515625" lon="120.20681798458099365234375">
        <ele>7.19999980926513671875</ele>
        <time>2026-07-27T12:23:05.000Z</time>
        <extensions>
          <ns3:TrackPointExtension>
            <ns3:hr>155</ns3:hr>
            <ns3:cad>85</ns3:cad>
          </ns3:TrackPointExtension>
        </extensions>
      </trkpt>
      <trkpt lat="30.2747960574924945831298828125" lon="120.20683466456830501556396484375">
        <ele>7.19999980926513671875</ele>
        <time>2026-07-27T12:23:06.000Z</time>
        <extensions>
          <ns3:TrackPointExtension>
            <ns3:hr>154</ns3:hr>
            <ns3:cad>85</ns3:cad>
          </ns3:TrackPointExtension>
        </extensions>
      </trkpt>
      <trkpt lat="30.2748160064220428466796875" lon="120.20684438757598400115966796875">
        <ele>7.19999980926513671875</ele>
        <time>2026-07-27T12:23:07.000Z</time>
        <extensions>
          <ns3:TrackPointExtension>
            <ns3:hr>155</ns3:hr>
            <ns3:cad>85</ns3:cad>
          </ns3:TrackPointExtension>
        </extensions>
      </trkpt>
      <trkpt lat="30.27483805082738399505615234375" lon="120.20685109309852123260498046875">
        <ele>7.19999980926513671875</ele>
        <time>2026-07-27T12:23:08.000Z</time>
        <extensions>
          <ns3:TrackPointExtension>
            <ns3:hr>155</ns3:hr>
            <ns3:cad>86</ns3:cad>
          </ns3:TrackPointExtension>
        </extensions>
      </trkpt>
      <trkpt lat="30.2748570777475833892822265625" lon="120.20686425268650054931640625">
        <ele>7.19999980926513671875</ele>
        <time>2026-07-27T12:23:09.000Z</time>
        <extensions>
          <ns3:TrackPointExtension>
            <ns3:hr>155</ns3:hr>
            <ns3:cad>86</ns3:cad>
          </ns3:TrackPointExtension>
        </extensions>
      </trkpt>
      <trkpt lat="30.2748741768300533294677734375" lon="120.20686651580035686492919921875">
        <ele>7.19999980926513671875</ele>
        <time>2026-07-27T12:23:10.000Z</time>
        <extensions>
          <ns3:TrackPointExtension>
            <ns3:hr>155</ns3:hr>
            <ns3:cad>87</ns3:cad>
          </ns3:TrackPointExtension>
        </extensions>
      </trkpt>
      <trkpt lat="30.27490024454891681671142578125" lon="120.20686869509518146514892578125">
        <ele>7.19999980926513671875</ele>
        <time>2026-07-27T12:23:11.000Z</time>
        <extensions>
          <ns3:TrackPointExtension>
            <ns3:hr>154</ns3:hr>
            <ns3:cad>86</ns3:cad>
          </ns3:TrackPointExtension>
        </extensions>
      </trkpt>
      <trkpt lat="30.2749206125736236572265625" lon="120.20686835981905460357666015625">
        <ele>7.19999980926513671875</ele>
        <time>2026-07-27T12:23:12.000Z</time>
        <extensions>
          <ns3:TrackPointExtension>
            <ns3:hr>155</ns3:hr>
            <ns3:cad>86</ns3:cad>
          </ns3:TrackPointExtension>
        </extensions>
      </trkpt>
      <trkpt lat="30.274943746626377105712890625" lon="120.20687104202806949615478515625">
        <ele>7.19999980926513671875</ele>
        <time>2026-07-27T12:23:13.000Z</time>
        <extensions>
          <ns3:TrackPointExtension>
            <ns3:hr>155</ns3:hr>
            <ns3:cad>86</ns3:cad>
          </ns3:TrackPointExtension>
        </extensions>
      </trkpt>
      <trkpt lat="30.27496017515659332275390625" lon="120.2068620733916759490966796875">
        <ele>7.19999980926513671875</ele>
        <time>2026-07-27T12:23:14.000Z</time>
        <extensions>
          <ns3:TrackPointExtension>
            <ns3:hr>155</ns3:hr>
            <ns3:cad>86</ns3:cad>
          </ns3:TrackPointExtension>
        </extensions>
      </trkpt>
      <trkpt lat="30.274983309209346771240234375" lon="120.20685813389718532562255859375">
        <ele>7.19999980926513671875</ele>
        <time>2026-07-27T12:23:15.000Z</time>
        <extensions>
          <ns3:TrackPointExtension>
            <ns3:hr>155</ns3:hr>
            <ns3:cad>86</ns3:cad>
          </ns3:TrackPointExtension>
        </extensions>
      </trkpt>
      <trkpt lat="30.2750049345195293426513671875" lon="120.2068573795258998870849609375">
        <ele>7.19999980926513671875</ele>
        <time>2026-07-27T12:23:16.000Z</time>
        <extensions>
          <ns3:TrackPointExtension>
            <ns3:hr>155</ns3:hr>
            <ns3:cad>87</ns3:cad>
          </ns3:TrackPointExtension>
        </extensions>
      </trkpt>
      <trkpt lat="30.27502379380166530609130859375" lon="120.20685017108917236328125">
        <ele>7.19999980926513671875</ele>
        <time>2026-07-27T12:23:17.000Z</time>
        <extensions>
          <ns3:TrackPointExtension>
            <ns3:hr>154</ns3:hr>
            <ns3:cad>87</ns3:cad>
          </ns3:TrackPointExtension>
        </extensions>
      </trkpt>
      <trkpt lat="30.27504776604473590850830078125" lon="120.20685696043074131011962890625">
        <ele>7.19999980926513671875</ele>
        <time>2026-07-27T12:23:18.000Z</time>
        <extensions>
          <ns3:TrackPointExtension>
            <ns3:hr>155</ns3:hr>
            <ns3:cad>87</ns3:cad>
          </ns3:TrackPointExtension>
        </extensions>
      </trkpt>
      <trkpt lat="30.27506369166076183319091796875" lon="120.20685293711721897125244140625">
        <ele>7.19999980926513671875</ele>
        <time>2026-07-27T12:23:19.000Z</time>
        <extensions>
          <ns3:TrackPointExtension>
            <ns3:hr>155</ns3:hr>
            <ns3:cad>86</ns3:cad>
          </ns3:TrackPointExtension>
        </extensions>
      </trkpt>
      <trkpt lat="30.2750867418944835662841796875" lon="120.206848494708538055419921875">
        <ele>7.19999980926513671875</ele>
        <time>2026-07-27T12:23:20.000Z</time>
        <extensions>
          <ns3:TrackPointExtension>
            <ns3:hr>154</ns3:hr>
            <ns3:cad>86</ns3:cad>
          </ns3:TrackPointExtension>
        </extensions>
      </trkpt>
      <trkpt lat="30.27510308660566806793212890625" lon="120.20683743059635162353515625">
        <ele>7.19999980926513671875</ele>
        <time>2026-07-27T12:23:21.000Z</time>
        <extensions>
          <ns3:TrackPointExtension>
            <ns3:hr>155</ns3:hr>
            <ns3:cad>86</ns3:cad>
          </ns3:TrackPointExtension>
        </extensions>
      </trkpt>
      <trkpt lat="30.2751232869923114776611328125" lon="120.206828378140926361083984375">
        <ele>7.19999980926513671875</ele>
        <time>2026-07-27T12:23:22.000Z</time>
        <extensions>
          <ns3:TrackPointExtension>
            <ns3:hr>155</ns3:hr>
            <ns3:cad>86</ns3:cad>
          </ns3:TrackPointExtension>
        </extensions>
      </trkpt>
      <trkpt lat="30.27514298446476459503173828125" lon="120.206826031208038330078125">
        <ele>7.19999980926513671875</ele>
        <time>2026-07-27T12:23:23.000Z</time>
        <extensions>
          <ns3:TrackPointExtension>
            <ns3:hr>154</ns3:hr>
            <ns3:cad>86</ns3:cad>
          </ns3:TrackPointExtension>
        </extensions>
      </trkpt>
      <trkpt lat="30.275159664452075958251953125" lon="120.20681471563875675201416015625">
        <ele>7.19999980926513671875</ele>
        <time>2026-07-27T12:23:24.000Z</time>
        <extensions>
          <ns3:TrackPointExtension>
            <ns3:hr>155</ns3:hr>
            <ns3:cad>86</ns3:cad>
          </ns3:TrackPointExtension>
        </extensions>
      </trkpt>
      <trkpt lat="30.27518212795257568359375" lon="120.20681731402873992919921875">
        <ele>7.19999980926513671875</ele>
        <time>2026-07-27T12:23:25.000Z</time>
        <extensions>
          <ns3:TrackPointExtension>
            <ns3:hr>155</ns3:hr>
            <ns3:cad>86</ns3:cad>
          </ns3:TrackPointExtension>
        </extensions>
      </trkpt>
      <trkpt lat="30.2751977182924747467041015625" lon="120.20681203342974185943603515625">
        <ele>7.19999980926513671875</ele>
        <time>2026-07-27T12:23:26.000Z</time>
        <extensions>
          <ns3:TrackPointExtension>
            <ns3:hr>154</ns3:hr>
            <ns3:cad>85</ns3:cad>
          </ns3:TrackPointExtension>
        </extensions>
      </trkpt>
      <trkpt lat="30.27522261254489421844482421875" lon="120.20681329071521759033203125">
        <ele>7.19999980926513671875</ele>
        <time>2026-07-27T12:23:27.000Z</time>
        <extensions>
          <ns3:TrackPointExtension>
            <ns3:hr>155</ns3:hr>
            <ns3:cad>85</ns3:cad>
          </ns3:TrackPointExtension>
        </extensions>
      </trkpt>
      <trkpt lat="30.27524356730282306671142578125" lon="120.20680784247815608978271484375">
        <ele>7.19999980926513671875</ele>
        <time>2026-07-27T12:23:28.000Z</time>
        <extensions>
          <ns3:TrackPointExtension>
            <ns3:hr>155</ns3:hr>
            <ns3:cad>86</ns3:cad>
          </ns3:TrackPointExtension>
        </extensions>
      </trkpt>
      <trkpt lat="30.2752630971372127532958984375" lon="120.20680516026914119720458984375">
        <ele>7.19999980926513671875</ele>
        <time>2026-07-27T12:23:29.000Z</time>
        <extensions>
          <ns3:TrackPointExtension>
            <ns3:hr>154</ns3:hr>
            <ns3:cad>86</ns3:cad>
          </ns3:TrackPointExtension>
        </extensions>
      </trkpt>
      <trkpt lat="30.27528346516191959381103515625" lon="120.20680231042206287384033203125">
        <ele>7.19999980926513671875</ele>
        <time>2026-07-27T12:23:30.000Z</time>
        <extensions>
          <ns3:TrackPointExtension>
            <ns3:hr>155</ns3:hr>
            <ns3:cad>86</ns3:cad>
          </ns3:TrackPointExtension>
        </extensions>
      </trkpt>
      <trkpt lat="30.2752988040447235107421875" lon="120.20679208450019359588623046875">
        <ele>7.19999980926513671875</ele>
        <time>2026-07-27T12:23:31.000Z</time>
        <extensions>
          <ns3:TrackPointExtension>
            <ns3:hr>155</ns3:hr>
            <ns3:cad>86</ns3:cad>
          </ns3:TrackPointExtension>
        </extensions>
      </trkpt>
      <trkpt lat="30.275323279201984405517578125" lon="120.20678956992924213409423828125">
        <ele>7.19999980926513671875</ele>
        <time>2026-07-27T12:23:32.000Z</time>
        <extensions>
          <ns3:TrackPointExtension>
            <ns3:hr>154</ns3:hr>
            <ns3:cad>85</ns3:cad>
          </ns3:TrackPointExtension>
        </extensions>
      </trkpt>
      <trkpt lat="30.275343395769596099853515625" lon="120.20678990520536899566650390625">
        <ele>7.19999980926513671875</ele>
        <time>2026-07-27T12:23:33.000Z</time>
        <extensions>
          <ns3:TrackPointExtension>
            <ns3:hr>155</ns3:hr>
            <ns3:cad>85</ns3:cad>
          </ns3:TrackPointExtension>
        </extensions>
      </trkpt>
      <trkpt lat="30.27536560781300067901611328125" lon="120.20679476670920848846435546875">
        <ele>7.19999980926513671875</ele>
        <time>2026-07-27T12:23:34.000Z</time>
        <extensions>
          <ns3:TrackPointExtension>
            <ns3:hr>155</ns3:hr>
            <ns3:cad>85</ns3:cad>
          </ns3:TrackPointExtension>
        </extensions>
      </trkpt>
      <trkpt lat="30.27538471855223178863525390625" lon="120.20679585635662078857421875">
        <ele>7.19999980926513671875</ele>
        <time>2026-07-27T12:23:35.000Z</time>
        <extensions>
          <ns3:TrackPointExtension>
            <ns3:hr>154</ns3:hr>
            <ns3:cad>85</ns3:cad>
          </ns3:TrackPointExtension>
        </extensions>
      </trkpt>
      <trkpt lat="30.275403074920177459716796875" lon="120.20679694600403308868408203125">
        <ele>7.19999980926513671875</ele>
        <time>2026-07-27T12:23:36.000Z</time>
        <extensions>
          <ns3:TrackPointExtension>
            <ns3:hr>155</ns3:hr>
            <ns3:cad>85</ns3:cad>
          </ns3:TrackPointExtension>
        </extensions>
      </trkpt>
      <trkpt lat="30.27542377822101116180419921875" lon="120.20680650137364864349365234375">
        <ele>7.19999980926513671875</ele>
        <time>2026-07-27T12:23:37.000Z</time>
        <extensions>
          <ns3:TrackPointExtension>
            <ns3:hr>155</ns3:hr>
            <ns3:cad>84</ns3:cad>
          </ns3:TrackPointExtension>
        </extensions>
      </trkpt>
      <trkpt lat="30.2754404582083225250244140625" lon="120.2068037353456020355224609375">
        <ele>7.19999980926513671875</ele>
        <time>2026-07-27T12:23:38.000Z</time>
        <extensions>
          <ns3:TrackPointExtension>
            <ns3:hr>154</ns3:hr>
            <ns3:cad>85</ns3:cad>
          </ns3:TrackPointExtension>
        </extensions>
      </trkpt>
      <trkpt lat="30.275464765727519989013671875" lon="120.206810273230075836181640625">
        <ele>7.19999980926513671875</ele>
        <time>2026-07-27T12:23:39.000Z</time>
        <extensions>
          <ns3:TrackPointExtension>
            <ns3:hr>153</ns3:hr>
            <ns3:cad>86</ns3:cad>
          </ns3:TrackPointExtension>
        </extensions>
      </trkpt>
      <trkpt lat="30.27548211626708507537841796875" lon="120.20680599845945835113525390625">
        <ele>7.19999980926513671875</ele>
        <time>2026-07-27T12:23:40.000Z</time>
        <extensions>
          <ns3:TrackPointExtension>
            <ns3:hr>152</ns3:hr>
            <ns3:cad>86</ns3:cad>
          </ns3:TrackPointExtension>
        </extensions>
      </trkpt>
      <trkpt lat="30.27550399303436279296875" lon="120.206802226603031158447265625">
        <ele>7.19999980926513671875</ele>
        <time>2026-07-27T12:23:41.000Z</time>
        <extensions>
          <ns3:TrackPointExtension>
            <ns3:hr>152</ns3:hr>
            <ns3:cad>86</ns3:cad>
          </ns3:TrackPointExtension>
        </extensions>
      </trkpt>
      <trkpt lat="30.27552436105906963348388671875" lon="120.2067997120320796966552734375">
        <ele>7.19999980926513671875</ele>
        <time>2026-07-27T12:23:42.000Z</time>
        <extensions>
          <ns3:TrackPointExtension>
            <ns3:hr>152</ns3:hr>
            <ns3:cad>86</ns3:cad>
          </ns3:TrackPointExtension>
        </extensions>
      </trkpt>
      <trkpt lat="30.27554548345506191253662109375" lon="120.20679694600403308868408203125">
        <ele>7.19999980926513671875</ele>
        <time>2026-07-27T12:23:43.000Z</time>
        <extensions>
          <ns3:TrackPointExtension>
            <ns3:hr>152</ns3:hr>
            <ns3:cad>86</ns3:cad>
          </ns3:TrackPointExtension>
        </extensions>
      </trkpt>
      <trkpt lat="30.2755702100694179534912109375" lon="120.2068000473082065582275390625">
        <ele>7.19999980926513671875</ele>
        <time>2026-07-27T12:23:44.000Z</time>
        <extensions>
          <ns3:TrackPointExtension>
            <ns3:hr>152</ns3:hr>
            <ns3:cad>86</ns3:cad>
          </ns3:TrackPointExtension>
        </extensions>
      </trkpt>
      <trkpt lat="30.27559208683669567108154296875" lon="120.2067960239946842193603515625">
        <ele>7.19999980926513671875</ele>
        <time>2026-07-27T12:23:45.000Z</time>
        <extensions>
          <ns3:TrackPointExtension>
            <ns3:hr>153</ns3:hr>
            <ns3:cad>86</ns3:cad>
          </ns3:TrackPointExtension>
        </extensions>
      </trkpt>
      <trkpt lat="30.27561857365071773529052734375" lon="120.20679677836596965789794921875">
        <ele>7</ele>
        <time>2026-07-27T12:23:46.000Z</time>
        <extensions>
          <ns3:TrackPointExtension>
            <ns3:hr>152</ns3:hr>
            <ns3:cad>85</ns3:cad>
          </ns3:TrackPointExtension>
        </extensions>
      </trkpt>
      <trkpt lat="30.2756372652947902679443359375" lon="120.2067909948527812957763671875">
        <ele>7</ele>
        <time>2026-07-27T12:23:47.000Z</time>
        <extensions>
          <ns3:TrackPointExtension>
            <ns3:hr>152</ns3:hr>
            <ns3:cad>85</ns3:cad>
          </ns3:TrackPointExtension>
        </extensions>
      </trkpt>
      <trkpt lat="30.27566316537559032440185546875" lon="120.20678646862506866455078125">
        <ele>7.19999980926513671875</ele>
        <time>2026-07-27T12:23:48.000Z</time>
        <extensions>
          <ns3:TrackPointExtension>
            <ns3:hr>153</ns3:hr>
            <ns3:cad>86</ns3:cad>
          </ns3:TrackPointExtension>
        </extensions>
      </trkpt>
      <trkpt lat="30.2756855450570583343505859375" lon="120.20678018219769001007080078125">
        <ele>7.19999980926513671875</ele>
        <time>2026-07-27T12:23:49.000Z</time>
        <extensions>
          <ns3:TrackPointExtension>
            <ns3:hr>153</ns3:hr>
            <ns3:cad>86</ns3:cad>
          </ns3:TrackPointExtension>
        </extensions>
      </trkpt>
      <trkpt lat="30.27570675127208232879638671875" lon="120.20677314139902591705322265625">
        <ele>7.19999980926513671875</ele>
        <time>2026-07-27T12:23:50.000Z</time>
        <extensions>
          <ns3:TrackPointExtension>
            <ns3:hr>153</ns3:hr>
            <ns3:cad>86</ns3:cad>
          </ns3:TrackPointExtension>
        </extensions>
      </trkpt>
      <trkpt lat="30.2757291309535503387451171875" lon="120.20676710642874240875244140625">
        <ele>7.19999980926513671875</ele>
        <time>2026-07-27T12:23:51.000Z</time>
        <extensions>
          <ns3:TrackPointExtension>
            <ns3:hr>153</ns3:hr>
            <ns3:cad>87</ns3:cad>
          </ns3:TrackPointExtension>
        </extensions>
      </trkpt>
      <trkpt lat="30.27574832551181316375732421875" lon="120.20675386302173137664794921875">
        <ele>7.19999980926513671875</ele>
        <time>2026-07-27T12:23:52.000Z</time>
        <extensions>
          <ns3:TrackPointExtension>
            <ns3:hr>153</ns3:hr>
            <ns3:cad>87</ns3:cad>
          </ns3:TrackPointExtension>
        </extensions>
      </trkpt>
      <trkpt lat="30.27576743625104427337646484375" lon="120.20674288272857666015625">
        <ele>7</ele>
        <time>2026-07-27T12:23:53.000Z</time>
        <extensions>
          <ns3:TrackPointExtension>
            <ns3:hr>153</ns3:hr>
            <ns3:cad>86</ns3:cad>
          </ns3:TrackPointExtension>
        </extensions>
      </trkpt>
      <trkpt lat="30.2757790870964527130126953125" lon="120.20672854967415332794189453125">
        <ele>7.19999980926513671875</ele>
        <time>2026-07-27T12:23:54.000Z</time>
        <extensions>
          <ns3:TrackPointExtension>
            <ns3:hr>153</ns3:hr>
            <ns3:cad>87</ns3:cad>
          </ns3:TrackPointExtension>
        </extensions>
      </trkpt>
      <trkpt lat="30.27579970657825469970703125" lon="120.2067088522017002105712890625">
        <ele>7.19999980926513671875</ele>
        <time>2026-07-27T12:23:55.000Z</time>
        <extensions>
          <ns3:TrackPointExtension>
            <ns3:hr>153</ns3:hr>
            <ns3:cad>87</ns3:cad>
          </ns3:TrackPointExtension>
        </extensions>
      </trkpt>
      <trkpt lat="30.27580884285271167755126953125" lon="120.206692256033420562744140625">
        <ele>7.19999980926513671875</ele>
        <time>2026-07-27T12:23:56.000Z</time>
        <extensions>
          <ns3:TrackPointExtension>
            <ns3:hr>153</ns3:hr>
            <ns3:cad>87</ns3:cad>
          </ns3:TrackPointExtension>
        </extensions>
      </trkpt>
      <trkpt lat="30.275826863944530487060546875" lon="120.2066686190664768218994140625">
        <ele>7.19999980926513671875</ele>
        <time>2026-07-27T12:23:57.000Z</time>
        <extensions>
          <ns3:TrackPointExtension>
            <ns3:hr>153</ns3:hr>
            <ns3:cad>87</ns3:cad>
          </ns3:TrackPointExtension>
        </extensions>
      </trkpt>
      <trkpt lat="30.27583633549511432647705078125" lon="120.20665260963141918182373046875">
        <ele>7.19999980926513671875</ele>
        <time>2026-07-27T12:23:58.000Z</time>
        <extensions>
          <ns3:TrackPointExtension>
            <ns3:hr>153</ns3:hr>
            <ns3:cad>87</ns3:cad>
          </ns3:TrackPointExtension>
        </extensions>
      </trkpt>
      <trkpt lat="30.2758474834263324737548828125" lon="120.2066280506551265716552734375">
        <ele>7.19999980926513671875</ele>
        <time>2026-07-27T12:23:59.000Z</time>
        <extensions>
          <ns3:TrackPointExtension>
            <ns3:hr>153</ns3:hr>
            <ns3:cad>87</ns3:cad>
          </ns3:TrackPointExtension>
        </extensions>
      </trkpt>
      <trkpt lat="30.27585611678659915924072265625" lon="120.206608437001705169677734375">
        <ele>7.19999980926513671875</ele>
        <time>2026-07-27T12:24:00.000Z</time>
        <extensions>
          <ns3:TrackPointExtension>
            <ns3:hr>152</ns3:hr>
            <ns3:cad>87</ns3:cad>
          </ns3:TrackPointExtension>
        </extensions>
      </trkpt>
      <trkpt lat="30.27586064301431179046630859375" lon="120.2065886557102203369140625">
        <ele>7.19999980926513671875</ele>
        <time>2026-07-27T12:24:01.000Z</time>
        <extensions>
          <ns3:TrackPointExtension>
            <ns3:hr>152</ns3:hr>
            <ns3:cad>86</ns3:cad>
          </ns3:TrackPointExtension>
        </extensions>
      </trkpt>
      <trkpt lat="30.27587036602199077606201171875" lon="120.206562839448451995849609375">
        <ele>7.19999980926513671875</ele>
        <time>2026-07-27T12:24:02.000Z</time>
        <extensions>
          <ns3:TrackPointExtension>
            <ns3:hr>151</ns3:hr>
            <ns3:cad>86</ns3:cad>
          </ns3:TrackPointExtension>
        </extensions>
      </trkpt>
      <trkpt lat="30.2758699469268321990966796875" lon="120.20654104650020599365234375">
        <ele>7.19999980926513671875</ele>
        <time>2026-07-27T12:24:03.000Z</time>
        <extensions>
          <ns3:TrackPointExtension>
            <ns3:hr>151</ns3:hr>
            <ns3:cad>87</ns3:cad>
          </ns3:TrackPointExtension>
        </extensions>
      </trkpt>
      <trkpt lat="30.2758759818971157073974609375" lon="120.2065108716487884521484375">
        <ele>7.19999980926513671875</ele>
        <time>2026-07-27T12:24:04.000Z</time>
        <extensions>
          <ns3:TrackPointExtension>
            <ns3:hr>151</ns3:hr>
            <ns3:cad>87</ns3:cad>
          </ns3:TrackPointExtension>
        </extensions>
      </trkpt>
      <trkpt lat="30.27587539516389369964599609375" lon="120.2064929343760013580322265625">
        <ele>7.19999980926513671875</ele>
        <time>2026-07-27T12:24:05.000Z</time>
        <extensions>
          <ns3:TrackPointExtension>
            <ns3:hr>151</ns3:hr>
            <ns3:cad>86</ns3:cad>
          </ns3:TrackPointExtension>
        </extensions>
      </trkpt>
      <trkpt lat="30.2758727967739105224609375" lon="120.20646996796131134033203125">
        <ele>7.19999980926513671875</ele>
        <time>2026-07-27T12:24:06.000Z</time>
        <extensions>
          <ns3:TrackPointExtension>
            <ns3:hr>151</ns3:hr>
            <ns3:cad>86</ns3:cad>
          </ns3:TrackPointExtension>
        </extensions>
      </trkpt>
      <trkpt lat="30.27587254531681537628173828125" lon="120.206446833908557891845703125">
        <ele>7.19999980926513671875</ele>
        <time>2026-07-27T12:24:07.000Z</time>
        <extensions>
          <ns3:TrackPointExtension>
            <ns3:hr>151</ns3:hr>
            <ns3:cad>86</ns3:cad>
          </ns3:TrackPointExtension>
        </extensions>
      </trkpt>
      <trkpt lat="30.2758639119565486907958984375" lon="120.2064263820648193359375">
        <ele>7</ele>
        <time>2026-07-27T12:24:08.000Z</time>
        <extensions>
          <ns3:TrackPointExtension>
            <ns3:hr>151</ns3:hr>
            <ns3:cad>86</ns3:cad>
          </ns3:TrackPointExtension>
        </extensions>
      </trkpt>
      <trkpt lat="30.2758588828146457672119140625" lon="120.20639444701373577117919921875">
        <ele>7</ele>
        <time>2026-07-27T12:24:09.000Z</time>
        <extensions>
          <ns3:TrackPointExtension>
            <ns3:hr>151</ns3:hr>
            <ns3:cad>86</ns3:cad>
          </ns3:TrackPointExtension>
        </extensions>
      </trkpt>
      <trkpt lat="30.27585041709244251251220703125" lon="120.20638019777834415435791015625">
        <ele>7.19999980926513671875</ele>
        <time>2026-07-27T12:24:10.000Z</time>
        <extensions>
          <ns3:TrackPointExtension>
            <ns3:hr>151</ns3:hr>
            <ns3:cad>85</ns3:cad>
          </ns3:TrackPointExtension>
        </extensions>
      </trkpt>
      <trkpt lat="30.27583901770412921905517578125" lon="120.20635287277400493621826171875">
        <ele>7.19999980926513671875</ele>
        <time>2026-07-27T12:24:11.000Z</time>
        <extensions>
          <ns3:TrackPointExtension>
            <ns3:hr>151</ns3:hr>
            <ns3:cad>85</ns3:cad>
          </ns3:TrackPointExtension>
        </extensions>
      </trkpt>
      <trkpt lat="30.27582652866840362548828125" lon="120.20634029991924762725830078125">
        <ele>7</ele>
        <time>2026-07-27T12:24:12.000Z</time>
        <extensions>
          <ns3:TrackPointExtension>
            <ns3:hr>152</ns3:hr>
            <ns3:cad>85</ns3:cad>
          </ns3:TrackPointExtension>
        </extensions>
      </trkpt>
      <trkpt lat="30.27581135742366313934326171875" lon="120.2063206024467945098876953125">
        <ele>7</ele>
        <time>2026-07-27T12:24:13.000Z</time>
        <extensions>
          <ns3:TrackPointExtension>
            <ns3:hr>152</ns3:hr>
            <ns3:cad>85</ns3:cad>
          </ns3:TrackPointExtension>
        </extensions>
      </trkpt>
      <trkpt lat="30.27579660527408123016357421875" lon="120.2062994800508022308349609375">
        <ele>7</ele>
        <time>2026-07-27T12:24:14.000Z</time>
        <extensions>
          <ns3:TrackPointExtension>
            <ns3:hr>152</ns3:hr>
            <ns3:cad>85</ns3:cad>
          </ns3:TrackPointExtension>
        </extensions>
      </trkpt>
      <trkpt lat="30.27577824890613555908203125" lon="120.206281207501888275146484375">
        <ele>7.19999980926513671875</ele>
        <time>2026-07-27T12:24:15.000Z</time>
        <extensions>
          <ns3:TrackPointExtension>
            <ns3:hr>152</ns3:hr>
            <ns3:cad>86</ns3:cad>
          </ns3:TrackPointExtension>
        </extensions>
      </trkpt>
      <trkpt lat="30.27576215565204620361328125" lon="120.206253714859485626220703125">
        <ele>7.19999980926513671875</ele>
        <time>2026-07-27T12:24:16.000Z</time>
        <extensions>
          <ns3:TrackPointExtension>
            <ns3:hr>152</ns3:hr>
            <ns3:cad>86</ns3:cad>
          </ns3:TrackPointExtension>
        </extensions>
      </trkpt>
      <trkpt lat="30.27574564330279827117919921875" lon="120.20624206401407718658447265625">
        <ele>7.19999980926513671875</ele>
        <time>2026-07-27T12:24:17.000Z</time>
        <extensions>
          <ns3:TrackPointExtension>
            <ns3:hr>151</ns3:hr>
            <ns3:cad>86</ns3:cad>
          </ns3:TrackPointExtension>
        </extensions>
      </trkpt>
      <trkpt lat="30.2757271192967891693115234375" lon="120.2062220312654972076416015625">
        <ele>7.19999980926513671875</ele>
        <time>2026-07-27T12:24:18.000Z</time>
        <extensions>
          <ns3:TrackPointExtension>
            <ns3:hr>152</ns3:hr>
            <ns3:cad>86</ns3:cad>
          </ns3:TrackPointExtension>
        </extensions>
      </trkpt>
      <trkpt lat="30.275710523128509521484375" lon="120.20620786584913730621337890625">
        <ele>7.19999980926513671875</ele>
        <time>2026-07-27T12:24:19.000Z</time>
        <extensions>
          <ns3:TrackPointExtension>
            <ns3:hr>152</ns3:hr>
            <ns3:cad>85</ns3:cad>
          </ns3:TrackPointExtension>
        </extensions>
      </trkpt>
      <trkpt lat="30.27569049037992954254150390625" lon="120.20620015449821949005126953125">
        <ele>7.19999980926513671875</ele>
        <time>2026-07-27T12:24:20.000Z</time>
        <extensions>
          <ns3:TrackPointExtension>
            <ns3:hr>151</ns3:hr>
            <ns3:cad>85</ns3:cad>
          </ns3:TrackPointExtension>
        </extensions>
      </trkpt>
      <trkpt lat="30.2756681106984615325927734375" lon="120.20619110204279422760009765625">
        <ele>7.19999980926513671875</ele>
        <time>2026-07-27T12:24:21.000Z</time>
        <extensions>
          <ns3:TrackPointExtension>
            <ns3:hr>151</ns3:hr>
            <ns3:cad>85</ns3:cad>
          </ns3:TrackPointExtension>
        </extensions>
      </trkpt>
      <trkpt lat="30.27565293945372104644775390625" lon="120.20619344897568225860595703125">
        <ele>7.19999980926513671875</ele>
        <time>2026-07-27T12:24:22.000Z</time>
        <extensions>
          <ns3:TrackPointExtension>
            <ns3:hr>151</ns3:hr>
            <ns3:cad>85</ns3:cad>
          </ns3:TrackPointExtension>
        </extensions>
      </trkpt>
      <trkpt lat="30.2756305597722530364990234375" lon="120.20618431270122528076171875">
        <ele>7.19999980926513671875</ele>
        <time>2026-07-27T12:24:23.000Z</time>
        <extensions>
          <ns3:TrackPointExtension>
            <ns3:hr>152</ns3:hr>
            <ns3:cad>85</ns3:cad>
          </ns3:TrackPointExtension>
        </extensions>
      </trkpt>
      <trkpt lat="30.27561270631849765777587890625" lon="120.2061801217496395111083984375">
        <ele>7.400000095367431640625</ele>
        <time>2026-07-27T12:24:24.000Z</time>
        <extensions>
          <ns3:TrackPointExtension>
            <ns3:hr>152</ns3:hr>
            <ns3:cad>85</ns3:cad>
          </ns3:TrackPointExtension>
        </extensions>
      </trkpt>
      <trkpt lat="30.27559342794120311737060546875" lon="120.206180624663829803466796875">
        <ele>7.400000095367431640625</ele>
        <time>2026-07-27T12:24:25.000Z</time>
        <extensions>
          <ns3:TrackPointExtension>
            <ns3:hr>152</ns3:hr>
            <ns3:cad>85</ns3:cad>
          </ns3:TrackPointExtension>
        </extensions>
      </trkpt>
      <trkpt lat="30.27556895278394222259521484375" lon="120.20618121139705181121826171875">
        <ele>7.400000095367431640625</ele>
        <time>2026-07-27T12:24:26.000Z</time>
        <extensions>
          <ns3:TrackPointExtension>
            <ns3:hr>152</ns3:hr>
            <ns3:cad>85</ns3:cad>
          </ns3:TrackPointExtension>
        </extensions>
      </trkpt>
      <trkpt lat="30.275551937520503997802734375" lon="120.20618640817701816558837890625">
        <ele>7.400000095367431640625</ele>
        <time>2026-07-27T12:24:27.000Z</time>
        <extensions>
          <ns3:TrackPointExtension>
            <ns3:hr>152</ns3:hr>
            <ns3:cad>85</ns3:cad>
          </ns3:TrackPointExtension>
        </extensions>
      </trkpt>
      <trkpt lat="30.27552788145840167999267578125" lon="120.20618389360606670379638671875">
        <ele>7.19999980926513671875</ele>
        <time>2026-07-27T12:24:28.000Z</time>
        <extensions>
          <ns3:TrackPointExtension>
            <ns3:hr>152</ns3:hr>
            <ns3:cad>85</ns3:cad>
          </ns3:TrackPointExtension>
        </extensions>
      </trkpt>
      <trkpt lat="30.2755122072994709014892578125" lon="120.2061871625483036041259765625">
        <ele>7.19999980926513671875</ele>
        <time>2026-07-27T12:24:29.000Z</time>
        <extensions>
          <ns3:TrackPointExtension>
            <ns3:hr>152</ns3:hr>
            <ns3:cad>85</ns3:cad>
          </ns3:TrackPointExtension>
        </extensions>
      </trkpt>
      <trkpt lat="30.2754890732467174530029296875" lon="120.20618992857635021209716796875">
        <ele>7.19999980926513671875</ele>
        <time>2026-07-27T12:24:30.000Z</time>
        <extensions>
          <ns3:TrackPointExtension>
            <ns3:hr>152</ns3:hr>
            <ns3:cad>85</ns3:cad>
          </ns3:TrackPointExtension>
        </extensions>
      </trkpt>
      <trkpt lat="30.2754666097462177276611328125" lon="120.2061918564140796661376953125">
        <ele>7.19999980926513671875</ele>
        <time>2026-07-27T12:24:31.000Z</time>
        <extensions>
          <ns3:TrackPointExtension>
            <ns3:hr>152</ns3:hr>
            <ns3:cad>86</ns3:cad>
          </ns3:TrackPointExtension>
        </extensions>
      </trkpt>
      <trkpt lat="30.2754478342831134796142578125" lon="120.20619948394596576690673828125">
        <ele>7.19999980926513671875</ele>
        <time>2026-07-27T12:24:32.000Z</time>
        <extensions>
          <ns3:TrackPointExtension>
            <ns3:hr>152</ns3:hr>
            <ns3:cad>86</ns3:cad>
          </ns3:TrackPointExtension>
        </extensions>
      </trkpt>
      <trkpt lat="30.275423862040042877197265625" lon="120.206197388470172882080078125">
        <ele>7.19999980926513671875</ele>
        <time>2026-07-27T12:24:33.000Z</time>
        <extensions>
          <ns3:TrackPointExtension>
            <ns3:hr>153</ns3:hr>
            <ns3:cad>86</ns3:cad>
          </ns3:TrackPointExtension>
        </extensions>
      </trkpt>
      <trkpt lat="30.27540785260498523712158203125" lon="120.2062002383172512054443359375">
        <ele>7.19999980926513671875</ele>
        <time>2026-07-27T12:24:34.000Z</time>
        <extensions>
          <ns3:TrackPointExtension>
            <ns3:hr>153</ns3:hr>
            <ns3:cad>85</ns3:cad>
          </ns3:TrackPointExtension>
        </extensions>
      </trkpt>
      <trkpt lat="30.275379605591297149658203125" lon="120.206198394298553466796875">
        <ele>7.19999980926513671875</ele>
        <time>2026-07-27T12:24:35.000Z</time>
        <extensions>
          <ns3:TrackPointExtension>
            <ns3:hr>153</ns3:hr>
            <ns3:cad>85</ns3:cad>
          </ns3:TrackPointExtension>
        </extensions>
      </trkpt>
      <trkpt lat="30.27536074630916118621826171875" lon="120.20620250143110752105712890625">
        <ele>7.400000095367431640625</ele>
        <time>2026-07-27T12:24:36.000Z</time>
        <extensions>
          <ns3:TrackPointExtension>
            <ns3:hr>153</ns3:hr>
            <ns3:cad>85</ns3:cad>
          </ns3:TrackPointExtension>
        </extensions>
      </trkpt>
      <trkpt lat="30.27533694170415401458740234375" lon="120.20620149560272693634033203125">
        <ele>7.400000095367431640625</ele>
        <time>2026-07-27T12:24:37.000Z</time>
        <extensions>
          <ns3:TrackPointExtension>
            <ns3:hr>153</ns3:hr>
            <ns3:cad>85</ns3:cad>
          </ns3:TrackPointExtension>
        </extensions>
      </trkpt>
      <trkpt lat="30.27531749568879604339599609375" lon="120.20620040595531463623046875">
        <ele>7.400000095367431640625</ele>
        <time>2026-07-27T12:24:38.000Z</time>
        <extensions>
          <ns3:TrackPointExtension>
            <ns3:hr>154</ns3:hr>
            <ns3:cad>85</ns3:cad>
          </ns3:TrackPointExtension>
        </extensions>
      </trkpt>
      <trkpt lat="30.27530056424438953399658203125" lon="120.20620518364012241363525390625">
        <ele>7.400000095367431640625</ele>
        <time>2026-07-27T12:24:39.000Z</time>
        <extensions>
          <ns3:TrackPointExtension>
            <ns3:hr>154</ns3:hr>
            <ns3:cad>86</ns3:cad>
          </ns3:TrackPointExtension>
        </extensions>
      </trkpt>
      <trkpt lat="30.2752758376300334930419921875" lon="120.2062049321830272674560546875">
        <ele>7.400000095367431640625</ele>
        <time>2026-07-27T12:24:40.000Z</time>
        <extensions>
          <ns3:TrackPointExtension>
            <ns3:hr>154</ns3:hr>
            <ns3:cad>85</ns3:cad>
          </ns3:TrackPointExtension>
        </extensions>
      </trkpt>
      <trkpt lat="30.27526167221367359161376953125" lon="120.20621272735297679901123046875">
        <ele>7.400000095367431640625</ele>
        <time>2026-07-27T12:24:41.000Z</time>
        <extensions>
          <ns3:TrackPointExtension>
            <ns3:hr>153</ns3:hr>
            <ns3:cad>85</ns3:cad>
          </ns3:TrackPointExtension>
        </extensions>
      </trkpt>
      <trkpt lat="30.275234095752239227294921875" lon="120.20621088333427906036376953125">
        <ele>7.400000095367431640625</ele>
        <time>2026-07-27T12:24:42.000Z</time>
        <extensions>
          <ns3:TrackPointExtension>
            <ns3:hr>154</ns3:hr>
            <ns3:cad>85</ns3:cad>
          </ns3:TrackPointExtension>
        </extensions>
      </trkpt>
      <trkpt lat="30.275215320289134979248046875" lon="120.20621121861040592193603515625">
        <ele>7.400000095367431640625</ele>
        <time>2026-07-27T12:24:43.000Z</time>
        <extensions>
          <ns3:TrackPointExtension>
            <ns3:hr>154</ns3:hr>
            <ns3:cad>85</ns3:cad>
          </ns3:TrackPointExtension>
        </extensions>
      </trkpt>
      <trkpt lat="30.27519486844539642333984375" lon="120.20621323026716709136962890625">
        <ele>7.400000095367431640625</ele>
        <time>2026-07-27T12:24:44.000Z</time>
        <extensions>
          <ns3:TrackPointExtension>
            <ns3:hr>153</ns3:hr>
            <ns3:cad>84</ns3:cad>
          </ns3:TrackPointExtension>
        </extensions>
      </trkpt>
      <trkpt lat="30.2751708962023258209228515625" lon="120.20621038042008876800537109375">
        <ele>7.400000095367431640625</ele>
        <time>2026-07-27T12:24:45.000Z</time>
        <extensions>
          <ns3:TrackPointExtension>
            <ns3:hr>154</ns3:hr>
            <ns3:cad>84</ns3:cad>
          </ns3:TrackPointExtension>
        </extensions>
      </trkpt>
      <trkpt lat="30.275154970586299896240234375" lon="120.20621691830456256866455078125">
        <ele>7.400000095367431640625</ele>
        <time>2026-07-27T12:24:46.000Z</time>
        <extensions>
          <ns3:TrackPointExtension>
            <ns3:hr>154</ns3:hr>
            <ns3:cad>85</ns3:cad>
          </ns3:TrackPointExtension>
        </extensions>
      </trkpt>
      <trkpt lat="30.275127477943897247314453125" lon="120.20621825940907001495361328125">
        <ele>7.400000095367431640625</ele>
        <time>2026-07-27T12:24:47.000Z</time>
        <extensions>
          <ns3:TrackPointExtension>
            <ns3:hr>153</ns3:hr>
            <ns3:cad>85</ns3:cad>
          </ns3:TrackPointExtension>
        </extensions>
      </trkpt>
      <trkpt lat="30.27511297725141048431396484375" lon="120.2062230370938777923583984375">
        <ele>7.400000095367431640625</ele>
        <time>2026-07-27T12:24:48.000Z</time>
        <extensions>
          <ns3:TrackPointExtension>
            <ns3:hr>154</ns3:hr>
            <ns3:cad>85</ns3:cad>
          </ns3:TrackPointExtension>
        </extensions>
      </trkpt>
      <trkpt lat="30.275086574256420135498046875" lon="120.20622395910322666168212890625">
        <ele>7.599999904632568359375</ele>
        <time>2026-07-27T12:24:49.000Z</time>
        <extensions>
          <ns3:TrackPointExtension>
            <ns3:hr>154</ns3:hr>
            <ns3:cad>85</ns3:cad>
          </ns3:TrackPointExtension>
        </extensions>
      </trkpt>
      <trkpt lat="30.27506821788847446441650390625" lon="120.206226222217082977294921875">
        <ele>7.400000095367431640625</ele>
        <time>2026-07-27T12:24:50.000Z</time>
        <extensions>
          <ns3:TrackPointExtension>
            <ns3:hr>153</ns3:hr>
            <ns3:cad>85</ns3:cad>
          </ns3:TrackPointExtension>
        </extensions>
      </trkpt>
      <trkpt lat="30.2750488556921482086181640625" lon="120.20622915588319301605224609375">
        <ele>7.400000095367431640625</ele>
        <time>2026-07-27T12:24:51.000Z</time>
        <extensions>
          <ns3:TrackPointExtension>
            <ns3:hr>153</ns3:hr>
            <ns3:cad>85</ns3:cad>
          </ns3:TrackPointExtension>
        </extensions>
      </trkpt>
      <trkpt lat="30.27502588927745819091796875" lon="120.20622865296900272369384765625">
        <ele>7.400000095367431640625</ele>
        <time>2026-07-27T12:24:52.000Z</time>
        <extensions>
          <ns3:TrackPointExtension>
            <ns3:hr>153</ns3:hr>
            <ns3:cad>85</ns3:cad>
          </ns3:TrackPointExtension>
        </extensions>
      </trkpt>
      <trkpt lat="30.27501122094690799713134765625" lon="120.206235609948635101318359375">
        <ele>7.400000095367431640625</ele>
        <time>2026-07-27T12:24:53.000Z</time>
        <extensions>
          <ns3:TrackPointExtension>
            <ns3:hr>153</ns3:hr>
            <ns3:cad>85</ns3:cad>
          </ns3:TrackPointExtension>
        </extensions>
      </trkpt>
      <trkpt lat="30.27498322539031505584716796875" lon="120.20623334683477878570556640625">
        <ele>7.400000095367431640625</ele>
        <time>2026-07-27T12:24:54.000Z</time>
        <extensions>
          <ns3:TrackPointExtension>
            <ns3:hr>154</ns3:hr>
            <ns3:cad>85</ns3:cad>
          </ns3:TrackPointExtension>
        </extensions>
      </trkpt>
      <trkpt lat="30.27496830560266971588134765625" lon="120.206240974366664886474609375">
        <ele>7.400000095367431640625</ele>
        <time>2026-07-27T12:24:55.000Z</time>
        <extensions>
          <ns3:TrackPointExtension>
            <ns3:hr>153</ns3:hr>
            <ns3:cad>85</ns3:cad>
          </ns3:TrackPointExtension>
        </extensions>
      </trkpt>
      <trkpt lat="30.27494165115058422088623046875" lon="120.20624306984245777130126953125">
        <ele>7.400000095367431640625</ele>
        <time>2026-07-27T12:24:56.000Z</time>
        <extensions>
          <ns3:TrackPointExtension>
            <ns3:hr>153</ns3:hr>
            <ns3:cad>85</ns3:cad>
          </ns3:TrackPointExtension>
        </extensions>
      </trkpt>
      <trkpt lat="30.27492254041135311126708984375" lon="120.20624809898436069488525390625">
        <ele>7.400000095367431640625</ele>
        <time>2026-07-27T12:24:57.000Z</time>
        <extensions>
          <ns3:TrackPointExtension>
            <ns3:hr>153</ns3:hr>
            <ns3:cad>86</ns3:cad>
          </ns3:TrackPointExtension>
        </extensions>
      </trkpt>
      <trkpt lat="30.27490125037729740142822265625" lon="120.206246338784694671630859375">
        <ele>7.400000095367431640625</ele>
        <time>2026-07-27T12:24:58.000Z</time>
        <extensions>
          <ns3:TrackPointExtension>
            <ns3:hr>153</ns3:hr>
            <ns3:cad>86</ns3:cad>
          </ns3:TrackPointExtension>
        </extensions>
      </trkpt>
      <trkpt lat="30.27487794868648052215576171875" lon="120.20624575205147266387939453125">
        <ele>7.599999904632568359375</ele>
        <time>2026-07-27T12:24:59.000Z</time>
        <extensions>
          <ns3:TrackPointExtension>
            <ns3:hr>153</ns3:hr>
            <ns3:cad>86</ns3:cad>
          </ns3:TrackPointExtension>
        </extensions>
      </trkpt>
      <trkpt lat="30.2748664654791355133056640625" lon="120.20625346340239048004150390625">
        <ele>7.599999904632568359375</ele>
        <time>2026-07-27T12:25:00.000Z</time>
        <extensions>
          <ns3:TrackPointExtension>
            <ns3:hr>153</ns3:hr>
            <ns3:cad>86</ns3:cad>
          </ns3:TrackPointExtension>
        </extensions>
      </trkpt>
      <trkpt lat="30.2748401463031768798828125" lon="120.20625941455364227294921875">
        <ele>7.599999904632568359375</ele>
        <time>2026-07-27T12:25:01.000Z</time>
        <extensions>
          <ns3:TrackPointExtension>
            <ns3:hr>153</ns3:hr>
            <ns3:cad>86</ns3:cad>
          </ns3:TrackPointExtension>
        </extensions>
      </trkpt>
      <trkpt lat="30.27482598088681697845458984375" lon="120.2062723226845264434814453125">
        <ele>7.599999904632568359375</ele>
        <time>2026-07-27T12:25:02.000Z</time>
        <extensions>
          <ns3:TrackPointExtension>
            <ns3:hr>153</ns3:hr>
            <ns3:cad>86</ns3:cad>
          </ns3:TrackPointExtension>
        </extensions>
      </trkpt>
      <trkpt lat="30.27480636723339557647705078125" lon="120.2062800340354442596435546875">
        <ele>7.599999904632568359375</ele>
        <time>2026-07-27T12:25:03.000Z</time>
        <extensions>
          <ns3:TrackPointExtension>
            <ns3:hr>153</ns3:hr>
            <ns3:cad>85</ns3:cad>
          </ns3:TrackPointExtension>
        </extensions>
      </trkpt>
      <trkpt lat="30.27478708885610103607177734375" lon="120.206288583576679229736328125">
        <ele>7.599999904632568359375</ele>
        <time>2026-07-27T12:25:04.000Z</time>
        <extensions>
          <ns3:TrackPointExtension>
            <ns3:hr>153</ns3:hr>
            <ns3:cad>85</ns3:cad>
          </ns3:TrackPointExtension>
        </extensions>
      </trkpt>
      <trkpt lat="30.2747756056487560272216796875" lon="120.206303335726261138916015625">
        <ele>7.400000095367431640625</ele>
        <time>2026-07-27T12:25:05.000Z</time>
        <extensions>
          <ns3:TrackPointExtension>
            <ns3:hr>153</ns3:hr>
            <ns3:cad>85</ns3:cad>
          </ns3:TrackPointExtension>
        </extensions>
      </trkpt>
      <trkpt lat="30.27475473470985889434814453125" lon="120.20631305873394012451171875">
        <ele>7.400000095367431640625</ele>
        <time>2026-07-27T12:25:06.000Z</time>
        <extensions>
          <ns3:TrackPointExtension>
            <ns3:hr>153</ns3:hr>
            <ns3:cad>85</ns3:cad>
          </ns3:TrackPointExtension>
        </extensions>
      </trkpt>
      <trkpt lat="30.274744592607021331787109375" lon="120.2063259668648242950439453125">
        <ele>7.400000095367431640625</ele>
        <time>2026-07-27T12:25:07.000Z</time>
        <extensions>
          <ns3:TrackPointExtension>
            <ns3:hr>153</ns3:hr>
            <ns3:cad>85</ns3:cad>
          </ns3:TrackPointExtension>
        </extensions>
      </trkpt>
      <trkpt lat="30.2747276611626148223876953125" lon="120.20634130574762821197509765625">
        <ele>7.400000095367431640625</ele>
        <time>2026-07-27T12:25:08.000Z</time>
        <extensions>
          <ns3:TrackPointExtension>
            <ns3:hr>152</ns3:hr>
            <ns3:cad>85</ns3:cad>
          </ns3:TrackPointExtension>
        </extensions>
      </trkpt>
      <trkpt lat="30.27471232227981090545654296875" lon="120.2063558064401149749755859375">
        <ele>7.400000095367431640625</ele>
        <time>2026-07-27T12:25:09.000Z</time>
        <extensions>
          <ns3:TrackPointExtension>
            <ns3:hr>152</ns3:hr>
            <ns3:cad>85</ns3:cad>
          </ns3:TrackPointExtension>
        </extensions>
      </trkpt>
      <trkpt lat="30.274703018367290496826171875" lon="120.206372737884521484375">
        <ele>7.400000095367431640625</ele>
        <time>2026-07-27T12:25:10.000Z</time>
        <extensions>
          <ns3:TrackPointExtension>
            <ns3:hr>152</ns3:hr>
            <ns3:cad>85</ns3:cad>
          </ns3:TrackPointExtension>
        </extensions>
      </trkpt>
      <trkpt lat="30.27468927204608917236328125" lon="120.2063963748514652252197265625">
        <ele>7.400000095367431640625</ele>
        <time>2026-07-27T12:25:11.000Z</time>
        <extensions>
          <ns3:TrackPointExtension>
            <ns3:hr>152</ns3:hr>
            <ns3:cad>84</ns3:cad>
          </ns3:TrackPointExtension>
        </extensions>
      </trkpt>
      <trkpt lat="30.274687595665454864501953125" lon="120.2064134739339351654052734375">
        <ele>7.400000095367431640625</ele>
        <time>2026-07-27T12:25:12.000Z</time>
        <extensions>
          <ns3:TrackPointExtension>
            <ns3:hr>152</ns3:hr>
            <ns3:cad>84</ns3:cad>
          </ns3:TrackPointExtension>
        </extensions>
      </trkpt>
      <trkpt lat="30.27467628009617328643798828125" lon="120.206445492804050445556640625">
        <ele>7.400000095367431640625</ele>
        <time>2026-07-27T12:25:13.000Z</time>
        <extensions>
          <ns3:TrackPointExtension>
            <ns3:hr>152</ns3:hr>
            <ns3:cad>84</ns3:cad>
          </ns3:TrackPointExtension>
        </extensions>
      </trkpt>
      <trkpt lat="30.27467829175293445587158203125" lon="120.20646954886615276336669921875">
        <ele>7.400000095367431640625</ele>
        <time>2026-07-27T12:25:14.000Z</time>
        <extensions>
          <ns3:TrackPointExtension>
            <ns3:hr>151</ns3:hr>
            <ns3:cad>85</ns3:cad>
          </ns3:TrackPointExtension>
        </extensions>
      </trkpt>
      <trkpt lat="30.274676196277141571044921875" lon="120.2064962871372699737548828125">
        <ele>7.400000095367431640625</ele>
        <time>2026-07-27T12:25:15.000Z</time>
        <extensions>
          <ns3:TrackPointExtension>
            <ns3:hr>152</ns3:hr>
            <ns3:cad>85</ns3:cad>
          </ns3:TrackPointExtension>
        </extensions>
      </trkpt>
      <trkpt lat="30.27466806583106517791748046875" lon="120.2065241150557994842529296875">
        <ele>7.400000095367431640625</ele>
        <time>2026-07-27T12:25:16.000Z</time>
        <extensions>
          <ns3:TrackPointExtension>
            <ns3:hr>152</ns3:hr>
            <ns3:cad>85</ns3:cad>
          </ns3:TrackPointExtension>
        </extensions>
      </trkpt>
      <trkpt lat="30.2746713347733020782470703125" lon="120.20654129795730113983154296875">
        <ele>7.599999904632568359375</ele>
        <time>2026-07-27T12:25:17.000Z</time>
        <extensions>
          <ns3:TrackPointExtension>
            <ns3:hr>152</ns3:hr>
            <ns3:cad>85</ns3:cad>
          </ns3:TrackPointExtension>
        </extensions>
      </trkpt>
      <trkpt lat="30.274669490754604339599609375" lon="120.20657465793192386627197265625">
        <ele>7.599999904632568359375</ele>
        <time>2026-07-27T12:25:18.000Z</time>
        <extensions>
          <ns3:TrackPointExtension>
            <ns3:hr>152</ns3:hr>
            <ns3:cad>85</ns3:cad>
          </ns3:TrackPointExtension>
        </extensions>
      </trkpt>
      <trkpt lat="30.27467292733490467071533203125" lon="120.2065925113856792449951171875">
        <ele>7.599999904632568359375</ele>
        <time>2026-07-27T12:25:19.000Z</time>
        <extensions>
          <ns3:TrackPointExtension>
            <ns3:hr>152</ns3:hr>
            <ns3:cad>85</ns3:cad>
          </ns3:TrackPointExtension>
        </extensions>
      </trkpt>
      <trkpt lat="30.27468013577163219451904296875" lon="120.20661857910454273223876953125">
        <ele>7.599999904632568359375</ele>
        <time>2026-07-27T12:25:20.000Z</time>
        <extensions>
          <ns3:TrackPointExtension>
            <ns3:hr>152</ns3:hr>
            <ns3:cad>84</ns3:cad>
          </ns3:TrackPointExtension>
        </extensions>
      </trkpt>
      <trkpt lat="30.274687595665454864501953125" lon="120.20664121024310588836669921875">
        <ele>7.400000095367431640625</ele>
        <time>2026-07-27T12:25:21.000Z</time>
        <extensions>
          <ns3:TrackPointExtension>
            <ns3:hr>152</ns3:hr>
            <ns3:cad>84</ns3:cad>
          </ns3:TrackPointExtension>
        </extensions>
      </trkpt>
      <trkpt lat="30.27469472028315067291259765625" lon="120.20666149444878101348876953125">
        <ele>7.400000095367431640625</ele>
        <time>2026-07-27T12:25:22.000Z</time>
        <extensions>
          <ns3:TrackPointExtension>
            <ns3:hr>152</ns3:hr>
            <ns3:cad>84</ns3:cad>
          </ns3:TrackPointExtension>
        </extensions>
      </trkpt>
      <trkpt lat="30.2747005037963390350341796875" lon="120.20668949000537395477294921875">
        <ele>7.599999904632568359375</ele>
        <time>2026-07-27T12:25:23.000Z</time>
        <extensions>
          <ns3:TrackPointExtension>
            <ns3:hr>152</ns3:hr>
            <ns3:cad>84</ns3:cad>
          </ns3:TrackPointExtension>
        </extensions>
      </trkpt>
      <trkpt lat="30.27471215464174747467041015625" lon="120.2067034877836704254150390625">
        <ele>7.599999904632568359375</ele>
        <time>2026-07-27T12:25:24.000Z</time>
        <extensions>
          <ns3:TrackPointExtension>
            <ns3:hr>152</ns3:hr>
            <ns3:cad>86</ns3:cad>
          </ns3:TrackPointExtension>
        </extensions>
      </trkpt>
      <trkpt lat="30.2747269906103610992431640625" lon="120.20673550665378570556640625">
        <ele>7.599999904632568359375</ele>
        <time>2026-07-27T12:25:25.000Z</time>
        <extensions>
          <ns3:TrackPointExtension>
            <ns3:hr>152</ns3:hr>
            <ns3:cad>86</ns3:cad>
          </ns3:TrackPointExtension>
        </extensions>
      </trkpt>
      <trkpt lat="30.27473914436995983123779296875" lon="120.2067470736801624298095703125">
        <ele>7.599999904632568359375</ele>
        <time>2026-07-27T12:25:26.000Z</time>
        <extensions>
          <ns3:TrackPointExtension>
            <ns3:hr>153</ns3:hr>
            <ns3:cad>86</ns3:cad>
          </ns3:TrackPointExtension>
        </extensions>
      </trkpt>
      <trkpt lat="30.27475900948047637939453125" lon="120.2067681960761547088623046875">
        <ele>7.599999904632568359375</ele>
        <time>2026-07-27T12:25:27.000Z</time>
        <extensions>
          <ns3:TrackPointExtension>
            <ns3:hr>152</ns3:hr>
            <ns3:cad>86</ns3:cad>
          </ns3:TrackPointExtension>
        </extensions>
      </trkpt>
      <trkpt lat="30.27477317489683628082275390625" lon="120.2067817747592926025390625">
        <ele>7.599999904632568359375</ele>
        <time>2026-07-27T12:25:28.000Z</time>
        <extensions>
          <ns3:TrackPointExtension>
            <ns3:hr>152</ns3:hr>
            <ns3:cad>86</ns3:cad>
          </ns3:TrackPointExtension>
        </extensions>
      </trkpt>
      <trkpt lat="30.27478742413222789764404296875" lon="120.20679426379501819610595703125">
        <ele>7.599999904632568359375</ele>
        <time>2026-07-27T12:25:29.000Z</time>
        <extensions>
          <ns3:TrackPointExtension>
            <ns3:hr>153</ns3:hr>
            <ns3:cad>86</ns3:cad>
          </ns3:TrackPointExtension>
        </extensions>
      </trkpt>
      <trkpt lat="30.27480452321469783782958984375" lon="120.206813625991344451904296875">
        <ele>7.599999904632568359375</ele>
        <time>2026-07-27T12:25:30.000Z</time>
        <extensions>
          <ns3:TrackPointExtension>
            <ns3:hr>153</ns3:hr>
            <ns3:cad>86</ns3:cad>
          </ns3:TrackPointExtension>
        </extensions>
      </trkpt>
      <trkpt lat="30.2748175151646137237548828125" lon="120.20681572146713733673095703125">
        <ele>7.599999904632568359375</ele>
        <time>2026-07-27T12:25:31.000Z</time>
        <extensions>
          <ns3:TrackPointExtension>
            <ns3:hr>153</ns3:hr>
            <ns3:cad>86</ns3:cad>
          </ns3:TrackPointExtension>
        </extensions>
      </trkpt>
      <trkpt lat="30.27483620680868625640869140625" lon="120.2068332396447658538818359375">
        <ele>7.599999904632568359375</ele>
        <time>2026-07-27T12:25:32.000Z</time>
        <extensions>
          <ns3:TrackPointExtension>
            <ns3:hr>152</ns3:hr>
            <ns3:cad>86</ns3:cad>
          </ns3:TrackPointExtension>
        </extensions>
      </trkpt>
      <trkpt lat="30.27485028840601444244384765625" lon="120.20683743059635162353515625">
        <ele>7.599999904632568359375</ele>
        <time>2026-07-27T12:25:33.000Z</time>
        <extensions>
          <ns3:TrackPointExtension>
            <ns3:hr>152</ns3:hr>
            <ns3:cad>86</ns3:cad>
          </ns3:TrackPointExtension>
        </extensions>
      </trkpt>
      <trkpt lat="30.27487610466778278350830078125" lon="120.2068443037569522857666015625">
        <ele>7.599999904632568359375</ele>
        <time>2026-07-27T12:25:34.000Z</time>
        <extensions>
          <ns3:TrackPointExtension>
            <ns3:hr>152</ns3:hr>
            <ns3:cad>86</ns3:cad>
          </ns3:TrackPointExtension>
        </extensions>
      </trkpt>
      <trkpt lat="30.2748959697782993316650390625" lon="120.206845141947269439697265625">
        <ele>7.599999904632568359375</ele>
        <time>2026-07-27T12:25:35.000Z</time>
        <extensions>
          <ns3:TrackPointExtension>
            <ns3:hr>152</ns3:hr>
            <ns3:cad>86</ns3:cad>
          </ns3:TrackPointExtension>
        </extensions>
      </trkpt>
      <trkpt lat="30.274919606745243072509765625" lon="120.20684371702373027801513671875">
        <ele>7.599999904632568359375</ele>
        <time>2026-07-27T12:25:36.000Z</time>
        <extensions>
          <ns3:TrackPointExtension>
            <ns3:hr>152</ns3:hr>
            <ns3:cad>86</ns3:cad>
          </ns3:TrackPointExtension>
        </extensions>
      </trkpt>
      <trkpt lat="30.27494114823639392852783203125" lon="120.2068449743092060089111328125">
        <ele>7.599999904632568359375</ele>
        <time>2026-07-27T12:25:37.000Z</time>
        <extensions>
          <ns3:TrackPointExtension>
            <ns3:hr>152</ns3:hr>
            <ns3:cad>86</ns3:cad>
          </ns3:TrackPointExtension>
        </extensions>
      </trkpt>
      <trkpt lat="30.274959839880466461181640625" lon="120.20684053190052509307861328125">
        <ele>7.599999904632568359375</ele>
        <time>2026-07-27T12:25:38.000Z</time>
        <extensions>
          <ns3:TrackPointExtension>
            <ns3:hr>152</ns3:hr>
            <ns3:cad>86</ns3:cad>
          </ns3:TrackPointExtension>
        </extensions>
      </trkpt>
      <trkpt lat="30.2749821357429027557373046875" lon="120.2068449743092060089111328125">
        <ele>7.599999904632568359375</ele>
        <time>2026-07-27T12:25:39.000Z</time>
        <extensions>
          <ns3:TrackPointExtension>
            <ns3:hr>152</ns3:hr>
            <ns3:cad>87</ns3:cad>
          </ns3:TrackPointExtension>
        </extensions>
      </trkpt>
      <trkpt lat="30.27499713934957981109619140625" lon="120.206840448081493377685546875">
        <ele>7.599999904632568359375</ele>
        <time>2026-07-27T12:25:40.000Z</time>
        <extensions>
          <ns3:TrackPointExtension>
            <ns3:hr>152</ns3:hr>
            <ns3:cad>87</ns3:cad>
          </ns3:TrackPointExtension>
        </extensions>
      </trkpt>
      <trkpt lat="30.275023877620697021484375" lon="120.2068434655666351318359375">
        <ele>7.599999904632568359375</ele>
        <time>2026-07-27T12:25:41.000Z</time>
        <extensions>
          <ns3:TrackPointExtension>
            <ns3:hr>151</ns3:hr>
            <ns3:cad>86</ns3:cad>
          </ns3:TrackPointExtension>
        </extensions>
      </trkpt>
      <trkpt lat="30.27504064142704010009765625" lon="120.2068379335105419158935546875">
        <ele>7.599999904632568359375</ele>
        <time>2026-07-27T12:25:42.000Z</time>
        <extensions>
          <ns3:TrackPointExtension>
            <ns3:hr>151</ns3:hr>
            <ns3:cad>86</ns3:cad>
          </ns3:TrackPointExtension>
        </extensions>
      </trkpt>
      <trkpt lat="30.27506637386977672576904296875" lon="120.20683466456830501556396484375">
        <ele>7.599999904632568359375</ele>
        <time>2026-07-27T12:25:43.000Z</time>
        <extensions>
          <ns3:TrackPointExtension>
            <ns3:hr>151</ns3:hr>
            <ns3:cad>86</ns3:cad>
          </ns3:TrackPointExtension>
        </extensions>
      </trkpt>
      <trkpt lat="30.27508783154189586639404296875" lon="120.2068288810551166534423828125">
        <ele>7.400000095367431640625</ele>
        <time>2026-07-27T12:25:44.000Z</time>
        <extensions>
          <ns3:TrackPointExtension>
            <ns3:hr>151</ns3:hr>
            <ns3:cad>86</ns3:cad>
          </ns3:TrackPointExtension>
        </extensions>
      </trkpt>
      <trkpt lat="30.27511037886142730712890625" lon="120.20682125352323055267333984375">
        <ele>7.400000095367431640625</ele>
        <time>2026-07-27T12:25:45.000Z</time>
        <extensions>
          <ns3:TrackPointExtension>
            <ns3:hr>151</ns3:hr>
            <ns3:cad>86</ns3:cad>
          </ns3:TrackPointExtension>
        </extensions>
      </trkpt>
      <trkpt lat="30.27513326145708560943603515625" lon="120.20682410337030887603759765625">
        <ele>7.599999904632568359375</ele>
        <time>2026-07-27T12:25:46.000Z</time>
        <extensions>
          <ns3:TrackPointExtension>
            <ns3:hr>152</ns3:hr>
            <ns3:cad>86</ns3:cad>
          </ns3:TrackPointExtension>
        </extensions>
      </trkpt>
      <trkpt lat="30.2751486003398895263671875" lon="120.20681806840002536773681640625">
        <ele>7.599999904632568359375</ele>
        <time>2026-07-27T12:25:47.000Z</time>
        <extensions>
          <ns3:TrackPointExtension>
            <ns3:hr>151</ns3:hr>
            <ns3:cad>86</ns3:cad>
          </ns3:TrackPointExtension>
        </extensions>
      </trkpt>
      <trkpt lat="30.27517165057361125946044921875" lon="120.2068174816668033599853515625">
        <ele>7.400000095367431640625</ele>
        <time>2026-07-27T12:25:48.000Z</time>
        <extensions>
          <ns3:TrackPointExtension>
            <ns3:hr>151</ns3:hr>
            <ns3:cad>87</ns3:cad>
          </ns3:TrackPointExtension>
        </extensions>
      </trkpt>
      <trkpt lat="30.27518942020833492279052734375" lon="120.20681060850620269775390625">
        <ele>7.400000095367431640625</ele>
        <time>2026-07-27T12:25:49.000Z</time>
        <extensions>
          <ns3:TrackPointExtension>
            <ns3:hr>151</ns3:hr>
            <ns3:cad>86</ns3:cad>
          </ns3:TrackPointExtension>
        </extensions>
      </trkpt>
      <trkpt lat="30.27521230280399322509765625" lon="120.20680616609752178192138671875">
        <ele>7.400000095367431640625</ele>
        <time>2026-07-27T12:25:50.000Z</time>
        <extensions>
          <ns3:TrackPointExtension>
            <ns3:hr>151</ns3:hr>
            <ns3:cad>85</ns3:cad>
          </ns3:TrackPointExtension>
        </extensions>
      </trkpt>
      <trkpt lat="30.275232084095478057861328125" lon="120.20680348388850688934326171875">
        <ele>7.400000095367431640625</ele>
        <time>2026-07-27T12:25:51.000Z</time>
        <extensions>
          <ns3:TrackPointExtension>
            <ns3:hr>151</ns3:hr>
            <ns3:cad>85</ns3:cad>
          </ns3:TrackPointExtension>
        </extensions>
      </trkpt>
      <trkpt lat="30.27525027282536029815673828125" lon="120.2067978680133819580078125">
        <ele>7.400000095367431640625</ele>
        <time>2026-07-27T12:25:52.000Z</time>
        <extensions>
          <ns3:TrackPointExtension>
            <ns3:hr>151</ns3:hr>
            <ns3:cad>85</ns3:cad>
          </ns3:TrackPointExtension>
        </extensions>
      </trkpt>
      <trkpt lat="30.27527424506843090057373046875" lon="120.20680264569818973541259765625">
        <ele>7.400000095367431640625</ele>
        <time>2026-07-27T12:25:53.000Z</time>
        <extensions>
          <ns3:TrackPointExtension>
            <ns3:hr>151</ns3:hr>
            <ns3:cad>85</ns3:cad>
          </ns3:TrackPointExtension>
        </extensions>
      </trkpt>
      <trkpt lat="30.275290422141551971435546875" lon="120.20679795183241367340087890625">
        <ele>7.599999904632568359375</ele>
        <time>2026-07-27T12:25:54.000Z</time>
        <extensions>
          <ns3:TrackPointExtension>
            <ns3:hr>152</ns3:hr>
            <ns3:cad>85</ns3:cad>
          </ns3:TrackPointExtension>
        </extensions>
      </trkpt>
      <trkpt lat="30.27531380765140056610107421875" lon="120.20679644308984279632568359375">
        <ele>7.599999904632568359375</ele>
        <time>2026-07-27T12:25:55.000Z</time>
        <extensions>
          <ns3:TrackPointExtension>
            <ns3:hr>151</ns3:hr>
            <ns3:cad>85</ns3:cad>
          </ns3:TrackPointExtension>
        </extensions>
      </trkpt>
      <trkpt lat="30.2753284759819507598876953125" lon="120.2067866362631320953369140625">
        <ele>7.400000095367431640625</ele>
        <time>2026-07-27T12:25:56.000Z</time>
        <extensions>
          <ns3:TrackPointExtension>
            <ns3:hr>151</ns3:hr>
            <ns3:cad>85</ns3:cad>
          </ns3:TrackPointExtension>
        </extensions>
      </trkpt>
      <trkpt lat="30.275350771844387054443359375" lon="120.20678537897765636444091796875">
        <ele>7.599999904632568359375</ele>
        <time>2026-07-27T12:25:57.000Z</time>
        <extensions>
          <ns3:TrackPointExtension>
            <ns3:hr>151</ns3:hr>
            <ns3:cad>86</ns3:cad>
          </ns3:TrackPointExtension>
        </extensions>
      </trkpt>
      <trkpt lat="30.27537013404071331024169921875" lon="120.2067899890244007110595703125">
        <ele>7.599999904632568359375</ele>
        <time>2026-07-27T12:25:58.000Z</time>
        <extensions>
          <ns3:TrackPointExtension>
            <ns3:hr>151</ns3:hr>
            <ns3:cad>86</ns3:cad>
          </ns3:TrackPointExtension>
        </extensions>
      </trkpt>
      <trkpt lat="30.275389663875102996826171875" lon="120.20678889937698841094970703125">
        <ele>7.599999904632568359375</ele>
        <time>2026-07-27T12:25:59.000Z</time>
        <extensions>
          <ns3:TrackPointExtension>
            <ns3:hr>152</ns3:hr>
            <ns3:cad>86</ns3:cad>
          </ns3:TrackPointExtension>
        </extensions>
      </trkpt>
      <trkpt lat="30.275409780442714691162109375" lon="120.20679459907114505767822265625">
        <ele>7.599999904632568359375</ele>
        <time>2026-07-27T12:26:00.000Z</time>
        <extensions>
          <ns3:TrackPointExtension>
            <ns3:hr>151</ns3:hr>
            <ns3:cad>87</ns3:cad>
          </ns3:TrackPointExtension>
        </extensions>
      </trkpt>
      <trkpt lat="30.2754250355064868927001953125" lon="120.20679183304309844970703125">
        <ele>7.80000019073486328125</ele>
        <time>2026-07-27T12:26:01.000Z</time>
        <extensions>
          <ns3:TrackPointExtension>
            <ns3:hr>152</ns3:hr>
            <ns3:cad>87</ns3:cad>
          </ns3:TrackPointExtension>
        </extensions>
      </trkpt>
      <trkpt lat="30.27544825337827205657958984375" lon="120.20679174922406673431396484375">
        <ele>7.599999904632568359375</ele>
        <time>2026-07-27T12:26:02.000Z</time>
        <extensions>
          <ns3:TrackPointExtension>
            <ns3:hr>152</ns3:hr>
            <ns3:cad>86</ns3:cad>
          </ns3:TrackPointExtension>
        </extensions>
      </trkpt>
      <trkpt lat="30.27546535246074199676513671875" lon="120.20678604952991008758544921875">
        <ele>7.599999904632568359375</ele>
        <time>2026-07-27T12:26:03.000Z</time>
        <extensions>
          <ns3:TrackPointExtension>
            <ns3:hr>152</ns3:hr>
            <ns3:cad>86</ns3:cad>
          </ns3:TrackPointExtension>
        </extensions>
      </trkpt>
      <trkpt lat="30.2754880674183368682861328125" lon="120.20678252913057804107666015625">
        <ele>7.599999904632568359375</ele>
        <time>2026-07-27T12:26:04.000Z</time>
        <extensions>
          <ns3:TrackPointExtension>
            <ns3:hr>152</ns3:hr>
            <ns3:cad>86</ns3:cad>
          </ns3:TrackPointExtension>
        </extensions>
      </trkpt>
      <trkpt lat="30.2755088545382022857666015625" lon="120.20678118802607059478759765625">
        <ele>7.400000095367431640625</ele>
        <time>2026-07-27T12:26:05.000Z</time>
        <extensions>
          <ns3:TrackPointExtension>
            <ns3:hr>152</ns3:hr>
            <ns3:cad>86</ns3:cad>
          </ns3:TrackPointExtension>
        </extensions>
      </trkpt>
      <trkpt lat="30.275527127087116241455078125" lon="120.2067775838077068328857421875">
        <ele>7.400000095367431640625</ele>
        <time>2026-07-27T12:26:06.000Z</time>
        <extensions>
          <ns3:TrackPointExtension>
            <ns3:hr>151</ns3:hr>
            <ns3:cad>86</ns3:cad>
          </ns3:TrackPointExtension>
        </extensions>
      </trkpt>
      <trkpt lat="30.2755517698824405670166015625" lon="120.2067836187779903411865234375">
        <ele>7.400000095367431640625</ele>
        <time>2026-07-27T12:26:07.000Z</time>
        <extensions>
          <ns3:TrackPointExtension>
            <ns3:hr>152</ns3:hr>
            <ns3:cad>86</ns3:cad>
          </ns3:TrackPointExtension>
        </extensions>
      </trkpt>
      <trkpt lat="30.27557037770748138427734375" lon="120.20678244531154632568359375">
        <ele>7.400000095367431640625</ele>
        <time>2026-07-27T12:26:08.000Z</time>
        <extensions>
          <ns3:TrackPointExtension>
            <ns3:hr>151</ns3:hr>
            <ns3:cad>86</ns3:cad>
          </ns3:TrackPointExtension>
        </extensions>
      </trkpt>
      <trkpt lat="30.275594182312488555908203125" lon="120.2067896537482738494873046875">
        <ele>7.400000095367431640625</ele>
        <time>2026-07-27T12:26:09.000Z</time>
        <extensions>
          <ns3:TrackPointExtension>
            <ns3:hr>151</ns3:hr>
            <ns3:cad>86</ns3:cad>
          </ns3:TrackPointExtension>
        </extensions>
      </trkpt>
      <trkpt lat="30.2756111137568950653076171875" lon="120.20678940229117870330810546875">
        <ele>7.400000095367431640625</ele>
        <time>2026-07-27T12:26:10.000Z</time>
        <extensions>
          <ns3:TrackPointExtension>
            <ns3:hr>151</ns3:hr>
            <ns3:cad>86</ns3:cad>
          </ns3:TrackPointExtension>
        </extensions>
      </trkpt>
      <trkpt lat="30.27563533745706081390380859375" lon="120.206789486110210418701171875">
        <ele>7.599999904632568359375</ele>
        <time>2026-07-27T12:26:11.000Z</time>
        <extensions>
          <ns3:TrackPointExtension>
            <ns3:hr>151</ns3:hr>
            <ns3:cad>86</ns3:cad>
          </ns3:TrackPointExtension>
        </extensions>
      </trkpt>
      <trkpt lat="30.2756546996533870697021484375" lon="120.2067859657108783721923828125">
        <ele>7.400000095367431640625</ele>
        <time>2026-07-27T12:26:12.000Z</time>
        <extensions>
          <ns3:TrackPointExtension>
            <ns3:hr>152</ns3:hr>
            <ns3:cad>86</ns3:cad>
          </ns3:TrackPointExtension>
        </extensions>
      </trkpt>
      <trkpt lat="30.27567473240196704864501953125" lon="120.20677976310253143310546875">
        <ele>7.400000095367431640625</ele>
        <time>2026-07-27T12:26:13.000Z</time>
        <extensions>
          <ns3:TrackPointExtension>
            <ns3:hr>152</ns3:hr>
            <ns3:cad>87</ns3:cad>
          </ns3:TrackPointExtension>
        </extensions>
      </trkpt>
      <trkpt lat="30.27569568715989589691162109375" lon="120.20677347667515277862548828125">
        <ele>7.400000095367431640625</ele>
        <time>2026-07-27T12:26:14.000Z</time>
        <extensions>
          <ns3:TrackPointExtension>
            <ns3:hr>151</ns3:hr>
            <ns3:cad>87</ns3:cad>
          </ns3:TrackPointExtension>
        </extensions>
      </trkpt>
      <trkpt lat="30.27571412734687328338623046875" lon="120.20676140673458576202392578125">
        <ele>7.400000095367431640625</ele>
        <time>2026-07-27T12:26:15.000Z</time>
        <extensions>
          <ns3:TrackPointExtension>
            <ns3:hr>151</ns3:hr>
            <ns3:cad>86</ns3:cad>
          </ns3:TrackPointExtension>
        </extensions>
      </trkpt>
      <trkpt lat="30.2757355011999607086181640625" lon="120.206750929355621337890625">
        <ele>7.400000095367431640625</ele>
        <time>2026-07-27T12:26:16.000Z</time>
        <extensions>
          <ns3:TrackPointExtension>
            <ns3:hr>151</ns3:hr>
            <ns3:cad>86</ns3:cad>
          </ns3:TrackPointExtension>
        </extensions>
      </trkpt>
      <trkpt lat="30.2757475711405277252197265625" lon="120.20673709921538829803466796875">
        <ele>7.400000095367431640625</ele>
        <time>2026-07-27T12:26:17.000Z</time>
        <extensions>
          <ns3:TrackPointExtension>
            <ns3:hr>152</ns3:hr>
            <ns3:cad>86</ns3:cad>
          </ns3:TrackPointExtension>
        </extensions>
      </trkpt>
      <trkpt lat="30.27576886117458343505859375" lon="120.206721760332584381103515625">
        <ele>7.400000095367431640625</ele>
        <time>2026-07-27T12:26:18.000Z</time>
        <extensions>
          <ns3:TrackPointExtension>
            <ns3:hr>151</ns3:hr>
            <ns3:cad>86</ns3:cad>
          </ns3:TrackPointExtension>
        </extensions>
      </trkpt>
      <trkpt lat="30.27578537352383136749267578125" lon="120.2067065052688121795654296875">
        <ele>7.400000095367431640625</ele>
        <time>2026-07-27T12:26:19.000Z</time>
        <extensions>
          <ns3:TrackPointExtension>
            <ns3:hr>151</ns3:hr>
            <ns3:cad>86</ns3:cad>
          </ns3:TrackPointExtension>
        </extensions>
      </trkpt>
      <trkpt lat="30.2758012153208255767822265625" lon="120.20668856799602508544921875">
        <ele>7.400000095367431640625</ele>
        <time>2026-07-27T12:26:20.000Z</time>
        <extensions>
          <ns3:TrackPointExtension>
            <ns3:hr>151</ns3:hr>
            <ns3:cad>85</ns3:cad>
          </ns3:TrackPointExtension>
        </extensions>
      </trkpt>
      <trkpt lat="30.27581605128943920135498046875" lon="120.2066692896187305450439453125">
        <ele>7.599999904632568359375</ele>
        <time>2026-07-27T12:26:21.000Z</time>
        <extensions>
          <ns3:TrackPointExtension>
            <ns3:hr>152</ns3:hr>
            <ns3:cad>85</ns3:cad>
          </ns3:TrackPointExtension>
        </extensions>
      </trkpt>
      <trkpt lat="30.27582409791648387908935546875" lon="120.20664791576564311981201171875">
        <ele>7.599999904632568359375</ele>
        <time>2026-07-27T12:26:22.000Z</time>
        <extensions>
          <ns3:TrackPointExtension>
            <ns3:hr>151</ns3:hr>
            <ns3:cad>85</ns3:cad>
          </ns3:TrackPointExtension>
        </extensions>
      </trkpt>
      <trkpt lat="30.27583901770412921905517578125" lon="120.20662394352257251739501953125">
        <ele>7.599999904632568359375</ele>
        <time>2026-07-27T12:26:23.000Z</time>
        <extensions>
          <ns3:TrackPointExtension>
            <ns3:hr>151</ns3:hr>
            <ns3:cad>85</ns3:cad>
          </ns3:TrackPointExtension>
        </extensions>
      </trkpt>
      <trkpt lat="30.275842286646366119384765625" lon="120.20660676062107086181640625">
        <ele>7.599999904632568359375</ele>
        <time>2026-07-27T12:26:24.000Z</time>
        <extensions>
          <ns3:TrackPointExtension>
            <ns3:hr>151</ns3:hr>
            <ns3:cad>86</ns3:cad>
          </ns3:TrackPointExtension>
        </extensions>
      </trkpt>
      <trkpt lat="30.2758535183966159820556640625" lon="120.20657801069319248199462890625">
        <ele>7.599999904632568359375</ele>
        <time>2026-07-27T12:26:25.000Z</time>
        <extensions>
          <ns3:TrackPointExtension>
            <ns3:hr>152</ns3:hr>
            <ns3:cad>86</ns3:cad>
          </ns3:TrackPointExtension>
        </extensions>
      </trkpt>
      <trkpt lat="30.27584991417825222015380859375" lon="120.20656325854361057281494140625">
        <ele>7.599999904632568359375</ele>
        <time>2026-07-27T12:26:26.000Z</time>
        <extensions>
          <ns3:TrackPointExtension>
            <ns3:hr>151</ns3:hr>
            <ns3:cad>86</ns3:cad>
          </ns3:TrackPointExtension>
        </extensions>
      </trkpt>
      <trkpt lat="30.27585494332015514373779296875" lon="120.20653794519603252410888671875">
        <ele>7.599999904632568359375</ele>
        <time>2026-07-27T12:26:27.000Z</time>
        <extensions>
          <ns3:TrackPointExtension>
            <ns3:hr>151</ns3:hr>
            <ns3:cad>86</ns3:cad>
          </ns3:TrackPointExtension>
        </extensions>
      </trkpt>
      <trkpt lat="30.27586030773818492889404296875" lon="120.20651732571423053741455078125">
        <ele>7.599999904632568359375</ele>
        <time>2026-07-27T12:26:28.000Z</time>
        <extensions>
          <ns3:TrackPointExtension>
            <ns3:hr>151</ns3:hr>
            <ns3:cad>86</ns3:cad>
          </ns3:TrackPointExtension>
        </extensions>
      </trkpt>
      <trkpt lat="30.27585863135755062103271484375" lon="120.2064947783946990966796875">
        <ele>7.599999904632568359375</ele>
        <time>2026-07-27T12:26:29.000Z</time>
        <extensions>
          <ns3:TrackPointExtension>
            <ns3:hr>151</ns3:hr>
            <ns3:cad>86</ns3:cad>
          </ns3:TrackPointExtension>
        </extensions>
      </trkpt>
      <trkpt lat="30.27585980482399463653564453125" lon="120.2064674533903598785400390625">
        <ele>7.599999904632568359375</ele>
        <time>2026-07-27T12:26:30.000Z</time>
        <extensions>
          <ns3:TrackPointExtension>
            <ns3:hr>151</ns3:hr>
            <ns3:cad>86</ns3:cad>
          </ns3:TrackPointExtension>
        </extensions>
      </trkpt>
      <trkpt lat="30.27585444040596485137939453125" lon="120.20645119249820709228515625">
        <ele>7.599999904632568359375</ele>
        <time>2026-07-27T12:26:31.000Z</time>
        <extensions>
          <ns3:TrackPointExtension>
            <ns3:hr>151</ns3:hr>
            <ns3:cad>86</ns3:cad>
          </ns3:TrackPointExtension>
        </extensions>
      </trkpt>
      <trkpt lat="30.27585494332015514373779296875" lon="120.20642244257032871246337890625">
        <ele>7.599999904632568359375</ele>
        <time>2026-07-27T12:26:32.000Z</time>
        <extensions>
          <ns3:TrackPointExtension>
            <ns3:hr>151</ns3:hr>
            <ns3:cad>86</ns3:cad>
          </ns3:TrackPointExtension>
        </extensions>
      </trkpt>
      <trkpt lat="30.275846309959888458251953125" lon="120.20640517584979534149169921875">
        <ele>7.599999904632568359375</ele>
        <time>2026-07-27T12:26:33.000Z</time>
        <extensions>
          <ns3:TrackPointExtension>
            <ns3:hr>151</ns3:hr>
            <ns3:cad>86</ns3:cad>
          </ns3:TrackPointExtension>
        </extensions>
      </trkpt>
      <trkpt lat="30.27583667077124118804931640625" lon="120.20638279616832733154296875">
        <ele>7.599999904632568359375</ele>
        <time>2026-07-27T12:26:34.000Z</time>
        <extensions>
          <ns3:TrackPointExtension>
            <ns3:hr>151</ns3:hr>
            <ns3:cad>86</ns3:cad>
          </ns3:TrackPointExtension>
        </extensions>
      </trkpt>
      <trkpt lat="30.2758253552019596099853515625" lon="120.20636611618101596832275390625">
        <ele>7.599999904632568359375</ele>
        <time>2026-07-27T12:26:35.000Z</time>
        <extensions>
          <ns3:TrackPointExtension>
            <ns3:hr>151</ns3:hr>
            <ns3:cad>86</ns3:cad>
          </ns3:TrackPointExtension>
        </extensions>
      </trkpt>
      <trkpt lat="30.275813452899456024169921875" lon="120.2063454128801822662353515625">
        <ele>7.599999904632568359375</ele>
        <time>2026-07-27T12:26:36.000Z</time>
        <extensions>
          <ns3:TrackPointExtension>
            <ns3:hr>151</ns3:hr>
            <ns3:cad>86</ns3:cad>
          </ns3:TrackPointExtension>
        </extensions>
      </trkpt>
      <trkpt lat="30.27580297552049160003662109375" lon="120.2063226141035556793212890625">
        <ele>7.599999904632568359375</ele>
        <time>2026-07-27T12:26:37.000Z</time>
        <extensions>
          <ns3:TrackPointExtension>
            <ns3:hr>151</ns3:hr>
            <ns3:cad>86</ns3:cad>
          </ns3:TrackPointExtension>
        </extensions>
      </trkpt>
      <trkpt lat="30.2757881395518779754638671875" lon="120.20630928687751293182373046875">
        <ele>7.599999904632568359375</ele>
        <time>2026-07-27T12:26:38.000Z</time>
        <extensions>
          <ns3:TrackPointExtension>
            <ns3:hr>151</ns3:hr>
            <ns3:cad>86</ns3:cad>
          </ns3:TrackPointExtension>
        </extensions>
      </trkpt>
      <trkpt lat="30.27576961554586887359619140625" lon="120.20628866739571094512939453125">
        <ele>7.599999904632568359375</ele>
        <time>2026-07-27T12:26:39.000Z</time>
        <extensions>
          <ns3:TrackPointExtension>
            <ns3:hr>150</ns3:hr>
            <ns3:cad>86</ns3:cad>
          </ns3:TrackPointExtension>
        </extensions>
      </trkpt>
      <trkpt lat="30.27575218118727207183837890625" lon="120.2062750048935413360595703125">
        <ele>7.599999904632568359375</ele>
        <time>2026-07-27T12:26:40.000Z</time>
        <extensions>
          <ns3:TrackPointExtension>
            <ns3:hr>150</ns3:hr>
            <ns3:cad>86</ns3:cad>
          </ns3:TrackPointExtension>
        </extensions>
      </trkpt>
      <trkpt lat="30.2757281251251697540283203125" lon="120.2062535472214221954345703125">
        <ele>7.599999904632568359375</ele>
        <time>2026-07-27T12:26:41.000Z</time>
        <extensions>
          <ns3:TrackPointExtension>
            <ns3:hr>150</ns3:hr>
            <ns3:cad>86</ns3:cad>
          </ns3:TrackPointExtension>
        </extensions>
      </trkpt>
      <trkpt lat="30.27570985257625579833984375" lon="120.20623921416699886322021484375">
        <ele>7.80000019073486328125</ele>
        <time>2026-07-27T12:26:42.000Z</time>
        <extensions>
          <ns3:TrackPointExtension>
            <ns3:hr>150</ns3:hr>
            <ns3:cad>85</ns3:cad>
          </ns3:TrackPointExtension>
        </extensions>
      </trkpt>
      <trkpt lat="30.2756904065608978271484375" lon="120.2062277309596538543701171875">
        <ele>7.80000019073486328125</ele>
        <time>2026-07-27T12:26:43.000Z</time>
        <extensions>
          <ns3:TrackPointExtension>
            <ns3:hr>151</ns3:hr>
            <ns3:cad>85</ns3:cad>
          </ns3:TrackPointExtension>
        </extensions>
      </trkpt>
      <trkpt lat="30.27567096054553985595703125" lon="120.20621725358068943023681640625">
        <ele>7.80000019073486328125</ele>
        <time>2026-07-27T12:26:44.000Z</time>
        <extensions>
          <ns3:TrackPointExtension>
            <ns3:hr>150</ns3:hr>
            <ns3:cad>86</ns3:cad>
          </ns3:TrackPointExtension>
        </extensions>
      </trkpt>
      <trkpt lat="30.275656878948211669921875" lon="120.20621641539037227630615234375">
        <ele>7.80000019073486328125</ele>
        <time>2026-07-27T12:26:45.000Z</time>
        <extensions>
          <ns3:TrackPointExtension>
            <ns3:hr>150</ns3:hr>
            <ns3:cad>86</ns3:cad>
          </ns3:TrackPointExtension>
        </extensions>
      </trkpt>
      <trkpt lat="30.275634415447711944580078125" lon="120.206208787858486175537109375">
        <ele>7.80000019073486328125</ele>
        <time>2026-07-27T12:26:46.000Z</time>
        <extensions>
          <ns3:TrackPointExtension>
            <ns3:hr>150</ns3:hr>
            <ns3:cad>86</ns3:cad>
          </ns3:TrackPointExtension>
        </extensions>
      </trkpt>
      <trkpt lat="30.27562125585973262786865234375" lon="120.20620417781174182891845703125">
        <ele>7.80000019073486328125</ele>
        <time>2026-07-27T12:26:47.000Z</time>
        <extensions>
          <ns3:TrackPointExtension>
            <ns3:hr>150</ns3:hr>
            <ns3:cad>85</ns3:cad>
          </ns3:TrackPointExtension>
        </extensions>
      </trkpt>
      <trkpt lat="30.27560097165405750274658203125" lon="120.20620082505047321319580078125">
        <ele>7.599999904632568359375</ele>
        <time>2026-07-27T12:26:48.000Z</time>
        <extensions>
          <ns3:TrackPointExtension>
            <ns3:hr>150</ns3:hr>
            <ns3:cad>85</ns3:cad>
          </ns3:TrackPointExtension>
        </extensions>
      </trkpt>
      <trkpt lat="30.27558269910514354705810546875" lon="120.20619906485080718994140625">
        <ele>7.80000019073486328125</ele>
        <time>2026-07-27T12:26:49.000Z</time>
        <extensions>
          <ns3:TrackPointExtension>
            <ns3:hr>150</ns3:hr>
            <ns3:cad>85</ns3:cad>
          </ns3:TrackPointExtension>
        </extensions>
      </trkpt>
      <trkpt lat="30.27557247318327426910400390625" lon="120.2062039263546466827392578125">
        <ele>7.599999904632568359375</ele>
        <time>2026-07-27T12:26:50.000Z</time>
        <extensions>
          <ns3:TrackPointExtension>
            <ns3:hr>150</ns3:hr>
            <ns3:cad>85</ns3:cad>
          </ns3:TrackPointExtension>
        </extensions>
      </trkpt>
      <trkpt lat="30.275548584759235382080078125" lon="120.20620451308786869049072265625">
        <ele>7.599999904632568359375</ele>
        <time>2026-07-27T12:26:51.000Z</time>
        <extensions>
          <ns3:TrackPointExtension>
            <ns3:hr>150</ns3:hr>
            <ns3:cad>85</ns3:cad>
          </ns3:TrackPointExtension>
        </extensions>
      </trkpt>
      <trkpt lat="30.27553257532417774200439453125" lon="120.206208787858486175537109375">
        <ele>7.599999904632568359375</ele>
        <time>2026-07-27T12:26:52.000Z</time>
        <extensions>
          <ns3:TrackPointExtension>
            <ns3:hr>150</ns3:hr>
            <ns3:cad>84</ns3:cad>
          </ns3:TrackPointExtension>
        </extensions>
      </trkpt>
      <trkpt lat="30.27550734579563140869140625" lon="120.2062035910785198211669921875">
        <ele>7.599999904632568359375</ele>
        <time>2026-07-27T12:26:53.000Z</time>
        <extensions>
          <ns3:TrackPointExtension>
            <ns3:hr>150</ns3:hr>
            <ns3:cad>84</ns3:cad>
          </ns3:TrackPointExtension>
        </extensions>
      </trkpt>
      <trkpt lat="30.27548798359930515289306640625" lon="120.20620350725948810577392578125">
        <ele>7.599999904632568359375</ele>
        <time>2026-07-27T12:26:54.000Z</time>
        <extensions>
          <ns3:TrackPointExtension>
            <ns3:hr>150</ns3:hr>
            <ns3:cad>85</ns3:cad>
          </ns3:TrackPointExtension>
        </extensions>
      </trkpt>
      <trkpt lat="30.2754645980894565582275390625" lon="120.20620417781174182891845703125">
        <ele>7.599999904632568359375</ele>
        <time>2026-07-27T12:26:55.000Z</time>
        <extensions>
          <ns3:TrackPointExtension>
            <ns3:hr>150</ns3:hr>
            <ns3:cad>86</ns3:cad>
          </ns3:TrackPointExtension>
        </extensions>
      </trkpt>
      <trkpt lat="30.27544355951249599456787109375" lon="120.20620535127818584442138671875">
        <ele>7.599999904632568359375</ele>
        <time>2026-07-27T12:26:56.000Z</time>
        <extensions>
          <ns3:TrackPointExtension>
            <ns3:hr>150</ns3:hr>
            <ns3:cad>86</ns3:cad>
          </ns3:TrackPointExtension>
        </extensions>
      </trkpt>
      <trkpt lat="30.2754273824393749237060546875" lon="120.2062102966010570526123046875">
        <ele>7.599999904632568359375</ele>
        <time>2026-07-27T12:26:57.000Z</time>
        <extensions>
          <ns3:TrackPointExtension>
            <ns3:hr>150</ns3:hr>
            <ns3:cad>86</ns3:cad>
          </ns3:TrackPointExtension>
        </extensions>
      </trkpt>
      <trkpt lat="30.27540315873920917510986328125" lon="120.20620652474462985992431640625">
        <ele>7.599999904632568359375</ele>
        <time>2026-07-27T12:26:58.000Z</time>
        <extensions>
          <ns3:TrackPointExtension>
            <ns3:hr>150</ns3:hr>
            <ns3:cad>85</ns3:cad>
          </ns3:TrackPointExtension>
        </extensions>
      </trkpt>
      <trkpt lat="30.27538530528545379638671875" lon="120.20621289499104022979736328125">
        <ele>7.599999904632568359375</ele>
        <time>2026-07-27T12:26:59.000Z</time>
        <extensions>
          <ns3:TrackPointExtension>
            <ns3:hr>149</ns3:hr>
            <ns3:cad>85</ns3:cad>
          </ns3:TrackPointExtension>
        </extensions>
      </trkpt>
      <trkpt lat="30.27535873465240001678466796875" lon="120.20621021278202533721923828125">
        <ele>7.599999904632568359375</ele>
        <time>2026-07-27T12:27:00.000Z</time>
        <extensions>
          <ns3:TrackPointExtension>
            <ns3:hr>150</ns3:hr>
            <ns3:cad>86</ns3:cad>
          </ns3:TrackPointExtension>
        </extensions>
      </trkpt>
      <trkpt lat="30.275340378284454345703125" lon="120.206212811172008514404296875">
        <ele>7.599999904632568359375</ele>
        <time>2026-07-27T12:27:01.000Z</time>
        <extensions>
          <ns3:TrackPointExtension>
            <ns3:hr>150</ns3:hr>
            <ns3:cad>86</ns3:cad>
          </ns3:TrackPointExtension>
        </extensions>
      </trkpt>
      <trkpt lat="30.275316573679447174072265625" lon="120.20621591247618198394775390625">
        <ele>7.599999904632568359375</ele>
        <time>2026-07-27T12:27:02.000Z</time>
        <extensions>
          <ns3:TrackPointExtension>
            <ns3:hr>150</ns3:hr>
            <ns3:cad>85</ns3:cad>
          </ns3:TrackPointExtension>
        </extensions>
      </trkpt>
      <trkpt lat="30.27529302053153514862060546875" lon="120.206214152276515960693359375">
        <ele>7.599999904632568359375</ele>
        <time>2026-07-27T12:27:03.000Z</time>
        <extensions>
          <ns3:TrackPointExtension>
            <ns3:hr>149</ns3:hr>
            <ns3:cad>85</ns3:cad>
          </ns3:TrackPointExtension>
        </extensions>
      </trkpt>
      <trkpt lat="30.27527533471584320068359375" lon="120.20621658302843570709228515625">
        <ele>7.80000019073486328125</ele>
        <time>2026-07-27T12:27:04.000Z</time>
        <extensions>
          <ns3:TrackPointExtension>
            <ns3:hr>150</ns3:hr>
            <ns3:cad>86</ns3:cad>
          </ns3:TrackPointExtension>
        </extensions>
      </trkpt>
      <trkpt lat="30.27524717152118682861328125" lon="120.20621188916265964508056640625">
        <ele>7.599999904632568359375</ele>
        <time>2026-07-27T12:27:05.000Z</time>
        <extensions>
          <ns3:TrackPointExtension>
            <ns3:hr>150</ns3:hr>
            <ns3:cad>86</ns3:cad>
          </ns3:TrackPointExtension>
        </extensions>
      </trkpt>
      <trkpt lat="30.275233089923858642578125" lon="120.20622144453227519989013671875">
        <ele>7.80000019073486328125</ele>
        <time>2026-07-27T12:27:06.000Z</time>
        <extensions>
          <ns3:TrackPointExtension>
            <ns3:hr>149</ns3:hr>
            <ns3:cad>86</ns3:cad>
          </ns3:TrackPointExtension>
        </extensions>
      </trkpt>
      <trkpt lat="30.2752081118524074554443359375" lon="120.20622697658836841583251953125">
        <ele>7.80000019073486328125</ele>
        <time>2026-07-27T12:27:07.000Z</time>
        <extensions>
          <ns3:TrackPointExtension>
            <ns3:hr>150</ns3:hr>
            <ns3:cad>86</ns3:cad>
          </ns3:TrackPointExtension>
        </extensions>
      </trkpt>
      <trkpt lat="30.27519009076058864593505859375" lon="120.2062319219112396240234375">
        <ele>7.80000019073486328125</ele>
        <time>2026-07-27T12:27:08.000Z</time>
        <extensions>
          <ns3:TrackPointExtension>
            <ns3:hr>150</ns3:hr>
            <ns3:cad>85</ns3:cad>
          </ns3:TrackPointExtension>
        </extensions>
      </trkpt>
      <trkpt lat="30.2751688845455646514892578125" lon="120.20623569376766681671142578125">
        <ele>7.80000019073486328125</ele>
        <time>2026-07-27T12:27:09.000Z</time>
        <extensions>
          <ns3:TrackPointExtension>
            <ns3:hr>149</ns3:hr>
            <ns3:cad>85</ns3:cad>
          </ns3:TrackPointExtension>
        </extensions>
      </trkpt>
      <trkpt lat="30.27514566667377948760986328125" lon="120.206235609948635101318359375">
        <ele>7.80000019073486328125</ele>
        <time>2026-07-27T12:27:10.000Z</time>
        <extensions>
          <ns3:TrackPointExtension>
            <ns3:hr>150</ns3:hr>
            <ns3:cad>86</ns3:cad>
          </ns3:TrackPointExtension>
        </extensions>
      </trkpt>
      <trkpt lat="30.27512655593454837799072265625" lon="120.2062414772808551788330078125">
        <ele>7.80000019073486328125</ele>
        <time>2026-07-27T12:27:11.000Z</time>
        <extensions>
          <ns3:TrackPointExtension>
            <ns3:hr>150</ns3:hr>
            <ns3:cad>86</ns3:cad>
          </ns3:TrackPointExtension>
        </extensions>
      </trkpt>
      <trkpt lat="30.275098644196987152099609375" lon="120.206240303814411163330078125">
        <ele>7.80000019073486328125</ele>
        <time>2026-07-27T12:27:12.000Z</time>
        <extensions>
          <ns3:TrackPointExtension>
            <ns3:hr>150</ns3:hr>
            <ns3:cad>85</ns3:cad>
          </ns3:TrackPointExtension>
        </extensions>
      </trkpt>
      <trkpt lat="30.2750770188868045806884765625" lon="120.206244997680187225341796875">
        <ele>7.80000019073486328125</ele>
        <time>2026-07-27T12:27:13.000Z</time>
        <extensions>
          <ns3:TrackPointExtension>
            <ns3:hr>150</ns3:hr>
            <ns3:cad>85</ns3:cad>
          </ns3:TrackPointExtension>
        </extensions>
      </trkpt>
      <trkpt lat="30.2750574052333831787109375" lon="120.20624935626983642578125">
        <ele>8</ele>
        <time>2026-07-27T12:27:14.000Z</time>
        <extensions>
          <ns3:TrackPointExtension>
            <ns3:hr>150</ns3:hr>
            <ns3:cad>85</ns3:cad>
          </ns3:TrackPointExtension>
        </extensions>
      </trkpt>
      <trkpt lat="30.27503653429448604583740234375" lon="120.2062475122511386871337890625">
        <ele>8</ele>
        <time>2026-07-27T12:27:15.000Z</time>
        <extensions>
          <ns3:TrackPointExtension>
            <ns3:hr>150</ns3:hr>
            <ns3:cad>85</ns3:cad>
          </ns3:TrackPointExtension>
        </extensions>
      </trkpt>
      <trkpt lat="30.275024212896823883056640625" lon="120.20624994300305843353271484375">
        <ele>8.19999980926513671875</ele>
        <time>2026-07-27T12:27:16.000Z</time>
        <extensions>
          <ns3:TrackPointExtension>
            <ns3:hr>150</ns3:hr>
            <ns3:cad>85</ns3:cad>
          </ns3:TrackPointExtension>
        </extensions>
      </trkpt>
      <trkpt lat="30.27499906718730926513671875" lon="120.20624910481274127960205078125">
        <ele>8.19999980926513671875</ele>
        <time>2026-07-27T12:27:17.000Z</time>
        <extensions>
          <ns3:TrackPointExtension>
            <ns3:hr>151</ns3:hr>
            <ns3:cad>84</ns3:cad>
          </ns3:TrackPointExtension>
        </extensions>
      </trkpt>
      <trkpt lat="30.27497953735291957855224609375" lon="120.206251032650470733642578125">
        <ele>8.19999980926513671875</ele>
        <time>2026-07-27T12:27:18.000Z</time>
        <extensions>
          <ns3:TrackPointExtension>
            <ns3:hr>151</ns3:hr>
            <ns3:cad>83</ns3:cad>
          </ns3:TrackPointExtension>
        </extensions>
      </trkpt>
      <trkpt lat="30.27495422400534152984619140625" lon="120.20625513978302478790283203125">
        <ele>8.19999980926513671875</ele>
        <time>2026-07-27T12:27:19.000Z</time>
        <extensions>
          <ns3:TrackPointExtension>
            <ns3:hr>151</ns3:hr>
            <ns3:cad>83</ns3:cad>
          </ns3:TrackPointExtension>
        </extensions>
      </trkpt>
      <trkpt lat="30.2749331854283809661865234375" lon="120.206257067620754241943359375">
        <ele>8.19999980926513671875</ele>
        <time>2026-07-27T12:27:20.000Z</time>
        <extensions>
          <ns3:TrackPointExtension>
            <ns3:hr>151</ns3:hr>
            <ns3:cad>84</ns3:cad>
          </ns3:TrackPointExtension>
        </extensions>
      </trkpt>
      <trkpt lat="30.274918265640735626220703125" lon="120.20626570098102092742919921875">
        <ele>8.19999980926513671875</ele>
        <time>2026-07-27T12:27:21.000Z</time>
        <extensions>
          <ns3:TrackPointExtension>
            <ns3:hr>150</ns3:hr>
            <ns3:cad>84</ns3:cad>
          </ns3:TrackPointExtension>
        </extensions>
      </trkpt>
      <trkpt lat="30.2748949639499187469482421875" lon="120.2062706463038921356201171875">
        <ele>8</ele>
        <time>2026-07-27T12:27:22.000Z</time>
        <extensions>
          <ns3:TrackPointExtension>
            <ns3:hr>150</ns3:hr>
            <ns3:cad>84</ns3:cad>
          </ns3:TrackPointExtension>
        </extensions>
      </trkpt>
      <trkpt lat="30.274878032505512237548828125" lon="120.20628087222576141357421875">
        <ele>8</ele>
        <time>2026-07-27T12:27:23.000Z</time>
        <extensions>
          <ns3:TrackPointExtension>
            <ns3:hr>150</ns3:hr>
            <ns3:cad>84</ns3:cad>
          </ns3:TrackPointExtension>
        </extensions>
      </trkpt>
      <trkpt lat="30.27485632337629795074462890625" lon="120.2062917686998844146728515625">
        <ele>7.80000019073486328125</ele>
        <time>2026-07-27T12:27:24.000Z</time>
        <extensions>
          <ns3:TrackPointExtension>
            <ns3:hr>150</ns3:hr>
            <ns3:cad>83</ns3:cad>
          </ns3:TrackPointExtension>
        </extensions>
      </trkpt>
      <trkpt lat="30.2748347818851470947265625" lon="120.2062984742224216461181640625">
        <ele>7.80000019073486328125</ele>
        <time>2026-07-27T12:27:25.000Z</time>
        <extensions>
          <ns3:TrackPointExtension>
            <ns3:hr>150</ns3:hr>
            <ns3:cad>83</ns3:cad>
          </ns3:TrackPointExtension>
        </extensions>
      </trkpt>
      <trkpt lat="30.2748213708400726318359375" lon="120.20631113089621067047119140625">
        <ele>7.80000019073486328125</ele>
        <time>2026-07-27T12:27:26.000Z</time>
        <extensions>
          <ns3:TrackPointExtension>
            <ns3:hr>151</ns3:hr>
            <ns3:cad>84</ns3:cad>
          </ns3:TrackPointExtension>
        </extensions>
      </trkpt>
      <trkpt lat="30.27479798533022403717041015625" lon="120.20631439983844757080078125">
        <ele>7.80000019073486328125</ele>
        <time>2026-07-27T12:27:27.000Z</time>
        <extensions>
          <ns3:TrackPointExtension>
            <ns3:hr>151</ns3:hr>
            <ns3:cad>84</ns3:cad>
          </ns3:TrackPointExtension>
        </extensions>
      </trkpt>
      <trkpt lat="30.2747833169996738433837890625" lon="120.20632420666515827178955078125">
        <ele>7.80000019073486328125</ele>
        <time>2026-07-27T12:27:28.000Z</time>
        <extensions>
          <ns3:TrackPointExtension>
            <ns3:hr>151</ns3:hr>
            <ns3:cad>84</ns3:cad>
          </ns3:TrackPointExtension>
        </extensions>
      </trkpt>
      <trkpt lat="30.27476211078464984893798828125" lon="120.20633510313928127288818359375">
        <ele>7.80000019073486328125</ele>
        <time>2026-07-27T12:27:29.000Z</time>
        <extensions>
          <ns3:TrackPointExtension>
            <ns3:hr>151</ns3:hr>
            <ns3:cad>84</ns3:cad>
          </ns3:TrackPointExtension>
        </extensions>
      </trkpt>
      <trkpt lat="30.27474517934024333953857421875" lon="120.20635102875530719757080078125">
        <ele>7.80000019073486328125</ele>
        <time>2026-07-27T12:27:30.000Z</time>
        <extensions>
          <ns3:TrackPointExtension>
            <ns3:hr>151</ns3:hr>
            <ns3:cad>84</ns3:cad>
          </ns3:TrackPointExtension>
        </extensions>
      </trkpt>
      <trkpt lat="30.27473277412354946136474609375" lon="120.2063682116568088531494140625">
        <ele>7.80000019073486328125</ele>
        <time>2026-07-27T12:27:31.000Z</time>
        <extensions>
          <ns3:TrackPointExtension>
            <ns3:hr>151</ns3:hr>
            <ns3:cad>84</ns3:cad>
          </ns3:TrackPointExtension>
        </extensions>
      </trkpt>
      <trkpt lat="30.27471450157463550567626953125" lon="120.20639042370021343231201171875">
        <ele>7.599999904632568359375</ele>
        <time>2026-07-27T12:27:32.000Z</time>
        <extensions>
          <ns3:TrackPointExtension>
            <ns3:hr>151</ns3:hr>
            <ns3:cad>84</ns3:cad>
          </ns3:TrackPointExtension>
        </extensions>
      </trkpt>
      <trkpt lat="30.27470310218632221221923828125" lon="120.206406600773334503173828125">
        <ele>7.599999904632568359375</ele>
        <time>2026-07-27T12:27:33.000Z</time>
        <extensions>
          <ns3:TrackPointExtension>
            <ns3:hr>151</ns3:hr>
            <ns3:cad>85</ns3:cad>
          </ns3:TrackPointExtension>
        </extensions>
      </trkpt>
      <trkpt lat="30.27469404973089694976806640625" lon="120.2064272202551364898681640625">
        <ele>7.599999904632568359375</ele>
        <time>2026-07-27T12:27:34.000Z</time>
        <extensions>
          <ns3:TrackPointExtension>
            <ns3:hr>151</ns3:hr>
            <ns3:cad>85</ns3:cad>
          </ns3:TrackPointExtension>
        </extensions>
      </trkpt>
      <trkpt lat="30.27468231506645679473876953125" lon="120.206450186669826507568359375">
        <ele>7.599999904632568359375</ele>
        <time>2026-07-27T12:27:35.000Z</time>
        <extensions>
          <ns3:TrackPointExtension>
            <ns3:hr>151</ns3:hr>
            <ns3:cad>84</ns3:cad>
          </ns3:TrackPointExtension>
        </extensions>
      </trkpt>
      <trkpt lat="30.2746730111539363861083984375" lon="120.206472314894199371337890625">
        <ele>7.80000019073486328125</ele>
        <time>2026-07-27T12:27:36.000Z</time>
        <extensions>
          <ns3:TrackPointExtension>
            <ns3:hr>151</ns3:hr>
            <ns3:cad>84</ns3:cad>
          </ns3:TrackPointExtension>
        </extensions>
      </trkpt>
      <trkpt lat="30.27466387487947940826416015625" lon="120.20649687387049198150634765625">
        <ele>7.80000019073486328125</ele>
        <time>2026-07-27T12:27:37.000Z</time>
        <extensions>
          <ns3:TrackPointExtension>
            <ns3:hr>151</ns3:hr>
            <ns3:cad>83</ns3:cad>
          </ns3:TrackPointExtension>
        </extensions>
      </trkpt>
      <trkpt lat="30.2746585942804813385009765625" lon="120.20651916973292827606201171875">
        <ele>7.80000019073486328125</ele>
        <time>2026-07-27T12:27:38.000Z</time>
        <extensions>
          <ns3:TrackPointExtension>
            <ns3:hr>151</ns3:hr>
            <ns3:cad>83</ns3:cad>
          </ns3:TrackPointExtension>
        </extensions>
      </trkpt>
      <trkpt lat="30.27465783990919589996337890625" lon="120.2065425552427768707275390625">
        <ele>7.80000019073486328125</ele>
        <time>2026-07-27T12:27:39.000Z</time>
        <extensions>
          <ns3:TrackPointExtension>
            <ns3:hr>151</ns3:hr>
            <ns3:cad>84</ns3:cad>
          </ns3:TrackPointExtension>
        </extensions>
      </trkpt>
      <trkpt lat="30.27465482242405414581298828125" lon="120.20657080225646495819091796875">
        <ele>7.80000019073486328125</ele>
        <time>2026-07-27T12:27:40.000Z</time>
        <extensions>
          <ns3:TrackPointExtension>
            <ns3:hr>151</ns3:hr>
            <ns3:cad>84</ns3:cad>
          </ns3:TrackPointExtension>
        </extensions>
      </trkpt>
      <trkpt lat="30.27465733699500560760498046875" lon="120.20659125410020351409912109375">
        <ele>7.80000019073486328125</ele>
        <time>2026-07-27T12:27:41.000Z</time>
        <extensions>
          <ns3:TrackPointExtension>
            <ns3:hr>150</ns3:hr>
            <ns3:cad>84</ns3:cad>
          </ns3:TrackPointExtension>
        </extensions>
      </trkpt>
      <trkpt lat="30.27465918101370334625244140625" lon="120.2066176570951938629150390625">
        <ele>7.80000019073486328125</ele>
        <time>2026-07-27T12:27:42.000Z</time>
        <extensions>
          <ns3:TrackPointExtension>
            <ns3:hr>151</ns3:hr>
            <ns3:cad>84</ns3:cad>
          </ns3:TrackPointExtension>
        </extensions>
      </trkpt>
      <trkpt lat="30.27466622181236743927001953125" lon="120.206636600196361541748046875">
        <ele>7.599999904632568359375</ele>
        <time>2026-07-27T12:27:43.000Z</time>
        <extensions>
          <ns3:TrackPointExtension>
            <ns3:hr>151</ns3:hr>
            <ns3:cad>84</ns3:cad>
          </ns3:TrackPointExtension>
        </extensions>
      </trkpt>
      <trkpt lat="30.274672172963619232177734375" lon="120.20665680058300495147705078125">
        <ele>7.599999904632568359375</ele>
        <time>2026-07-27T12:27:44.000Z</time>
        <extensions>
          <ns3:TrackPointExtension>
            <ns3:hr>151</ns3:hr>
            <ns3:cad>84</ns3:cad>
          </ns3:TrackPointExtension>
        </extensions>
      </trkpt>
      <trkpt lat="30.27468114160001277923583984375" lon="120.20668613724410533905029296875">
        <ele>7.599999904632568359375</ele>
        <time>2026-07-27T12:27:45.000Z</time>
        <extensions>
          <ns3:TrackPointExtension>
            <ns3:hr>151</ns3:hr>
            <ns3:cad>84</ns3:cad>
          </ns3:TrackPointExtension>
        </extensions>
      </trkpt>
      <trkpt lat="30.27469522319734096527099609375" lon="120.20670600235462188720703125">
        <ele>7.599999904632568359375</ele>
        <time>2026-07-27T12:27:46.000Z</time>
        <extensions>
          <ns3:TrackPointExtension>
            <ns3:hr>150</ns3:hr>
            <ns3:cad>84</ns3:cad>
          </ns3:TrackPointExtension>
        </extensions>
      </trkpt>
      <trkpt lat="30.27470863424241542816162109375" lon="120.20673743449151515960693359375">
        <ele>7.599999904632568359375</ele>
        <time>2026-07-27T12:27:47.000Z</time>
        <extensions>
          <ns3:TrackPointExtension>
            <ns3:hr>151</ns3:hr>
            <ns3:cad>84</ns3:cad>
          </ns3:TrackPointExtension>
        </extensions>
      </trkpt>
      <trkpt lat="30.27471802197396755218505859375" lon="120.206748582422733306884765625">
        <ele>7.599999904632568359375</ele>
        <time>2026-07-27T12:27:48.000Z</time>
        <extensions>
          <ns3:TrackPointExtension>
            <ns3:hr>151</ns3:hr>
            <ns3:cad>84</ns3:cad>
          </ns3:TrackPointExtension>
        </extensions>
      </trkpt>
      <trkpt lat="30.27473528869450092315673828125" lon="120.2067665196955204010009765625">
        <ele>7.599999904632568359375</ele>
        <time>2026-07-27T12:27:49.000Z</time>
        <extensions>
          <ns3:TrackPointExtension>
            <ns3:hr>151</ns3:hr>
            <ns3:cad>84</ns3:cad>
          </ns3:TrackPointExtension>
        </extensions>
      </trkpt>
      <trkpt lat="30.27474869973957538604736328125" lon="120.206783451139926910400390625">
        <ele>7.599999904632568359375</ele>
        <time>2026-07-27T12:27:50.000Z</time>
        <extensions>
          <ns3:TrackPointExtension>
            <ns3:hr>150</ns3:hr>
            <ns3:cad>84</ns3:cad>
          </ns3:TrackPointExtension>
        </extensions>
      </trkpt>
      <trkpt lat="30.2747632004320621490478515625" lon="120.20679007284343242645263671875">
        <ele>7.599999904632568359375</ele>
        <time>2026-07-27T12:27:51.000Z</time>
        <extensions>
          <ns3:TrackPointExtension>
            <ns3:hr>151</ns3:hr>
            <ns3:cad>84</ns3:cad>
          </ns3:TrackPointExtension>
        </extensions>
      </trkpt>
      <trkpt lat="30.274777449667453765869140625" lon="120.2068097703158855438232421875">
        <ele>7.599999904632568359375</ele>
        <time>2026-07-27T12:27:52.000Z</time>
        <extensions>
          <ns3:TrackPointExtension>
            <ns3:hr>151</ns3:hr>
            <ns3:cad>84</ns3:cad>
          </ns3:TrackPointExtension>
        </extensions>
      </trkpt>
      <trkpt lat="30.27479044161736965179443359375" lon="120.20681488327682018280029296875">
        <ele>7.599999904632568359375</ele>
        <time>2026-07-27T12:27:53.000Z</time>
        <extensions>
          <ns3:TrackPointExtension>
            <ns3:hr>151</ns3:hr>
            <ns3:cad>84</ns3:cad>
          </ns3:TrackPointExtension>
        </extensions>
      </trkpt>
      <trkpt lat="30.274807624518871307373046875" lon="120.20682594738900661468505859375">
        <ele>7.599999904632568359375</ele>
        <time>2026-07-27T12:27:54.000Z</time>
        <extensions>
          <ns3:TrackPointExtension>
            <ns3:hr>151</ns3:hr>
            <ns3:cad>84</ns3:cad>
          </ns3:TrackPointExtension>
        </extensions>
      </trkpt>
      <trkpt lat="30.27482346631586551666259765625" lon="120.206835754215717315673828125">
        <ele>7.599999904632568359375</ele>
        <time>2026-07-27T12:27:55.000Z</time>
        <extensions>
          <ns3:TrackPointExtension>
            <ns3:hr>151</ns3:hr>
            <ns3:cad>84</ns3:cad>
          </ns3:TrackPointExtension>
        </extensions>
      </trkpt>
      <trkpt lat="30.27484157122671604156494140625" lon="120.20683701150119304656982421875">
        <ele>7.599999904632568359375</ele>
        <time>2026-07-27T12:27:56.000Z</time>
        <extensions>
          <ns3:TrackPointExtension>
            <ns3:hr>151</ns3:hr>
            <ns3:cad>85</ns3:cad>
          </ns3:TrackPointExtension>
        </extensions>
      </trkpt>
      <trkpt lat="30.2748654596507549285888671875" lon="120.20684908144176006317138671875">
        <ele>7.599999904632568359375</ele>
        <time>2026-07-27T12:27:57.000Z</time>
        <extensions>
          <ns3:TrackPointExtension>
            <ns3:hr>150</ns3:hr>
            <ns3:cad>85</ns3:cad>
          </ns3:TrackPointExtension>
        </extensions>
      </trkpt>
      <trkpt lat="30.2748859114944934844970703125" lon="120.20684941671788692474365234375">
        <ele>7.599999904632568359375</ele>
        <time>2026-07-27T12:27:58.000Z</time>
        <extensions>
          <ns3:TrackPointExtension>
            <ns3:hr>151</ns3:hr>
            <ns3:cad>85</ns3:cad>
          </ns3:TrackPointExtension>
        </extensions>
      </trkpt>
      <trkpt lat="30.2749087102711200714111328125" lon="120.2068506740033626556396484375">
        <ele>7.599999904632568359375</ele>
        <time>2026-07-27T12:27:59.000Z</time>
        <extensions>
          <ns3:TrackPointExtension>
            <ns3:hr>151</ns3:hr>
            <ns3:cad>85</ns3:cad>
          </ns3:TrackPointExtension>
        </extensions>
      </trkpt>
      <trkpt lat="30.274930335581302642822265625" lon="120.20685092546045780181884765625">
        <ele>7.599999904632568359375</ele>
        <time>2026-07-27T12:28:00.000Z</time>
        <extensions>
          <ns3:TrackPointExtension>
            <ns3:hr>151</ns3:hr>
            <ns3:cad>84</ns3:cad>
          </ns3:TrackPointExtension>
        </extensions>
      </trkpt>
      <trkpt lat="30.2749474346637725830078125" lon="120.20684438757598400115966796875">
        <ele>7.599999904632568359375</ele>
        <time>2026-07-27T12:28:01.000Z</time>
        <extensions>
          <ns3:TrackPointExtension>
            <ns3:hr>150</ns3:hr>
            <ns3:cad>84</ns3:cad>
          </ns3:TrackPointExtension>
        </extensions>
      </trkpt>
      <trkpt lat="30.27496847324073314666748046875" lon="120.206846483051776885986328125">
        <ele>7.599999904632568359375</ele>
        <time>2026-07-27T12:28:02.000Z</time>
        <extensions>
          <ns3:TrackPointExtension>
            <ns3:hr>150</ns3:hr>
            <ns3:cad>83</ns3:cad>
          </ns3:TrackPointExtension>
        </extensions>
      </trkpt>
      <trkpt lat="30.2749854885041713714599609375" lon="120.206842124462127685546875">
        <ele>7.80000019073486328125</ele>
        <time>2026-07-27T12:28:03.000Z</time>
        <extensions>
          <ns3:TrackPointExtension>
            <ns3:hr>150</ns3:hr>
            <ns3:cad>83</ns3:cad>
          </ns3:TrackPointExtension>
        </extensions>
      </trkpt>
      <trkpt lat="30.2750091254711151123046875" lon="120.206838436424732208251953125">
        <ele>7.80000019073486328125</ele>
        <time>2026-07-27T12:28:04.000Z</time>
        <extensions>
          <ns3:TrackPointExtension>
            <ns3:hr>151</ns3:hr>
            <ns3:cad>84</ns3:cad>
          </ns3:TrackPointExtension>
        </extensions>
      </trkpt>
      <trkpt lat="30.27502949349582195281982421875" lon="120.2068340778350830078125">
        <ele>7.599999904632568359375</ele>
        <time>2026-07-27T12:28:05.000Z</time>
        <extensions>
          <ns3:TrackPointExtension>
            <ns3:hr>150</ns3:hr>
            <ns3:cad>84</ns3:cad>
          </ns3:TrackPointExtension>
        </extensions>
      </trkpt>
      <trkpt lat="30.27504709549248218536376953125" lon="120.20682804286479949951171875">
        <ele>7.599999904632568359375</ele>
        <time>2026-07-27T12:28:06.000Z</time>
        <extensions>
          <ns3:TrackPointExtension>
            <ns3:hr>150</ns3:hr>
            <ns3:cad>84</ns3:cad>
          </ns3:TrackPointExtension>
        </extensions>
      </trkpt>
      <trkpt lat="30.275070481002330780029296875" lon="120.20683617331087589263916015625">
        <ele>7.599999904632568359375</ele>
        <time>2026-07-27T12:28:07.000Z</time>
        <extensions>
          <ns3:TrackPointExtension>
            <ns3:hr>151</ns3:hr>
            <ns3:cad>84</ns3:cad>
          </ns3:TrackPointExtension>
        </extensions>
      </trkpt>
      <trkpt lat="30.27508883737027645111083984375" lon="120.2068329043686389923095703125">
        <ele>7.599999904632568359375</ele>
        <time>2026-07-27T12:28:08.000Z</time>
        <extensions>
          <ns3:TrackPointExtension>
            <ns3:hr>150</ns3:hr>
            <ns3:cad>84</ns3:cad>
          </ns3:TrackPointExtension>
        </extensions>
      </trkpt>
      <trkpt lat="30.2751132287085056304931640625" lon="120.20683198235929012298583984375">
        <ele>7.599999904632568359375</ele>
        <time>2026-07-27T12:28:09.000Z</time>
        <extensions>
          <ns3:TrackPointExtension>
            <ns3:hr>150</ns3:hr>
            <ns3:cad>84</ns3:cad>
          </ns3:TrackPointExtension>
        </extensions>
      </trkpt>
      <trkpt lat="30.27513409964740276336669921875" lon="120.20682879723608493804931640625">
        <ele>7.599999904632568359375</ele>
        <time>2026-07-27T12:28:10.000Z</time>
        <extensions>
          <ns3:TrackPointExtension>
            <ns3:hr>151</ns3:hr>
            <ns3:cad>83</ns3:cad>
          </ns3:TrackPointExtension>
        </extensions>
      </trkpt>
      <trkpt lat="30.27515321038663387298583984375" lon="120.2068228460848331451416015625">
        <ele>7.599999904632568359375</ele>
        <time>2026-07-27T12:28:11.000Z</time>
        <extensions>
          <ns3:TrackPointExtension>
            <ns3:hr>150</ns3:hr>
            <ns3:cad>84</ns3:cad>
          </ns3:TrackPointExtension>
        </extensions>
      </trkpt>
      <trkpt lat="30.27517550624907016754150390625" lon="120.20682930015027523040771484375">
        <ele>7.599999904632568359375</ele>
        <time>2026-07-27T12:28:12.000Z</time>
        <extensions>
          <ns3:TrackPointExtension>
            <ns3:hr>150</ns3:hr>
            <ns3:cad>84</ns3:cad>
          </ns3:TrackPointExtension>
        </extensions>
      </trkpt>
      <trkpt lat="30.2751910127699375152587890625" lon="120.206823013722896575927734375">
        <ele>7.599999904632568359375</ele>
        <time>2026-07-27T12:28:13.000Z</time>
        <extensions>
          <ns3:TrackPointExtension>
            <ns3:hr>151</ns3:hr>
            <ns3:cad>84</ns3:cad>
          </ns3:TrackPointExtension>
        </extensions>
      </trkpt>
      <trkpt lat="30.27521188370883464813232421875" lon="120.20682142116129398345947265625">
        <ele>7.599999904632568359375</ele>
        <time>2026-07-27T12:28:14.000Z</time>
        <extensions>
          <ns3:TrackPointExtension>
            <ns3:hr>150</ns3:hr>
            <ns3:cad>84</ns3:cad>
          </ns3:TrackPointExtension>
        </extensions>
      </trkpt>
      <trkpt lat="30.2752295695245265960693359375" lon="120.20681597292423248291015625">
        <ele>7.599999904632568359375</ele>
        <time>2026-07-27T12:28:15.000Z</time>
        <extensions>
          <ns3:TrackPointExtension>
            <ns3:hr>150</ns3:hr>
            <ns3:cad>84</ns3:cad>
          </ns3:TrackPointExtension>
        </extensions>
      </trkpt>
      <trkpt lat="30.2752490155398845672607421875" lon="120.20680801011621952056884765625">
        <ele>7.599999904632568359375</ele>
        <time>2026-07-27T12:28:16.000Z</time>
        <extensions>
          <ns3:TrackPointExtension>
            <ns3:hr>151</ns3:hr>
            <ns3:cad>84</ns3:cad>
          </ns3:TrackPointExtension>
        </extensions>
      </trkpt>
      <trkpt lat="30.2752731554210186004638671875" lon="120.2068166434764862060546875">
        <ele>7.599999904632568359375</ele>
        <time>2026-07-27T12:28:17.000Z</time>
        <extensions>
          <ns3:TrackPointExtension>
            <ns3:hr>150</ns3:hr>
            <ns3:cad>85</ns3:cad>
          </ns3:TrackPointExtension>
        </extensions>
      </trkpt>
      <trkpt lat="30.2752885781228542327880859375" lon="120.2068121172487735748291015625">
        <ele>7.599999904632568359375</ele>
        <time>2026-07-27T12:28:18.000Z</time>
        <extensions>
          <ns3:TrackPointExtension>
            <ns3:hr>150</ns3:hr>
            <ns3:cad>85</ns3:cad>
          </ns3:TrackPointExtension>
        </extensions>
      </trkpt>
      <trkpt lat="30.275313891470432281494140625" lon="120.20681236870586872100830078125">
        <ele>7.599999904632568359375</ele>
        <time>2026-07-27T12:28:19.000Z</time>
        <extensions>
          <ns3:TrackPointExtension>
            <ns3:hr>151</ns3:hr>
            <ns3:cad>84</ns3:cad>
          </ns3:TrackPointExtension>
        </extensions>
      </trkpt>
      <trkpt lat="30.2753331698477268218994140625" lon="120.20680851303040981292724609375">
        <ele>7.599999904632568359375</ele>
        <time>2026-07-27T12:28:20.000Z</time>
        <extensions>
          <ns3:TrackPointExtension>
            <ns3:hr>150</ns3:hr>
            <ns3:cad>84</ns3:cad>
          </ns3:TrackPointExtension>
        </extensions>
      </trkpt>
      <trkpt lat="30.27537466026842594146728515625" lon="120.20680365152657032012939453125">
        <ele>7.599999904632568359375</ele>
        <time>2026-07-27T12:28:21.000Z</time>
        <extensions>
          <ns3:TrackPointExtension>
            <ns3:hr>150</ns3:hr>
            <ns3:cad>84</ns3:cad>
          </ns3:TrackPointExtension>
        </extensions>
      </trkpt>
      <trkpt lat="30.2753935195505619049072265625" lon="120.2067993767559528350830078125">
        <ele>7.599999904632568359375</ele>
        <time>2026-07-27T12:28:22.000Z</time>
        <extensions>
          <ns3:TrackPointExtension>
            <ns3:hr>150</ns3:hr>
            <ns3:cad>84</ns3:cad>
          </ns3:TrackPointExtension>
        </extensions>
      </trkpt>
      <trkpt lat="30.27541321702301502227783203125" lon="120.20679853856563568115234375">
        <ele>7.599999904632568359375</ele>
        <time>2026-07-27T12:28:23.000Z</time>
        <extensions>
          <ns3:TrackPointExtension>
            <ns3:hr>150</ns3:hr>
            <ns3:cad>84</ns3:cad>
          </ns3:TrackPointExtension>
        </extensions>
      </trkpt>
      <trkpt lat="30.275435261428356170654296875" lon="120.2067990414798259735107421875">
        <ele>7.599999904632568359375</ele>
        <time>2026-07-27T12:28:24.000Z</time>
        <extensions>
          <ns3:TrackPointExtension>
            <ns3:hr>150</ns3:hr>
            <ns3:cad>84</ns3:cad>
          </ns3:TrackPointExtension>
        </extensions>
      </trkpt>
      <trkpt lat="30.275458060204982757568359375" lon="120.2067983709275722503662109375">
        <ele>7.599999904632568359375</ele>
        <time>2026-07-27T12:28:25.000Z</time>
        <extensions>
          <ns3:TrackPointExtension>
            <ns3:hr>150</ns3:hr>
            <ns3:cad>85</ns3:cad>
          </ns3:TrackPointExtension>
        </extensions>
      </trkpt>
      <trkpt lat="30.27546954341232776641845703125" lon="120.206800214946269989013671875">
        <ele>7.80000019073486328125</ele>
        <time>2026-07-27T12:28:26.000Z</time>
        <extensions>
          <ns3:TrackPointExtension>
            <ns3:hr>150</ns3:hr>
            <ns3:cad>85</ns3:cad>
          </ns3:TrackPointExtension>
        </extensions>
      </trkpt>
      <trkpt lat="30.2754823677241802215576171875" lon="120.206798203289508819580078125">
        <ele>8</ele>
        <time>2026-07-27T12:28:27.000Z</time>
        <extensions>
          <ns3:TrackPointExtension>
            <ns3:hr>150</ns3:hr>
            <ns3:cad>84</ns3:cad>
          </ns3:TrackPointExtension>
        </extensions>
      </trkpt>
    </trkseg>
  </trk>
</gpx>
